id,date,temperature,average_humidity,average_dewpoint,average_barometer,average_windspeed,average_gustspeed,average_direction,rainfall_month,rainfall_year,maximum_rain_minute,maximum_temperature,minimum_temperature,maximum_humidity,minimum_humidity,maximum_pressure,minimum_pressure,maximum_windspeed,maximum_gust_speed,maximum_heat_index,diff_pressure
0,2022-01-01 00:00:00,37.8,35.0,12.7,29.7,26.4,36.8,274.0,0.0,0.0,0.0,40.0,34.0,4.0,27.0,29.762,29.596,41.4,59.0,40.0,0.16600000000000037
1,2022-01-02 00:00:00,43.2,32.0,14.7,29.5,12.8,18.0,240.0,0.0,0.0,0.0,52.0,37.0,4.0,16.0,29.669,29.268,35.7,51.0,52.0,0.4009999999999998
2,2022-01-03 00:00:00,25.7,60.0,12.7,29.7,8.3,12.2,290.0,0.0,0.0,0.0,41.0,6.0,8.0,35.0,30.232,29.26,25.3,38.0,41.0,0.9719999999999978
3,2022-01-04 00:00:00,9.3,67.0,0.1,30.4,2.9,4.5,47.0,0.0,0.0,0.0,19.0,-0.0,7.0,35.0,30.566,30.227,12.7,20.0,32.0,0.33899999999999864
4,2022-01-05 00:00:00,23.5,30.0,-5.3,29.9,16.7,23.1,265.0,0.0,0.0,0.0,30.0,15.0,5.0,13.0,30.233,29.568,38.0,53.0,32.0,0.6649999999999991
5,2022-01-06 00:00:00,24.8,42.0,4.6,29.8,16.0,23.9,276.0,0.0,0.0,0.0,29.0,19.0,5.0,27.0,29.879,29.637,29.9,48.0,32.0,0.24200000000000088
6,2022-01-07 00:00:00,34.2,60.0,21.6,29.7,20.4,30.0,276.0,0.0,0.0,0.0,39.0,27.0,8.0,46.0,29.86,29.602,38.0,54.0,39.0,0.2579999999999991
7,2022-01-08 00:00:00,42.1,41.0,20.0,29.8,17.5,25.2,265.0,0.0,0.0,0.0,51.0,36.0,5.0,28.0,29.883,29.627,35.7,49.0,51.0,0.2560000000000002
8,2022-01-09 00:00:00,30.3,46.0,11.4,30.0,6.9,10.6,292.0,0.0,0.0,0.0,41.0,19.0,8.0,27.0,30.446,29.575,24.2,36.0,41.0,0.8710000000000022
9,2022-01-10 00:00:00,26.2,38.0,3.6,30.4,18.2,24.6,258.0,0.0,0.0,0.0,31.0,22.0,4.0,29.0,30.489,30.291,31.1,46.0,32.0,0.1980000000000004
10,2022-01-11 00:00:00,30.1,41.0,9.0,30.3,17.0,24.6,270.0,0.0,0.0,0.0,36.0,26.0,5.0,29.0,30.421,30.112,31.1,44.0,36.0,0.30900000000000105
11,2022-01-12 00:00:00,23.4,60.0,11.0,30.3,7.4,11.0,351.0,0.03,0.03,0.0,31.0,16.0,8.0,41.0,30.524,30.012,25.3,33.0,32.0,0.5120000000000005
12,2022-01-13 00:00:00,32.4,47.0,14.6,30.2,16.3,22.6,254.0,0.03,0.03,0.0,38.0,28.0,5.0,34.0,30.34,30.046,32.2,47.0,38.0,0.2940000000000005
13,2022-01-14 00:00:00,33.1,45.0,14.2,30.2,9.9,14.0,259.0,0.03,0.03,0.0,39.0,28.0,5.0,34.0,30.271,30.115,29.9,32.0,39.0,0.15600000000000236
14,2022-01-15 00:00:00,35.7,42.0,14.5,30.3,7.9,11.8,270.0,0.03,0.03,0.0,43.0,27.0,5.0,28.0,30.405,30.201,19.6,26.0,43.0,0.20400000000000063
15,2022-01-16 00:00:00,41.6,28.0,9.7,30.3,11.9,16.7,269.0,0.03,0.03,0.0,53.0,32.0,4.0,14.0,30.432,30.127,26.5,37.0,53.0,0.3049999999999997
16,2022-01-17 00:00:00,40.9,21.0,3.1,30.3,6.7,9.7,276.0,0.03,0.03,0.0,54.0,28.0,2.0,11.0,30.435,30.093,21.9,26.0,54.0,0.34199999999999875
17,2022-01-18 00:00:00,43.4,15.0,-1.7,30.3,9.6,14.7,288.0,0.03,0.03,0.0,52.0,27.0,2.0,8.0,30.425,30.19,24.2,36.0,52.0,0.23499999999999943
18,2022-01-19 00:00:00,46.6,19.0,3.6,30.3,7.0,10.5,293.0,0.03,0.03,0.0,57.0,36.0,3.0,7.0,30.333,30.154,20.7,28.0,57.0,0.1789999999999985
19,2022-01-20 00:00:00,40.0,27.0,-1.0,30.4,4.8,7.4,285.0,0.03,0.03,0.0,61.0,16.0,6.0,4.0,30.607,30.016,18.4,26.0,61.0,0.5910000000000011
20,2022-01-21 00:00:00,48.2,11.0,-4.6,30.0,12.4,16.8,257.0,0.03,0.03,0.0,55.0,41.0,1.0,6.0,30.143,29.871,25.3,35.0,55.0,0.272000000000002
21,2022-01-22 00:00:00,44.8,40.0,20.8,29.9,11.8,16.3,264.0,0.03,0.03,0.0,52.0,38.0,6.0,17.0,29.911,29.784,31.1,44.0,52.0,0.12700000000000244
22,2022-01-23 00:00:00,24.8,81.0,19.6,30.2,3.7,5.3,52.0,0.03,0.03,0.0,38.0,12.0,8.0,63.0,30.473,29.855,12.7,16.0,38.0,0.6179999999999986
23,2022-01-24 00:00:00,35.4,68.0,25.0,30.0,8.2,10.8,281.0,0.09,0.09,0.0,47.0,13.0,9.0,40.0,30.436,29.689,26.5,35.0,47.0,0.7469999999999999
24,2022-01-25 00:00:00,21.0,77.0,14.5,29.9,4.3,6.1,35.0,0.2,0.2,0.0,39.0,5.0,9.0,45.0,30.138,29.652,23.0,26.0,39.0,0.48600000000000065
25,2022-01-26 00:00:00,2.8,73.0,-4.0,30.3,3.9,5.6,51.0,0.2,0.2,0.0,11.0,-3.0,7.0,65.0,30.535,29.879,15.0,20.0,32.0,0.6559999999999988
26,2022-01-27 00:00:00,7.9,51.0,-8.1,30.4,12.7,17.7,263.0,0.2,0.2,0.0,19.0,-11.0,7.0,25.0,30.619,30.131,34.5,47.0,32.0,0.48799999999999955
27,2022-01-28 00:00:00,21.8,43.0,2.6,30.2,19.6,28.0,269.0,0.2,0.2,0.0,27.0,15.0,5.0,31.0,30.25,30.063,43.7,58.0,32.0,0.18700000000000117
28,2022-01-29 00:00:00,22.5,40.0,1.3,30.3,9.4,14.4,267.0,0.2,0.2,0.0,30.0,15.0,5.0,27.0,30.408,30.24,28.8,47.0,32.0,0.1680000000000028
29,2022-01-30 00:00:00,36.0,33.0,9.4,30.3,15.7,21.3,261.0,0.21,0.21,0.0,46.0,27.0,4.0,22.0,30.435,30.102,32.2,44.0,46.0,0.3329999999999984
30,2022-01-31 00:00:00,38.3,22.0,2.7,29.9,15.4,21.4,260.0,0.21,0.21,0.0,45.0,29.0,3.0,14.0,30.136,29.787,32.2,43.0,45.0,0.3490000000000002
31,2022-02-01 00:00:00,30.8,26.0,-1.5,30.1,11.4,17.0,279.0,0.0,0.21,0.0,38.0,25.0,4.0,12.0,30.3,29.826,29.9,41.0,38.0,0.4740000000000002
32,2022-02-02 00:00:00,33.0,33.0,6.3,30.2,16.6,24.4,271.0,0.0,0.21,0.0,40.0,26.0,4.0,25.0,30.24,30.055,29.9,48.0,40.0,0.18499999999999872
33,2022-02-03 00:00:00,38.6,37.0,13.6,30.3,10.3,15.0,275.0,0.0,0.21,0.0,48.0,31.0,5.0,19.0,30.392,30.23,21.9,30.0,48.0,0.16199999999999903
34,2022-02-04 00:00:00,43.3,16.0,-1.0,30.2,7.0,10.1,271.0,0.0,0.21,0.0,55.0,27.0,2.0,7.0,30.45,30.031,21.9,30.0,55.0,0.4190000000000005
35,2022-02-05 00:00:00,45.6,15.0,0.6,30.0,11.1,15.8,270.0,0.0,0.21,0.0,53.0,34.0,2.0,10.0,30.105,29.802,28.8,36.0,53.0,0.3030000000000008
36,2022-02-06 00:00:00,33.4,50.0,14.9,29.9,7.3,10.5,256.0,0.0,0.21,0.0,44.0,20.0,9.0,27.0,30.034,29.667,32.2,47.0,44.0,0.36699999999999733
37,2022-02-07 00:00:00,34.2,56.0,19.4,30.1,4.3,6.9,272.0,0.0,0.21,0.0,43.0,23.0,8.0,35.0,30.258,29.949,18.4,28.0,43.0,0.3089999999999975
38,2022-02-08 00:00:00,31.5,65.0,19.9,29.9,2.0,3.4,39.0,0.0,0.21,0.0,50.0,21.0,8.0,27.0,30.238,29.378,17.3,22.0,50.0,0.8599999999999994
39,2022-02-09 00:00:00,31.2,48.0,13.2,29.4,18.4,25.4,268.0,0.0,0.21,0.0,38.0,26.0,8.0,31.0,29.572,29.28,34.5,49.0,38.0,0.29199999999999804
40,2022-02-10 00:00:00,25.8,56.0,11.3,29.7,3.5,5.4,334.0,0.0,0.21,0.0,33.0,14.0,8.0,36.0,29.997,29.537,18.4,25.0,33.0,0.46000000000000085
41,2022-02-11 00:00:00,23.2,53.0,8.3,30.0,6.4,9.4,267.0,0.01,0.22,0.0,30.0,10.0,7.0,36.0,30.166,29.942,27.6,39.0,32.0,0.2240000000000002
42,2022-02-12 00:00:00,25.9,48.0,7.9,30.1,5.6,8.4,298.0,0.01,0.22,0.0,35.0,11.0,8.0,25.0,30.265,29.911,17.3,26.0,35.0,0.3539999999999992
43,2022-02-13 00:00:00,19.9,77.0,13.8,30.1,2.6,4.4,67.0,0.01,0.22,0.0,29.0,11.0,8.0,54.0,30.276,29.914,11.5,14.0,32.0,0.3619999999999983
44,2022-02-14 00:00:00,20.5,75.0,13.6,30.1,3.6,5.4,266.0,0.03,0.24,0.0,31.0,12.0,8.0,43.0,30.163,29.874,19.6,25.0,32.0,0.2890000000000015
45,2022-02-15 00:00:00,27.8,32.0,-0.0,30.2,13.8,19.7,270.0,0.03,0.24,0.0,35.0,16.0,8.0,17.0,30.286,29.989,32.2,40.0,35.0,0.2970000000000006
46,2022-02-16 00:00:00,38.9,24.0,4.7,29.8,16.5,24.1,277.0,0.03,0.24,0.0,46.0,34.0,4.0,15.0,29.989,29.625,29.9,44.0,46.0,0.36400000000000077
47,2022-02-17 00:00:00,32.5,44.0,12.2,29.6,16.6,22.9,267.0,0.03,0.24,0.0,37.0,26.0,8.0,27.0,29.812,29.473,34.5,48.0,37.0,0.3390000000000022
48,2022-02-18 00:00:00,28.3,42.0,7.5,30.0,10.2,15.1,269.0,0.03,0.24,0.0,35.0,24.0,5.0,26.0,30.252,29.779,24.2,35.0,35.0,0.472999999999999
49,2022-02-19 00:00:00,27.8,37.0,4.3,30.3,14.5,20.0,256.0,0.03,0.24,0.0,34.0,22.0,5.0,23.0,30.354,30.156,27.6,38.0,34.0,0.1980000000000004
50,2022-02-20 00:00:00,27.9,36.0,1.6,30.1,14.8,21.2,273.0,0.03,0.24,0.0,37.0,12.0,8.0,13.0,30.312,29.928,35.7,52.0,37.0,0.38400000000000034
51,2022-02-21 00:00:00,34.7,29.0,3.1,30.2,10.9,15.3,266.0,0.03,0.24,0.0,50.0,8.0,8.0,15.0,30.348,30.089,27.6,36.0,50.0,0.25900000000000034
52,2022-02-22 00:00:00,44.0,18.0,2.1,30.1,8.7,12.4,265.0,0.03,0.24,0.0,54.0,34.0,2.0,10.0,30.281,29.984,24.2,35.0,54.0,0.29699999999999704
53,2022-02-23 00:00:00,44.7,47.0,24.8,29.9,9.7,14.0,266.0,0.03,0.24,0.0,53.0,38.0,6.0,27.0,30.059,29.844,26.5,39.0,53.0,0.21499999999999986
54,2022-02-24 00:00:00,44.4,41.0,21.8,29.8,15.7,22.3,264.0,0.03,0.24,0.0,50.0,37.0,6.0,30.0,29.898,29.73,40.3,51.0,50.0,0.16799999999999926
55,2022-02-25 00:00:00,45.8,32.0,15.6,29.8,10.4,14.8,265.0,0.03,0.24,0.0,56.0,33.0,8.0,13.0,29.957,29.632,25.3,36.0,56.0,0.3249999999999993
56,2022-02-26 00:00:00,35.2,53.0,18.9,29.8,8.4,12.0,268.0,0.03,0.24,0.0,43.0,28.0,8.0,24.0,29.874,29.682,24.2,36.0,43.0,0.19200000000000017
57,2022-02-27 00:00:00,26.7,45.0,6.6,30.0,9.8,14.7,278.0,0.03,0.24,0.0,34.0,18.0,7.0,25.0,30.475,29.753,28.8,47.0,34.0,0.7220000000000013
58,2022-02-28 00:00:00,29.1,27.0,-2.0,30.5,4.6,7.1,349.0,0.03,0.24,0.0,42.0,16.0,5.0,10.0,30.629,30.404,21.9,32.0,42.0,0.22500000000000142
59,2022-03-01 00:00:00,40.6,21.0,-0.3,30.3,7.4,10.6,242.0,0.0,0.24,0.0,58.0,14.0,5.0,9.0,30.534,29.947,23.0,38.0,58.0,0.5869999999999997
60,2022-03-02 00:00:00,54.0,16.0,7.9,29.9,12.0,16.8,260.0,0.0,0.24,0.0,62.0,44.0,2.0,11.0,29.961,29.726,26.5,39.0,62.0,0.23499999999999943
61,2022-03-03 00:00:00,48.7,30.0,17.9,29.8,11.8,16.7,266.0,0.0,0.24,0.0,58.0,31.0,4.0,19.0,29.887,29.705,27.6,43.0,58.0,0.18200000000000216
62,2022-03-04 00:00:00,49.1,20.0,7.4,29.7,11.3,15.6,259.0,0.0,0.24,0.0,58.0,30.0,5.0,9.0,29.878,29.477,27.6,38.0,58.0,0.4009999999999998
63,2022-03-05 00:00:00,38.5,26.0,5.1,29.7,12.8,18.0,266.0,0.0,0.24,0.0,46.0,29.0,4.0,14.0,29.913,29.473,36.8,52.0,46.0,0.4400000000000013
64,2022-03-06 00:00:00,33.1,36.0,8.5,29.9,6.2,9.0,186.0,0.0,0.24,0.0,42.0,25.0,7.0,23.0,29.955,29.77,28.8,36.0,42.0,0.18499999999999872
65,2022-03-07 00:00:00,27.8,66.0,17.0,29.8,5.8,8.4,263.0,0.03,0.27,0.0,38.0,19.0,8.0,35.0,29.952,29.738,27.6,37.0,38.0,0.2140000000000022
66,2022-03-08 00:00:00,36.9,23.0,0.1,29.8,20.9,29.6,274.0,0.03,0.27,0.0,47.0,26.0,4.0,10.0,29.909,29.626,32.2,51.0,47.0,0.2829999999999977
67,2022-03-09 00:00:00,34.1,41.0,9.6,29.7,6.9,11.0,81.0,0.03,0.27,0.0,44.0,16.0,8.0,21.0,29.844,29.542,24.2,40.0,44.0,0.3019999999999996
68,2022-03-10 00:00:00,19.5,51.0,2.0,30.0,12.7,18.5,281.0,0.04,0.28,0.0,26.0,11.0,8.0,22.0,30.271,29.629,38.0,54.0,32.0,0.6419999999999995
69,2022-03-11 00:00:00,29.2,35.0,2.7,30.2,7.6,10.5,35.0,0.04,0.28,0.0,46.0,11.0,6.0,11.0,30.378,30.069,19.6,30.0,46.0,0.30900000000000105
70,2022-03-12 00:00:00,14.7,74.0,7.8,30.2,1.0,2.0,292.0,0.04,0.28,0.0,42.0,11.0,8.0,19.0,30.347,30.127,5.8,8.0,42.0,0.22000000000000242
71,2022-03-16 00:00:00,46.3,22.0,9.5,30.0,12.2,17.0,258.0,0.04,0.28,0.0,57.0,36.0,2.0,15.0,30.076,29.873,24.2,37.0,57.0,0.2029999999999994
72,2022-03-17 00:00:00,48.1,29.0,15.5,30.0,10.0,13.8,260.0,0.04,0.28,0.0,58.0,36.0,5.0,16.0,30.113,29.874,28.8,38.0,58.0,0.23900000000000077
73,2022-03-18 00:00:00,42.3,42.0,19.9,30.1,3.9,5.8,16.0,0.04,0.28,0.0,53.0,29.0,6.0,20.0,30.261,29.967,18.4,22.0,53.0,0.2940000000000005
74,2022-03-19 00:00:00,40.2,50.0,19.7,30.1,3.4,5.1,16.0,0.04,0.28,0.0,59.0,21.0,8.0,17.0,30.345,29.999,21.9,33.0,59.0,0.3460000000000001
75,2022-03-20 00:00:00,41.4,44.0,20.0,30.0,2.7,4.2,329.0,0.04,0.28,0.0,57.0,27.0,6.0,22.0,30.127,29.944,18.4,25.0,57.0,0.18299999999999983
76,2022-03-21 00:00:00,43.3,44.0,17.7,30.0,3.6,5.6,200.0,0.04,0.28,0.0,63.0,22.0,8.0,12.0,30.165,29.725,23.0,31.0,63.0,0.4399999999999977
77,2022-03-22 00:00:00,48.7,29.0,13.4,29.5,8.8,12.7,245.0,0.04,0.28,0.0,63.0,30.0,6.0,8.0,29.754,29.181,29.9,36.0,63.0,0.5730000000000004
78,2022-03-23 00:00:00,35.8,43.0,15.4,29.4,12.0,17.6,276.0,0.04,0.28,0.0,42.0,25.0,6.0,31.0,29.743,29.127,27.6,43.0,42.0,0.6159999999999997
79,2022-03-24 00:00:00,30.7,36.0,6.5,29.9,14.1,20.9,278.0,0.04,0.28,0.0,39.0,25.0,4.0,27.0,29.995,29.686,29.9,45.0,39.0,0.30900000000000105
80,2022-03-25 00:00:00,28.1,47.0,9.8,29.8,6.3,9.4,275.0,0.04,0.28,0.0,34.0,18.0,7.0,28.0,29.923,29.72,21.9,31.0,34.0,0.2029999999999994
81,2022-03-26 00:00:00,16.8,82.0,12.3,30.0,3.0,4.9,71.0,0.04,0.28,0.0,25.0,9.0,8.0,72.0,30.412,29.687,20.7,26.0,32.0,0.7249999999999979
82,2022-03-27 00:00:00,21.1,64.0,9.2,30.2,3.3,5.0,281.0,0.4,0.64,0.0,36.0,6.0,8.0,23.0,30.433,29.987,17.3,26.0,36.0,0.4460000000000015
83,2022-03-28 00:00:00,33.1,37.0,9.3,29.9,11.5,16.7,262.0,0.4,0.64,0.0,43.0,24.0,4.0,23.0,30.017,29.775,27.6,38.0,43.0,0.24200000000000088
84,2022-03-29 00:00:00,40.7,39.0,16.1,29.4,13.4,19.1,265.0,0.4,0.64,0.0,52.0,30.0,8.0,18.0,29.775,29.131,27.6,38.0,52.0,0.6439999999999984
85,2022-03-30 00:00:00,23.3,37.0,0.8,29.7,14.5,20.9,273.0,0.4,0.64,0.0,30.0,18.0,5.0,27.0,30.029,29.314,28.8,41.0,32.0,0.7149999999999999
86,2022-03-31 00:00:00,25.8,40.0,4.5,29.8,16.1,23.2,266.0,0.4,0.64,0.0,33.0,17.0,6.0,27.0,29.977,29.661,38.0,51.0,33.0,0.31599999999999895
87,2022-04-01 00:00:00,24.8,67.0,14.1,29.7,5.9,8.3,263.0,0.0,0.64,0.0,34.0,10.2,87.0,27.0,30.066,29.51,18.4,26.0,34.0,0.5559999999999974
88,2022-04-02 00:00:00,29.1,49.0,11.7,29.9,11.0,15.2,274.0,0.01,0.65,0.0,43.4,10.9,82.0,32.0,30.049,29.616,27.6,44.0,43.4,0.43299999999999983
89,2022-04-03 00:00:00,36.5,60.0,22.8,29.4,6.1,8.2,310.0,0.01,0.65,0.0,46.1,28.7,93.0,30.0,29.616,29.35,24.2,35.0,46.1,0.26599999999999824
90,2022-04-04 00:00:00,25.7,67.0,15.4,29.8,8.5,11.6,10.0,0.24,0.88,0.0,33.7,18.6,93.0,40.0,30.302,29.377,27.6,41.0,33.7,0.9250000000000007
91,2022-04-05 00:00:00,22.0,55.0,7.7,30.5,3.9,5.9,309.0,0.25,0.89,0.0,33.9,9.5,78.0,29.0,30.651,30.27,17.3,24.0,33.9,0.3810000000000002
92,2022-04-06 00:00:00,34.3,30.0,3.8,30.4,6.5,9.8,298.0,0.25,0.89,0.0,49.4,16.4,52.0,13.0,30.6,30.13,21.9,31.0,49.4,0.4700000000000024
93,2022-04-07 00:00:00,45.3,18.0,3.9,30.0,12.5,17.1,250.0,0.25,0.89,0.0,55.3,36.3,31.0,12.0,30.13,29.893,26.5,36.0,55.3,0.23699999999999832
94,2022-04-08 00:00:00,49.6,22.0,11.4,29.5,9.1,13.4,270.0,0.25,0.89,0.0,60.7,35.9,37.0,11.0,29.925,29.277,26.5,41.0,60.7,0.6479999999999997
95,2022-04-09 00:00:00,37.4,47.0,16.3,29.6,10.5,15.0,277.0,0.25,0.89,0.0,49.5,29.1,91.0,21.0,29.905,29.32,34.5,43.0,49.5,0.5850000000000009
96,2022-04-10 00:00:00,35.9,73.0,27.2,30.0,2.0,3.6,66.0,0.3,0.94,0.0,49.9,26.4,92.0,40.0,30.072,29.851,10.4,20.0,49.9,0.22100000000000009
97,2022-04-11 00:00:00,35.0,77.0,28.2,29.8,1.7,2.8,340.0,0.31,0.95,0.0,49.9,25.6,89.0,46.0,29.982,29.717,8.1,13.0,49.9,0.26500000000000057
98,2022-04-12 00:00:00,34.9,82.0,29.7,29.9,3.8,5.5,8.0,0.41,1.05,0.0,45.2,27.8,92.0,55.0,30.093,29.767,18.4,26.0,45.2,0.3260000000000005
99,2022-04-13 00:00:00,42.7,45.0,20.7,29.9,7.1,10.3,267.0,0.41,1.05,0.0,55.7,26.0,91.0,21.0,30.142,29.783,25.3,33.0,55.7,0.3589999999999982
100,2022-04-14 00:00:00,41.9,52.0,24.0,29.8,2.0,3.4,239.0,0.41,1.05,0.0,55.8,29.1,76.0,25.0,29.893,29.625,20.7,28.0,55.8,0.2680000000000007
101,2022-04-15 00:00:00,43.4,54.0,25.3,29.6,2.8,4.5,61.0,0.41,1.05,0.0,58.6,26.6,85.0,21.0,29.682,29.497,18.4,26.0,58.6,0.18499999999999872
102,2022-04-16 00:00:00,32.1,91.0,29.8,29.9,2.3,3.6,59.0,0.48,1.12,0.0,37.9,26.7,94.0,80.0,30.13,29.564,13.8,20.0,37.9,0.565999999999999
103,2022-04-17 00:00:00,30.8,92.0,28.8,30.1,0.0,0.0,50.0,0.55,1.19,0.0,32.4,29.4,94.0,90.0,30.195,30.088,0.0,0.0,32.4,0.10699999999999932
104,2022-04-18 00:00:00,33.5,87.0,29.9,30.2,1.1,1.7,149.0,1.24,1.88,0.0,43.8,26.6,93.0,57.0,30.355,30.109,12.7,21.0,43.8,0.24599999999999866
105,2022-04-19 00:00:00,37.4,58.0,22.0,30.4,4.5,6.5,263.0,1.3,1.94,0.0,50.8,18.4,91.0,30.0,30.553,30.143,18.4,24.0,50.8,0.41000000000000014
106,2022-04-20 00:00:00,47.3,38.0,22.4,30.1,7.9,11.1,258.0,1.3,1.94,0.0,57.8,36.5,56.0,25.0,30.196,30.006,21.9,33.0,57.8,0.19000000000000128
107,2022-04-21 00:00:00,51.7,35.0,23.2,30.0,6.8,10.0,269.0,1.3,1.94,0.0,64.2,37.2,68.0,18.0,30.139,29.872,21.9,26.0,64.2,0.26699999999999946
108,2022-04-22 00:00:00,47.0,48.0,25.6,29.9,5.5,7.8,256.0,1.3,1.94,0.0,62.1,30.0,83.0,17.0,29.992,29.759,26.5,35.0,62.1,0.23300000000000054
109,2022-04-23 00:00:00,52.1,35.0,21.6,29.7,5.6,8.0,256.0,1.3,1.94,0.0,67.9,33.1,70.0,12.0,29.856,29.496,31.1,49.0,74.1,0.360000000000003
110,2022-04-24 00:00:00,53.1,38.0,24.8,29.5,11.3,14.7,296.0,1.3,1.94,0.0,64.7,40.2,76.0,18.0,29.637,29.363,27.6,39.0,72.8,0.2740000000000009
111,2022-04-25 00:00:00,34.7,90.0,31.9,29.8,2.2,3.8,69.0,1.42,2.06,0.0,40.1,32.6,93.0,77.0,29.907,29.628,8.1,12.0,40.1,0.2789999999999999
112,2022-04-26 00:00:00,37.1,60.0,23.5,29.8,10.0,14.4,270.0,1.58,2.22,0.0,44.3,30.3,94.0,35.0,29.923,29.654,26.5,40.0,44.3,0.26899999999999835
113,2022-04-27 00:00:00,31.2,80.0,25.1,30.1,4.1,6.4,112.0,1.8,2.44,0.0,39.8,25.4,92.0,35.0,30.221,29.925,19.6,25.0,39.8,0.2959999999999994
114,2022-04-28 00:00:00,43.5,60.0,29.2,29.9,4.0,6.2,52.0,1.8,2.44,0.0,60.9,26.4,89.0,23.0,30.172,29.733,19.6,29.0,60.9,0.43900000000000006
115,2022-04-29 00:00:00,52.7,30.0,19.6,29.7,8.1,11.3,245.0,1.8,2.44,0.0,65.0,37.6,65.0,9.0,29.885,29.628,24.2,33.0,69.4,0.25700000000000145
116,2022-04-30 00:00:00,42.9,63.0,30.7,29.9,3.6,5.7,52.0,1.8,2.44,0.0,53.1,29.4,79.0,41.0,29.983,29.882,12.7,18.0,53.1,0.10099999999999909
117,2022-05-01 00:00:00,37.2,87.0,33.6,30.1,4.0,5.7,50.0,0.07,2.51,0.0,43.8,33.4,94.0,73.0,30.157,29.95,13.8,18.0,43.8,0.20700000000000074
118,2022-05-02 00:00:00,37.7,89.0,34.5,29.9,2.8,4.0,51.0,0.35,2.79,0.0,48.5,32.9,94.0,66.0,30.114,29.759,12.7,16.0,48.5,0.3550000000000004
119,2022-05-03 00:00:00,42.1,69.0,31.1,29.9,5.7,7.9,304.0,0.41,2.85,0.0,53.4,32.7,94.0,36.0,30.052,29.844,19.6,28.0,53.4,0.2079999999999984
120,2022-05-04 00:00:00,46.3,50.0,27.1,29.8,8.5,12.4,263.0,0.41,2.85,0.0,56.9,36.9,88.0,22.0,29.882,29.753,24.2,36.0,56.9,0.12900000000000134
121,2022-05-05 00:00:00,48.9,51.0,31.0,29.7,7.6,11.3,269.0,0.49,2.93,0.0,58.3,39.8,87.0,31.0,29.835,29.648,29.9,39.0,58.3,0.18700000000000117
122,2022-05-06 00:00:00,54.4,37.0,25.3,29.8,8.7,12.7,265.0,0.49,2.93,0.0,68.9,37.3,85.0,15.0,29.844,29.641,27.6,40.0,74.5,0.20300000000000296
123,2022-05-07 00:00:00,57.3,30.0,24.6,29.6,7.1,10.8,273.0,0.49,2.93,0.0,69.9,44.5,50.0,14.0,29.745,29.549,29.9,46.0,74.9,0.1960000000000015
124,2022-05-08 00:00:00,47.1,34.0,18.8,29.8,8.4,13.0,286.0,0.49,2.93,0.0,55.6,37.5,52.0,15.0,30.154,29.619,26.5,35.0,55.6,0.5350000000000001
125,2022-05-09 00:00:00,42.7,54.0,26.4,30.0,3.5,5.7,69.0,0.61,3.05,0.0,55.1,32.2,90.0,33.0,30.145,29.982,17.3,26.0,55.1,0.16300000000000026
126,2022-05-10 00:00:00,38.0,87.0,34.4,30.1,2.6,4.1,68.0,0.8,3.24,0.0,43.6,32.9,93.0,72.0,30.193,30.045,10.4,14.0,43.6,0.1479999999999997
127,2022-05-11 00:00:00,51.1,59.0,33.4,29.9,3.0,5.0,26.0,0.8,3.24,0.0,70.3,31.9,92.0,13.0,30.145,29.644,15.0,26.0,78.5,0.5010000000000012
128,2022-05-12 00:00:00,57.8,38.0,27.5,29.5,10.3,15.0,266.0,0.8,3.24,0.0,71.6,40.6,79.0,12.0,29.681,29.311,32.2,45.0,76.2,0.370000000000001
129,2022-05-13 00:00:00,51.6,23.0,14.1,29.7,11.2,16.0,265.0,0.8,3.24,0.0,59.9,41.8,31.0,13.0,30.022,29.346,29.9,43.0,59.9,0.6759999999999984
130,2022-05-14 00:00:00,50.8,32.0,19.5,29.8,5.4,8.3,291.0,0.8,3.24,0.0,67.8,30.4,60.0,16.0,30.023,29.673,26.5,35.0,74.2,0.3500000000000014
131,2022-05-15 00:00:00,52.6,40.0,27.1,29.8,10.1,13.3,340.0,0.8,3.24,0.0,63.4,41.3,62.0,15.0,30.034,29.617,27.6,40.0,63.4,0.41699999999999804
132,2022-05-16 00:00:00,47.9,57.0,33.0,30.1,4.4,6.4,65.0,0.8,3.24,0.0,60.7,36.2,80.0,35.0,30.246,30.022,15.0,20.0,60.7,0.2240000000000002
133,2022-05-17 00:00:00,54.2,44.0,28.1,30.1,3.1,27.7,10.0,0.8,3.24,0.0,71.3,32.5,83.0,16.0,30.281,29.945,11.5,255.0,75.9,0.3359999999999985
134,2022-05-18 00:00:00,60.4,35.0,27.3,30.0,2.1,45.2,80.0,0.8,3.24,0.0,79.0,36.0,74.0,9.0,30.239,29.644,16.1,255.0,77.6,0.5950000000000024
135,2022-05-19 00:00:00,61.9,32.0,28.8,29.7,7.7,65.8,304.0,0.8,3.24,0.0,76.7,46.0,55.0,15.0,29.964,29.471,19.6,255.0,78.0,0.49299999999999855
136,2022-05-20 00:00:00,62.5,35.0,33.4,29.7,9.9,61.1,283.0,0.8,3.24,0.0,69.4,54.4,52.0,24.0,29.763,29.555,27.6,255.0,77.0,0.20800000000000196
137,2022-05-21 00:00:00,50.6,72.0,41.5,29.9,3.2,13.8,69.0,0.8,3.24,0.0,55.7,45.1,93.0,45.0,30.048,29.747,13.8,255.0,55.7,0.3009999999999984
138,2022-05-22 00:00:00,53.7,67.0,40.9,29.9,5.0,98.1,20.0,0.86,3.3,0.0,66.6,37.2,94.0,38.0,30.117,29.711,18.4,255.0,79.0,0.40600000000000236
139,2022-05-23 00:00:00,48.9,83.0,43.9,30.0,2.4,3.6,50.0,1.07,3.51,0.0,53.5,43.3,93.0,69.0,30.052,29.711,8.1,12.0,53.5,0.3410000000000011
140,2022-05-24 00:00:00,50.7,80.0,44.6,29.8,1.6,2.8,358.0,1.16,3.6,0.0,61.0,43.3,93.0,59.0,29.938,29.707,9.2,17.0,61.0,0.2309999999999981
141,2022-05-25 00:00:00,50.1,68.0,39.2,29.8,6.8,9.4,300.0,1.53,3.97,0.0,59.5,43.2,92.0,43.0,29.871,29.675,18.4,28.0,59.5,0.19599999999999795
142,2022-05-26 00:00:00,46.5,74.0,38.0,29.9,3.2,4.8,40.0,1.6,4.04,0.0,55.7,39.2,92.0,44.0,30.007,29.865,16.1,26.0,55.7,0.142000000000003
143,2022-05-27 00:00:00,48.8,60.0,32.8,30.0,3.4,5.1,338.0,1.62,4.06,0.0,65.8,30.4,93.0,21.0,30.112,29.872,26.5,74.0,76.0,0.23999999999999844
144,2022-05-28 00:00:00,49.7,60.0,34.6,30.0,2.9,4.3,19.0,1.66,4.1,0.0,66.4,33.2,90.0,23.0,30.186,29.922,16.1,21.0,76.9,0.26399999999999935
145,2022-05-29 00:00:00,53.1,56.0,35.2,30.1,3.1,4.8,349.0,1.66,4.1,0.0,70.4,34.3,89.0,22.0,30.211,29.925,21.9,30.0,79.0,0.2859999999999978
146,2022-05-30 00:00:00,53.9,58.0,38.3,29.9,3.1,5.0,287.0,1.68,4.12,0.0,67.8,42.6,78.0,27.0,30.048,29.829,17.3,26.0,79.1,0.21899999999999764
147,2022-05-31 00:00:00,56.3,52.0,37.8,29.8,6.0,8.6,277.0,1.68,4.12,0.0,69.9,46.3,78.0,24.0,29.864,29.683,18.4,25.0,79.0,0.18100000000000094
148,2022-06-01 00:00:00,50.6,77.0,43.3,29.8,2.3,3.4,301.0,0.13,4.28,0.0,61.2,41.6,92.0,51.0,29.95,29.731,13.8,21.0,61.2,0.21899999999999764
149,2022-06-02 00:00:00,42.2,88.0,38.9,30.1,3.4,5.3,75.0,0.24,4.39,0.0,48.0,39.2,93.0,72.0,30.3,29.829,13.8,20.0,48.0,0.4710000000000001
150,2022-06-03 00:00:00,48.3,75.0,40.4,30.1,4.7,6.5,43.0,0.26,4.41,0.0,62.9,39.6,91.0,39.0,30.244,29.942,19.6,28.0,62.9,0.3019999999999996
151,2022-06-04 00:00:00,57.1,51.0,35.2,29.9,4.9,7.8,300.0,0.26,4.41,0.0,71.6,40.3,84.0,14.0,30.088,29.811,20.7,30.0,78.3,0.277000000000001
152,2022-06-05 00:00:00,56.5,53.0,35.9,29.7,4.8,7.3,251.0,0.26,4.41,0.0,71.5,40.1,89.0,17.0,29.887,29.388,25.3,30.0,79.1,0.4989999999999988
153,2022-06-06 00:00:00,59.0,23.0,20.7,29.5,14.4,20.3,266.0,0.27,4.42,0.0,66.8,46.0,46.0,14.0,29.594,29.392,31.1,43.0,73.1,0.20220000000000173
154,2022-06-07 00:00:00,48.4,47.0,27.2,29.7,6.9,10.1,265.0,0.27,4.42,0.0,61.0,33.4,78.0,20.0,29.831,29.526,35.7,46.0,61.0,0.3049999999999997
155,2022-06-08 00:00:00,47.8,75.0,39.9,29.8,4.6,6.5,32.0,0.33,4.48,0.0,59.3,38.5,91.0,36.0,29.879,29.74,17.3,24.0,59.3,0.1390000000000029
156,2022-06-09 00:00:00,50.9,65.0,37.7,29.8,4.3,6.4,278.0,0.33,4.48,0.0,62.6,40.5,93.0,27.0,29.829,29.708,21.9,29.0,62.6,0.12100000000000222
157,2022-06-10 00:00:00,51.3,69.0,40.0,29.7,4.8,7.2,32.0,0.64,4.79,0.0,61.8,43.1,92.0,29.0,29.82,29.623,16.1,22.0,61.8,0.19699999999999918
158,2022-06-11 00:00:00,48.9,72.0,39.3,29.8,5.3,7.5,258.0,0.75,4.9,0.0,60.2,41.1,93.0,37.0,29.893,29.699,21.9,31.0,60.2,0.19399999999999906
159,2022-06-12 00:00:00,49.3,70.0,39.1,29.9,3.7,5.7,350.0,0.8,4.95,0.0,60.4,36.5,93.0,37.0,29.989,29.798,24.2,31.0,60.4,0.1910000000000025
160,2022-06-13 00:00:00,55.4,56.0,38.7,29.8,3.6,5.6,294.0,0.8,4.95,0.0,68.6,42.0,85.0,20.0,30.014,29.666,18.4,26.0,79.1,0.347999999999999
161,2022-06-14 00:00:00,55.1,52.0,36.1,29.7,4.4,6.8,174.0,0.81,4.96,0.0,68.3,40.5,82.0,18.0,29.89,29.658,21.9,28.0,78.9,0.23199999999999932
162,2022-06-15 00:00:00,49.9,68.0,38.3,29.8,4.4,6.7,272.0,0.92,5.07,0.0,63.1,38.6,93.0,32.0,29.931,29.703,28.8,36.0,63.1,0.22800000000000153
163,2022-06-16 00:00:00,51.3,66.0,37.3,29.9,3.1,4.7,300.0,0.93,5.08,0.0,73.9,34.7,93.0,18.0,29.981,29.76,20.7,29.0,78.7,0.22100000000000009
164,2022-06-17 00:00:00,57.3,50.0,35.6,29.7,4.6,7.1,277.0,0.93,5.08,0.0,73.2,39.6,87.0,18.0,29.908,29.573,20.7,26.0,79.1,0.33500000000000085
165,2022-06-18 00:00:00,58.7,39.0,32.4,29.6,7.0,10.4,266.0,0.93,5.08,0.0,71.3,42.3,69.0,19.0,29.711,29.546,25.3,32.0,78.6,0.16499999999999915
166,2022-06-19 00:00:00,58.1,44.0,35.8,29.7,5.2,8.1,255.0,0.93,5.08,0.0,68.4,46.7,61.0,27.0,29.78,29.599,21.9,31.0,78.7,0.18100000000000094
167,2022-06-20 00:00:00,54.5,70.0,44.6,29.6,2.2,3.6,248.0,0.98,5.13,0.0,64.3,46.1,92.0,49.0,29.739,29.543,18.4,21.0,64.3,0.1960000000000015
168,2022-06-21 00:00:00,61.4,41.0,36.0,29.6,8.2,11.5,243.0,0.98,5.13,0.0,73.7,49.9,75.0,19.0,29.69,29.511,27.6,36.0,79.0,0.17900000000000205
169,2022-06-22 00:00:00,61.2,52.0,38.9,29.7,5.2,7.7,208.0,0.98,5.13,0.0,77.0,39.8,89.0,14.0,29.819,29.609,26.5,37.0,79.0,0.2099999999999973
170,2022-06-23 00:00:00,60.0,60.0,43.1,29.8,3.5,4.9,64.0,1.01,5.16,0.0,76.5,41.1,93.0,22.0,29.895,29.66,19.6,25.0,79.1,0.23499999999999943
171,2022-06-24 00:00:00,62.8,53.0,42.9,29.9,4.3,5.6,26.0,1.01,5.16,0.0,78.6,42.8,88.0,19.0,29.958,29.774,13.8,20.0,79.1,0.1839999999999975
172,2022-06-25 00:00:00,61.0,66.0,48.5,29.8,4.9,5.6,4.0,1.3,5.45,0.0,78.1,47.3,88.0,31.0,29.944,29.683,13.8,20.0,78.7,0.26099999999999923
173,2022-06-26 00:00:00,61.1,62.0,46.7,29.7,5.9,6.7,334.0,1.42,5.57,0.0,75.0,49.5,92.0,32.0,29.804,29.572,19.6,25.0,79.1,0.23199999999999932
174,2022-06-27 00:00:00,63.9,43.0,39.0,29.9,8.5,8.6,357.0,1.42,5.57,0.0,76.1,53.6,70.0,14.0,30.001,29.697,18.4,26.0,79.0,0.30400000000000205
175,2022-06-28 00:00:00,62.0,56.0,43.6,29.9,7.0,8.3,22.0,1.42,5.57,0.0,75.3,42.8,92.0,27.0,30.049,29.78,13.8,20.0,78.6,0.26899999999999835
176,2022-06-29 00:00:00,62.5,49.0,39.7,29.8,4.7,5.7,21.0,1.43,5.58,0.0,78.8,43.2,86.0,16.0,29.947,29.731,20.7,29.0,79.0,0.21599999999999753
177,2022-06-30 00:00:00,63.0,37.0,31.5,29.8,3.9,5.1,25.0,1.43,5.58,0.0,81.2,40.6,74.0,11.0,29.93,29.689,16.1,24.0,79.1,0.24099999999999966
178,2022-07-01 00:00:00,62.0,46.0,37.5,29.8,4.9,6.0,359.0,0.04,5.61,0.0,79.2,41.2,91.0,15.0,29.881,29.686,24.2,30.0,79.2,0.19500000000000028
179,2022-07-02 00:00:00,58.8,75.0,50.0,29.9,4.6,4.6,0.0,0.29,5.86,0.0,75.8,44.9,94.0,41.0,30.09,29.79,11.5,12.0,78.2,0.3000000000000007
180,2022-07-03 00:00:00,60.9,68.0,49.1,29.9,5.2,5.8,334.0,0.39,5.96,0.0,73.1,53.2,92.0,39.0,29.948,29.773,19.6,26.0,78.9,0.1750000000000007
181,2022-07-04 00:00:00,56.2,79.0,49.7,30.0,4.8,5.3,12.0,0.78,6.36,0.0,66.8,45.7,92.0,58.0,30.078,29.858,13.8,20.0,77.3,0.21999999999999886
182,2022-07-05 00:00:00,55.7,75.0,47.1,30.0,4.0,5.1,36.0,0.78,6.36,0.0,69.3,41.6,95.0,47.0,30.115,29.845,17.3,25.0,78.2,0.2699999999999996
183,2022-07-06 00:00:00,59.2,56.0,40.5,29.8,5.1,6.7,348.0,0.78,6.36,0.0,74.0,41.2,94.0,20.0,29.995,29.654,26.5,33.0,79.1,0.3410000000000011
184,2022-07-07 00:00:00,62.5,51.0,40.0,29.7,4.6,5.8,337.0,0.78,6.36,0.0,81.4,42.2,82.0,13.0,29.831,29.605,18.4,28.0,79.3,0.2259999999999991
185,2022-07-08 00:00:00,65.5,43.0,34.8,29.7,8.7,10.1,315.0,0.78,6.36,0.0,80.5,44.8,93.0,12.0,29.768,29.564,25.3,32.0,78.7,0.20400000000000063
186,2022-07-09 00:00:00,60.4,55.0,43.1,29.8,9.8,10.1,4.0,0.78,6.36,0.0,75.8,40.9,86.0,28.0,29.834,29.678,15.0,20.0,78.2,0.1559999999999988
187,2022-07-10 00:00:00,61.8,55.0,40.2,29.9,7.6,8.1,358.0,0.78,6.36,0.0,81.1,42.8,87.0,13.0,30.016,29.819,16.1,26.0,79.1,0.19699999999999918
188,2022-07-11 00:00:00,66.1,49.0,41.9,29.9,5.0,6.0,10.0,0.78,6.36,0.0,85.3,46.7,87.0,14.0,30.109,29.792,18.4,24.0,82.2,0.31700000000000017
189,2022-07-12 00:00:00,67.1,43.0,42.4,29.9,8.1,8.1,358.0,0.78,6.36,0.0,78.1,53.2,74.0,27.0,29.966,29.768,11.5,12.0,79.1,0.1980000000000004
190,2022-07-13 00:00:00,63.5,54.0,42.7,29.8,10.9,12.0,344.0,0.8,6.38,0.0,82.6,43.8,88.0,21.0,29.992,29.623,17.3,25.0,80.3,0.3689999999999998
191,2022-07-14 00:00:00,68.1,35.0,35.8,29.7,12.7,12.7,0.0,0.81,6.39,0.0,81.4,50.4,69.0,13.0,29.865,29.605,12.7,13.0,79.3,0.259999999999998
192,2022-07-15 00:00:00,64.9,37.0,31.9,29.9,12.7,12.7,0.0,0.81,6.39,0.0,81.7,42.5,77.0,9.0,29.972,29.839,12.7,13.0,79.3,0.13300000000000267
193,2022-07-16 00:00:00,64.0,34.0,31.6,29.9,7.7,8.0,358.0,0.81,6.39,0.0,80.7,42.2,67.0,10.0,30.031,29.832,15.0,20.0,79.0,0.19899999999999807
194,2022-07-17 00:00:00,63.0,38.0,34.6,30.0,3.3,3.7,7.0,0.81,6.39,0.0,78.3,42.8,67.0,13.0,30.063,29.905,17.3,24.0,79.1,0.1579999999999977
195,2022-07-18 00:00:00,61.2,58.0,44.6,30.0,7.5,7.6,2.0,0.81,6.39,0.0,76.7,42.9,88.0,30.0,30.127,29.924,10.4,13.0,79.1,0.2029999999999994
196,2022-07-19 00:00:00,66.4,43.0,37.9,29.9,3.8,3.8,360.0,0.81,6.39,0.0,84.7,43.8,87.0,14.0,29.996,29.678,10.4,10.0,81.7,0.31799999999999784
197,2022-07-20 00:00:00,70.0,34.0,38.6,29.7,4.5,5.9,334.0,0.81,6.39,0.0,82.4,58.1,80.0,14.0,29.881,29.595,18.4,26.0,80.0,0.28600000000000136
198,2022-07-21 00:00:00,59.5,74.0,50.5,29.9,2.6,3.1,39.0,0.82,6.4,0.0,70.3,52.8,89.0,47.0,29.927,29.811,11.5,17.0,78.1,0.11599999999999966
199,2022-07-22 00:00:00,59.9,64.0,46.1,29.9,3.9,4.5,18.0,1.18,6.76,0.0,77.7,44.9,91.0,21.0,30.011,29.772,17.3,20.0,78.7,0.23900000000000077
200,2022-07-23 00:00:00,63.5,51.0,42.3,29.9,4.1,5.1,26.0,1.25,6.83,0.0,80.1,45.2,86.0,20.0,30.015,29.724,18.4,26.0,79.1,0.29100000000000037
201,2022-07-24 00:00:00,65.5,44.0,38.5,29.8,6.4,7.3,7.0,1.25,6.83,0.0,84.5,44.1,77.0,14.0,29.919,29.693,17.3,24.0,81.6,0.2259999999999991
202,2022-07-25 00:00:00,59.3,72.0,49.6,29.9,7.4,7.9,11.0,1.7,7.28,0.0,72.5,48.0,93.0,51.0,30.075,29.787,17.3,20.0,78.2,0.28800000000000026
203,2022-07-26 00:00:00,60.1,73.0,50.3,30.0,5.1,5.8,1.0,1.7,7.28,0.0,74.0,49.6,95.0,39.0,30.081,29.885,12.7,17.0,78.0,0.19599999999999795
204,2022-07-27 00:00:00,56.9,72.0,47.0,30.0,4.5,5.1,13.0,1.88,7.46,0.0,73.3,44.5,93.0,42.0,30.119,29.838,20.7,21.0,78.4,0.2809999999999988
205,2022-07-28 00:00:00,53.6,81.0,47.4,29.9,3.5,3.9,19.0,2.01,7.59,0.0,62.3,43.2,94.0,62.0,29.982,29.817,13.8,18.0,62.3,0.16499999999999915
206,2022-07-29 00:00:00,49.8,88.0,46.3,29.9,4.8,5.1,19.0,2.25,7.83,0.0,59.8,43.6,94.0,64.0,30.028,29.797,12.7,16.0,59.8,0.2309999999999981
207,2022-07-30 00:00:00,48.1,86.0,43.9,30.0,5.1,5.3,6.0,2.35,7.93,0.0,55.9,42.8,94.0,67.0,30.115,29.963,12.7,17.0,55.9,0.15199999999999747
208,2022-07-31 00:00:00,55.0,66.0,41.1,29.9,5.8,7.1,338.0,2.37,7.95,0.0,72.5,39.3,95.0,24.0,30.075,29.826,24.2,26.0,79.0,0.24899999999999878
209,2022-08-01 00:00:00,57.5,64.0,43.5,30.0,4.9,6.2,14.0,0.01,7.95,0.0,73.5,38.6,94.0,22.0,30.153,29.897,17.3,26.0,79.2,0.2560000000000002
210,2022-08-02 00:00:00,65.3,39.0,34.5,29.8,5.5,7.5,322.0,0.01,7.95,0.0,82.2,43.3,82.0,13.0,29.938,29.659,19.6,26.0,79.8,0.2789999999999999
211,2022-08-03 00:00:00,64.4,38.0,34.4,29.8,6.0,7.6,333.0,0.01,7.95,0.0,82.4,44.6,72.0,13.0,29.881,29.716,18.4,26.0,80.0,0.16499999999999915
212,2022-08-04 00:00:00,61.9,51.0,40.7,29.9,5.3,6.2,4.0,0.06,8.0,0.0,81.6,44.9,74.0,15.0,29.971,29.81,16.1,22.0,79.5,0.16100000000000136
213,2022-08-05 00:00:00,62.0,56.0,44.6,29.9,7.4,8.5,23.0,0.3,8.24,0.0,78.1,43.6,89.0,24.0,30.123,29.792,15.0,20.0,78.9,0.3309999999999995
214,2022-08-06 00:00:00,61.2,73.0,50.7,29.8,9.8,10.5,0.0,0.3,8.24,0.0,80.5,50.1,93.0,27.0,29.876,29.647,16.1,22.0,79.4,0.22900000000000276
215,2022-08-07 00:00:00,65.2,48.0,41.3,29.6,8.4,24.5,319.0,0.3,8.24,0.0,80.3,48.0,94.0,13.0,29.686,29.397,25.3,255.0,78.9,0.2890000000000015
216,2022-08-08 00:00:00,63.6,30.0,29.0,29.6,5.6,55.9,321.0,0.3,8.24,0.0,73.0,44.8,62.0,11.0,29.783,29.314,21.9,255.0,77.7,0.4690000000000012
217,2022-08-09 00:00:00,58.0,53.0,39.2,29.9,6.1,7.5,350.0,0.3,8.24,0.0,73.7,41.9,79.0,17.0,29.968,29.75,21.9,26.0,79.1,0.21799999999999997
218,2022-08-10 00:00:00,60.5,57.0,43.2,30.0,4.3,5.3,26.0,0.3,8.24,0.0,72.6,45.5,91.0,20.0,30.047,29.869,11.5,17.0,78.9,0.17800000000000082
219,2022-08-11 00:00:00,61.1,41.0,33.7,30.0,5.6,6.4,6.0,0.3,8.24,0.0,79.0,39.6,76.0,14.0,30.152,29.912,15.0,21.0,78.0,0.240000000000002
220,2022-08-12 00:00:00,64.5,31.0,27.9,29.9,6.0,7.5,340.0,0.3,8.24,0.0,84.7,41.3,64.0,9.0,30.067,29.789,18.4,25.0,81.7,0.2779999999999987
221,2022-08-13 00:00:00,63.1,35.0,33.4,29.8,2.1,2.9,36.0,0.3,8.24,0.0,81.4,43.6,62.0,15.0,29.934,29.653,11.5,17.0,79.3,0.28100000000000236
222,2022-08-14 00:00:00,62.3,53.0,44.5,29.7,1.6,2.0,8.0,0.36,8.3,0.0,68.9,55.8,82.0,38.0,29.787,29.586,11.5,22.0,79.1,0.2022000000000005
223,2022-08-15 00:00:00,61.2,41.0,36.9,29.7,6.0,7.1,310.0,0.37,8.31,0.0,73.2,51.1,58.0,22.0,29.771,29.555,21.9,32.0,79.0,0.21600000000000108
224,2022-08-16 00:00:00,54.8,48.0,34.5,29.9,5.6,7.2,20.0,0.37,8.31,0.0,69.4,41.1,65.0,17.0,29.936,29.752,21.9,30.0,78.4,0.18400000000000105
225,2022-08-17 00:00:00,51.7,67.0,39.8,30.0,3.3,4.3,36.0,0.4,8.34,0.0,67.8,34.6,89.0,31.0,30.143,29.915,17.3,21.0,78.8,0.22800000000000153
226,2022-08-18 00:00:00,56.3,53.0,35.3,29.9,5.5,6.5,355.0,0.4,8.34,0.0,71.7,38.2,93.0,19.0,30.107,29.695,18.4,26.0,79.1,0.41199999999999903
227,2022-08-19 00:00:00,60.1,36.0,31.1,29.7,8.4,10.6,337.0,0.4,8.34,0.0,73.9,40.3,64.0,20.0,29.812,29.654,18.4,26.0,78.7,0.15800000000000125
228,2022-08-20 00:00:00,60.6,50.0,39.8,29.9,5.7,7.0,21.0,0.4,8.34,0.0,77.2,41.1,85.0,24.0,29.988,29.781,16.1,22.0,79.0,0.20700000000000074
229,2022-08-21 00:00:00,61.1,46.0,36.6,30.0,4.7,6.1,34.0,0.4,8.34,0.0,79.9,38.3,86.0,20.0,30.08,29.884,13.8,25.0,78.6,0.19599999999999795
230,2022-08-22 00:00:00,66.2,38.0,34.1,29.8,3.4,4.3,19.0,0.4,8.34,0.0,87.2,42.6,76.0,11.0,29.985,29.695,15.0,20.0,83.6,0.28999999999999915
231,2022-08-23 00:00:00,68.0,36.0,38.1,29.6,5.5,6.6,340.0,0.4,8.34,0.0,84.3,52.5,56.0,15.0,29.791,29.525,16.1,22.0,81.4,0.2660000000000018
232,2022-08-24 00:00:00,65.6,43.0,41.0,29.7,5.3,6.9,290.0,0.42,8.36,0.0,75.1,54.7,86.0,23.0,29.857,29.55,18.4,24.0,79.1,0.3069999999999986
233,2022-08-25 00:00:00,56.4,78.0,49.0,29.9,3.5,4.2,14.0,0.73,8.67,0.0,72.1,46.2,94.0,43.0,30.016,29.824,16.1,21.0,78.3,0.19199999999999662
234,2022-08-26 00:00:00,54.3,69.0,43.0,30.1,4.4,5.0,350.0,0.76,8.7,0.0,72.5,42.3,94.0,27.0,30.2,29.932,11.5,21.0,78.8,0.2680000000000007
235,2022-08-27 00:00:00,59.2,48.0,34.2,30.1,5.9,6.6,10.0,0.76,8.7,0.0,78.5,38.8,92.0,15.0,30.227,30.04,19.6,26.0,78.7,0.18700000000000117
236,2022-08-28 00:00:00,58.6,49.0,37.5,30.1,3.8,4.9,31.0,0.76,8.7,0.0,76.7,39.2,82.0,26.0,30.242,30.037,20.7,25.0,78.9,0.20500000000000185
237,2022-08-29 00:00:00,56.1,60.0,40.6,30.0,2.7,3.7,27.0,0.76,8.7,0.0,73.2,39.5,87.0,25.0,30.101,29.9,17.3,26.0,79.1,0.2022000000000005
238,2022-08-30 00:00:00,54.1,72.0,44.6,30.0,2.4,3.1,35.0,0.82,8.76,0.0,67.4,40.6,93.0,47.0,30.028,29.862,17.3,25.0,79.0,0.16600000000000037
239,2022-08-31 00:00:00,60.1,54.0,38.8,29.9,3.5,4.9,281.0,0.82,8.76,0.0,79.6,42.5,87.0,16.0,29.996,29.744,21.9,32.0,78.7,0.2519999999999989
240,2022-09-01 00:00:00,63.9,40.0,29.9,30.0,5.5,81.0,355.0,0.0,8.77,0.0,79.8,38.9,89.0,11.0,30.194,29.684,16.1,255.0,79.1,0.509999999999998
241,2022-09-02 00:00:00,64.0,29.0,29.3,30.0,6.2,125.2,2.0,0.0,8.77,0.0,78.6,45.2,49.0,12.0,30.233,29.859,20.7,255.0,78.3,0.3739999999999988
242,2022-09-03 00:00:00,63.6,44.0,39.3,30.0,4.2,221.3,4.0,0.02,8.79,0.0,74.6,40.6,77.0,21.0,30.284,29.687,10.4,255.0,77.5,0.5969999999999978
243,2022-09-04 00:00:00,56.8,59.0,42.0,30.0,4.5,159.1,5.0,0.03,8.8,0.0,76.6,37.6,84.0,20.0,30.269,29.597,16.1,255.0,78.4,0.671999999999997
244,2022-09-05 00:00:00,62.2,44.0,37.4,30.0,7.3,143.9,8.0,0.03,8.8,0.0,76.5,37.3,83.0,21.0,30.263,29.636,13.8,255.0,77.8,0.6270000000000024
245,2022-09-06 00:00:00,62.5,52.0,42.7,29.8,7.8,184.7,357.0,0.05,8.82,0.0,69.8,49.5,72.0,27.0,30.013,29.629,16.1,255.0,78.8,0.38400000000000034
246,2022-09-07 00:00:00,64.6,44.0,39.0,29.8,4.7,138.6,360.0,0.05,8.82,0.0,79.9,42.8,91.0,20.0,30.067,29.474,19.6,255.0,78.6,0.593
247,2022-09-08 00:00:00,68.9,23.0,28.9,29.7,5.5,186.3,349.0,0.05,8.82,0.0,79.1,43.3,28.0,16.0,29.992,29.444,19.6,255.0,77.9,0.5480000000000018
248,2022-09-09 00:00:00,62.3,56.0,42.0,29.9,3.0,109.7,8.0,0.08,8.85,0.0,76.3,44.1,91.0,17.0,30.178,29.632,13.8,255.0,79.0,0.5459999999999994
249,2022-09-10 00:00:00,62.1,46.0,32.9,30.0,1.4,123.8,9.0,0.08,8.85,0.0,77.7,39.8,90.0,15.0,30.256,29.695,8.1,255.0,78.1,0.5609999999999999
250,2022-09-11 00:00:00,56.8,42.0,31.8,30.0,3.0,87.1,20.0,0.08,8.85,0.0,71.6,39.3,72.0,17.0,30.376,29.683,11.5,255.0,77.3,0.6930000000000014
251,2022-09-12 00:00:00,42.1,75.0,34.6,30.1,0.5,31.6,18.0,0.17,8.94,0.0,46.8,38.6,92.0,55.0,30.164,30.059,5.8,255.0,46.8,0.10500000000000043
252,2022-09-13 00:00:00,50.3,70.0,39.3,30.0,4.6,85.5,349.0,0.2,8.97,0.0,73.7,35.0,94.0,25.0,30.181,29.744,20.7,255.0,79.1,0.43700000000000117
253,2022-09-14 00:00:00,59.7,53.0,41.0,29.8,1.0,45.1,347.0,0.2,8.97,0.0,72.1,41.3,88.0,28.0,29.969,29.726,11.5,255.0,79.1,0.2430000000000021
254,2022-09-15 00:00:00,57.9,55.0,40.9,29.9,0.4,39.9,8.0,0.2,8.97,0.0,70.3,44.6,80.0,34.0,30.101,29.778,10.4,255.0,79.1,0.3230000000000004
255,2022-09-16 00:00:00,53.0,71.0,42.9,30.1,0.4,67.0,19.0,0.2,8.97,0.0,64.3,42.6,91.0,51.0,30.22,30.011,8.1,255.0,64.3,0.20899999999999963
256,2022-09-17 00:00:00,53.3,64.0,39.4,30.1,0.3,34.1,11.0,0.2,8.97,0.0,68.9,39.5,93.0,34.0,30.246,29.979,8.1,255.0,78.9,0.26699999999999946
257,2022-09-18 00:00:00,52.4,59.0,35.8,30.1,1.1,49.5,44.0,0.2,8.97,0.0,68.9,34.6,92.0,32.0,30.181,29.991,12.7,255.0,78.7,0.19000000000000128
258,2022-09-19 00:00:00,52.1,52.0,31.2,30.0,3.8,32.2,32.0,0.2,8.97,0.0,73.1,33.4,83.0,16.0,30.193,29.797,17.3,255.0,76.9,0.3960000000000008
259,2022-09-20 00:00:00,54.0,48.0,33.4,29.7,11.2,15.8,338.0,0.2,8.97,0.0,70.3,42.2,73.0,25.0,29.842,29.506,27.6,255.0,78.3,0.3359999999999985
260,2022-09-21 00:00:00,40.0,67.0,29.2,30.1,9.2,10.5,16.0,0.45,9.22,0.0,46.5,32.9,92.0,38.0,30.378,29.805,23.0,26.0,46.5,0.5730000000000004
261,2022-09-22 00:00:00,39.4,51.0,22.5,30.3,9.6,10.3,352.0,0.45,9.22,0.0,45.1,32.9,73.0,40.0,30.37,30.213,19.6,24.0,45.1,0.15700000000000003
262,2022-09-23 00:00:00,42.5,55.0,26.2,30.2,10.5,11.7,9.0,0.46,9.23,0.0,50.4,32.2,90.0,27.0,30.292,30.18,19.6,32.0,50.4,0.11200000000000188
263,2022-09-24 00:00:00,40.4,74.0,31.8,30.2,2.9,3.6,12.0,0.52,9.29,0.0,53.9,30.3,92.0,38.0,30.302,30.043,13.8,18.0,53.9,0.25900000000000034
264,2022-09-25 00:00:00,45.8,68.0,34.5,30.0,4.6,5.4,20.0,0.52,9.29,0.0,61.5,35.3,92.0,24.0,30.177,29.946,18.4,28.0,61.5,0.2309999999999981
265,2022-09-26 00:00:00,62.4,23.0,22.3,29.9,9.5,11.9,340.0,0.52,9.29,0.0,75.4,45.8,40.0,14.0,30.115,29.617,23.0,31.0,75.6,0.49799999999999756
266,2022-09-27 00:00:00,61.3,26.0,22.9,29.7,10.5,12.5,349.0,0.52,9.29,0.0,75.4,38.4,67.0,12.0,30.008,29.549,23.0,32.0,75.7,0.45899999999999963
267,2022-09-28 00:00:00,44.8,57.0,28.4,30.1,4.0,4.8,25.0,0.52,9.29,0.0,63.5,26.9,88.0,27.0,30.295,29.966,10.4,13.0,63.5,0.3290000000000006
268,2022-09-29 00:00:00,59.1,32.0,22.4,29.8,9.7,11.7,331.0,0.52,9.29,0.0,77.2,33.8,81.0,10.0,29.982,29.556,21.9,35.0,76.1,0.4259999999999984
269,2022-09-30 00:00:00,52.2,40.0,27.2,29.5,16.7,18.6,347.0,0.56,9.33,0.0,66.5,35.2,70.0,21.0,29.678,29.344,26.5,38.0,75.9,0.33399999999999963
270,2022-10-01 00:00:00,35.0,37.0,10.8,30.0,15.1,17.8,337.0,0.0,9.33,0.0,40.9,29.4,52.0,27.0,30.085,29.589,34.5,44.0,40.9,0.4960000000000022
271,2022-10-02 00:00:00,41.6,26.0,7.4,30.0,10.0,12.4,339.0,0.0,9.33,0.0,56.7,28.4,45.0,10.0,30.039,29.84,29.9,44.0,56.7,0.19900000000000162
272,2022-10-03 00:00:00,38.6,45.0,16.6,29.9,4.2,6.1,23.0,0.0,9.33,0.0,58.6,20.0,78.0,19.0,30.055,29.707,13.8,255.0,58.6,0.347999999999999
273,2022-10-04 00:00:00,36.3,77.0,29.0,29.8,2.8,4.3,82.0,0.14,9.47,0.0,50.6,26.4,93.0,43.0,29.885,29.574,15.0,20.0,50.6,0.31099999999999994
274,2022-10-05 00:00:00,38.7,66.0,27.4,29.7,7.6,11.3,305.0,0.18,9.51,0.0,46.2,32.8,94.0,36.0,29.946,29.568,21.9,31.0,46.2,0.3780000000000001
275,2022-10-06 00:00:00,41.3,30.0,11.1,30.0,12.8,19.0,306.0,0.18,9.51,0.0,52.2,31.2,47.0,17.0,30.068,29.846,25.3,39.0,52.2,0.2220000000000013
276,2022-10-07 00:00:00,49.9,29.0,17.5,29.7,8.4,12.2,292.0,0.18,9.51,0.0,63.2,42.7,55.0,17.0,29.874,29.587,23.0,32.0,63.2,0.28699999999999903
277,2022-10-08 00:00:00,29.2,83.0,24.4,30.0,3.8,8.6,101.0,0.29,9.62,0.0,43.5,22.5,91.0,47.0,30.161,29.676,12.7,255.0,43.5,0.485000000000003
278,2022-10-09 00:00:00,31.3,77.0,24.6,30.1,5.2,12.9,74.0,0.33,9.66,0.0,43.8,15.2,91.0,45.0,30.284,29.934,15.0,255.0,43.8,0.34999999999999787
279,2022-10-10 00:00:00,17.4,80.0,12.3,30.3,3.6,5.5,97.0,0.37,9.7,0.0,28.5,9.7,87.0,69.0,30.378,30.215,11.5,16.0,32.0,0.16300000000000026
280,2022-10-11 00:00:00,29.0,77.0,22.2,30.0,5.0,7.8,16.0,0.42,9.75,0.0,50.4,15.9,92.0,41.0,30.239,29.704,20.7,32.0,50.4,0.5350000000000001
281,2022-10-12 00:00:00,40.4,69.0,29.2,29.8,3.9,6.0,74.0,0.47,9.8,0.0,56.6,28.7,93.0,24.0,30.001,29.674,16.1,20.0,56.6,0.32700000000000173
282,2022-10-13 00:00:00,40.8,66.0,28.0,29.9,4.0,11.7,312.0,0.47,9.8,0.0,56.7,28.5,94.0,30.0,30.03,29.821,21.9,255.0,56.7,0.20899999999999963
283,2022-10-14 00:00:00,49.0,51.0,31.1,29.8,13.1,19.3,304.0,0.47,9.8,0.0,57.9,32.7,80.0,30.0,29.895,29.587,25.3,43.0,57.9,0.30799999999999983
284,2022-10-15 00:00:00,46.8,49.0,27.9,30.0,9.2,13.8,305.0,0.48,9.81,0.0,54.9,41.2,79.0,27.0,30.144,29.816,26.5,39.0,54.9,0.3279999999999994
285,2022-10-16 00:00:00,44.7,51.0,25.7,30.2,3.0,8.1,358.0,0.48,9.81,0.0,59.6,28.3,86.0,19.0,30.429,30.07,15.0,255.0,59.6,0.3589999999999982
286,2022-10-17 00:00:00,41.2,57.0,23.5,30.3,1.7,8.7,81.0,0.48,9.81,0.0,63.7,21.6,91.0,21.0,30.563,29.923,10.4,255.0,63.7,0.6400000000000006
287,2022-10-18 00:00:00,57.9,25.0,21.2,29.9,8.6,15.5,309.0,0.48,9.81,0.0,68.9,44.0,41.0,16.0,30.092,29.723,29.9,255.0,73.5,0.3689999999999998
288,2022-10-19 00:00:00,52.3,40.0,26.9,29.7,4.8,7.4,296.0,0.48,9.81,0.0,65.8,36.0,71.0,18.0,29.798,29.537,21.9,30.0,74.1,0.26099999999999923
289,2022-10-20 00:00:00,37.7,75.0,29.8,29.8,3.1,13.3,90.0,0.61,9.94,0.0,56.7,26.3,93.0,33.0,30.094,29.689,13.8,255.0,56.7,0.40500000000000114
290,2022-10-21 00:00:00,32.0,89.0,29.2,30.1,1.9,6.1,93.0,0.64,9.97,0.0,37.2,28.5,93.0,77.0,30.17,29.923,6.9,255.0,37.2,0.24700000000000344
291,2022-10-22 00:00:00,35.8,65.0,23.3,30.1,1.8,9.0,52.0,0.65,9.98,0.0,50.4,21.6,92.0,28.0,30.225,29.921,11.5,255.0,50.4,0.30400000000000205
292,2022-10-23 00:00:00,42.4,41.0,18.7,29.9,8.4,13.1,314.0,0.65,9.98,0.0,52.2,31.2,68.0,23.0,30.009,29.694,23.0,35.0,52.2,0.3150000000000013
293,2022-10-24 00:00:00,44.1,47.0,24.5,29.7,14.3,21.5,304.0,0.7,10.03,0.0,52.0,35.8,87.0,27.0,29.791,29.533,31.1,49.0,52.0,0.2579999999999991
294,2022-10-25 00:00:00,30.2,73.0,22.1,30.1,4.5,17.0,63.0,0.7,10.03,0.0,37.2,17.2,89.0,33.0,30.466,29.791,20.7,255.0,37.2,0.6750000000000007
295,2022-10-26 00:00:00,32.7,40.0,7.2,30.2,10.5,15.1,304.0,0.7,10.03,0.0,45.8,10.0,84.0,14.0,30.51,29.723,27.6,38.0,45.8,0.7870000000000026
296,2022-10-27 00:00:00,39.3,47.0,16.3,29.5,5.4,8.3,315.0,0.7,10.03,0.0,51.0,26.9,92.0,19.0,29.739,29.25,23.0,33.0,51.0,0.48900000000000077
297,2022-10-28 00:00:00,22.2,84.0,18.0,29.7,2.1,3.1,82.0,0.7,10.03,0.0,26.9,16.4,92.0,67.0,29.995,29.431,16.1,18.0,32.0,0.5640000000000001
298,2022-10-29 00:00:00,19.5,66.0,9.6,30.0,3.7,6.1,308.0,0.7,10.03,0.0,26.1,12.4,85.0,47.0,30.063,29.857,16.1,26.0,32.0,0.20599999999999952
299,2022-10-30 00:00:00,30.7,49.0,13.8,29.9,22.2,29.5,287.0,0.75,10.08,0.0,39.2,19.7,56.0,41.0,30.031,29.782,35.7,49.0,39.2,0.24899999999999878
300,2022-10-31 00:00:00,44.0,43.0,22.7,30.0,16.2,22.9,305.0,0.77,10.1,0.0,55.3,36.6,58.0,26.0,30.125,29.894,29.9,46.0,55.3,0.23100000000000165
301,2022-11-01 00:00:00,47.3,39.0,22.9,30.0,12.3,28.3,311.0,0.0,10.11,0.0,54.4,37.2,59.0,27.0,30.13,29.879,29.9,255.0,54.4,0.25099999999999767
302,2022-11-02 00:00:00,38.8,60.0,25.5,30.2,4.8,48.1,58.0,0.0,10.11,0.0,50.4,30.6,86.0,31.0,30.409,30.072,16.1,255.0,50.4,0.33699999999999974
303,2022-11-03 00:00:00,48.1,30.0,16.1,30.1,11.6,90.9,330.0,0.0,10.11,0.0,58.0,34.1,63.0,13.0,30.236,29.905,29.9,255.0,58.0,0.3309999999999995
304,2022-11-04 00:00:00,46.0,39.0,15.5,30.2,4.8,8.8,326.0,0.0,10.11,0.0,65.5,23.8,82.0,11.0,30.438,29.983,20.7,255.0,70.0,0.4549999999999983
305,2022-11-05 00:00:00,56.1,17.0,10.8,29.9,10.8,30.1,310.0,0.0,10.11,0.0,65.3,44.1,34.0,10.0,30.102,29.783,25.3,255.0,70.7,0.31899999999999906
306,2022-11-06 00:00:00,55.1,21.0,14.6,29.7,10.6,15.2,304.0,0.0,10.11,0.0,62.7,47.3,95.0,11.0,29.854,29.587,34.5,46.0,62.7,0.26699999999999946
307,2022-11-07 00:00:00,51.4,26.0,16.6,29.7,7.5,28.8,305.0,0.0,10.11,0.0,63.1,37.6,40.0,11.0,29.88,29.562,23.0,255.0,63.1,0.31799999999999784
308,2022-11-08 00:00:00,45.9,37.0,19.6,29.9,5.2,17.0,294.0,0.0,10.11,0.0,53.5,37.8,64.0,19.0,30.16,29.615,16.1,255.0,53.5,0.5450000000000017
309,2022-11-09 00:00:00,35.2,58.0,21.1,30.3,1.6,5.5,69.0,0.0,10.11,0.0,51.3,24.5,80.0,33.0,30.513,30.091,11.5,255.0,51.3,0.4220000000000006
310,2022-11-10 00:00:00,38.2,47.0,15.2,30.3,4.4,6.5,308.0,0.0,10.11,0.0,57.8,21.0,83.0,16.0,30.548,30.071,21.9,30.0,57.8,0.47699999999999676
311,2022-11-11 00:00:00,50.1,27.0,17.0,30.0,8.3,11.5,299.0,0.0,10.11,0.0,61.0,38.9,43.0,17.0,30.27,29.661,24.2,32.0,61.0,0.6089999999999982
312,2022-11-12 00:00:00,52.0,29.0,20.3,29.5,13.1,24.0,306.0,0.0,10.11,0.0,58.1,45.6,48.0,22.0,29.661,29.359,31.1,255.0,58.1,0.3019999999999996
313,2022-11-13 00:00:00,32.9,79.0,26.9,29.6,4.7,32.9,41.0,0.03,10.14,0.0,44.3,23.0,92.0,45.0,29.878,29.404,24.2,255.0,44.3,0.4740000000000002
314,2022-11-14 00:00:00,25.7,85.0,21.7,30.0,3.0,92.8,58.0,0.06,10.17,0.0,36.3,21.9,90.0,67.0,30.069,29.861,10.4,255.0,36.3,0.2079999999999984
315,2022-11-15 00:00:00,19.6,83.0,15.2,30.3,1.4,32.0,89.0,0.32,10.43,0.0,29.0,3.7,89.0,65.0,30.625,30.057,9.2,255.0,32.0,0.5680000000000014
316,2022-11-16 00:00:00,19.2,72.0,11.1,30.6,0.5,7.8,354.0,0.37,10.48,0.0,42.8,-0.4,88.0,40.0,30.779,30.386,6.9,255.0,42.8,0.3930000000000007
317,2022-11-17 00:00:00,28.8,69.0,18.0,30.3,0.5,3.8,51.0,0.38,10.49,0.0,53.9,13.5,89.0,27.0,30.558,30.076,4.6,255.0,53.9,0.4819999999999993
318,2022-11-18 00:00:00,35.7,48.0,12.9,30.0,5.4,7.7,315.0,0.38,10.49,0.0,54.2,15.2,88.0,16.0,30.256,29.771,19.6,26.0,54.2,0.48499999999999943
319,2022-11-19 00:00:00,32.7,53.0,16.1,30.1,2.0,6.2,75.0,0.38,10.49,0.0,45.2,17.8,85.0,26.0,30.371,29.735,11.5,255.0,45.2,0.6359999999999992
320,2022-11-20 00:00:00,30.4,47.0,7.5,30.2,2.2,3.7,315.0,0.38,10.49,0.0,52.3,13.5,86.0,10.0,30.49,29.658,24.2,35.0,52.3,0.8319999999999972
321,2022-11-21 00:00:00,42.7,25.0,5.1,29.7,11.5,16.0,302.0,0.38,10.49,0.0,48.9,28.2,78.0,9.0,29.903,29.51,32.2,47.0,48.9,0.39299999999999713
322,2022-11-22 00:00:00,35.6,36.0,8.7,29.9,10.5,23.5,308.0,0.38,10.49,0.0,43.9,26.7,79.0,15.0,29.982,29.747,26.5,255.0,43.9,0.23499999999999943
323,2022-11-23 00:00:00,26.5,40.0,4.9,30.1,12.8,18.1,309.0,0.38,10.49,0.0,33.5,21.6,78.0,28.0,30.384,29.718,27.6,39.0,33.5,0.6660000000000004
324,2022-11-24 00:00:00,32.6,29.0,2.7,30.3,9.1,16.0,312.0,0.38,10.49,0.0,45.5,15.6,45.0,15.0,30.398,30.127,21.9,255.0,45.5,0.2710000000000008
325,2022-11-25 00:00:00,39.7,38.0,15.7,30.2,9.0,24.6,317.0,0.38,10.49,0.0,51.9,28.2,57.0,26.0,30.31,30.047,20.7,255.0,51.9,0.2629999999999981
326,2022-11-26 00:00:00,46.4,23.0,9.3,30.1,13.1,55.1,310.0,0.38,10.49,0.0,54.1,33.7,42.0,14.0,30.226,29.918,26.5,255.0,54.1,0.30799999999999983
327,2022-11-27 00:00:00,47.3,14.0,-0.9,29.8,12.4,97.9,332.0,0.38,10.49,0.0,55.0,35.9,23.0,6.0,30.019,29.686,28.8,255.0,55.0,0.3329999999999984
328,2022-11-28 00:00:00,37.4,43.0,13.0,29.8,4.3,23.6,20.0,0.38,10.49,0.0,48.3,26.0,86.0,15.0,30.043,29.685,12.7,255.0,48.3,0.35800000000000054
329,2022-11-29 00:00:00,27.6,71.0,18.7,30.2,1.4,8.2,74.0,0.38,10.49,0.0,39.8,16.5,89.0,36.0,30.403,30.041,8.1,255.0,39.8,0.3619999999999983
330,2022-11-30 00:00:00,32.3,47.0,8.8,30.2,5.9,20.5,312.0,0.39,10.5,0.0,50.2,12.4,85.0,16.0,30.506,29.815,21.9,255.0,50.2,0.690999999999999
331,2022-01-01 00:00:00,32.1,49.0,15.2,30.2,14.6,19.7,297.0,0.0,0.0,0.0,40.0,22.1,61.0,41.0,30.33,30.034,34.5,51.0,40.0,0.2959999999999994
332,2022-01-02 00:00:00,32.1,50.0,15.5,30.1,8.8,12.2,306.0,0.0,0.0,0.0,39.1,22.0,77.0,39.0,30.292,29.937,23.0,35.0,39.1,0.3550000000000004
333,2022-01-03 00:00:00,23.1,64.0,12.1,30.4,2.9,4.4,21.0,0.0,0.0,0.0,33.4,9.2,85.0,34.0,30.549,30.237,17.3,24.0,33.4,0.31200000000000117
334,2022-01-04 00:00:00,25.7,48.0,7.2,30.4,4.7,7.0,324.0,0.0,0.0,0.0,36.5,7.6,82.0,25.0,30.585,30.107,15.0,21.0,36.5,0.47800000000000153
335,2022-01-05 00:00:00,34.3,51.0,17.8,30.0,14.2,18.5,300.0,0.0,0.0,0.0,40.1,28.4,60.0,43.0,30.173,29.897,34.5,43.0,40.1,0.2759999999999998
336,2022-01-06 00:00:00,18.4,68.0,9.3,30.1,6.8,9.6,147.0,0.0,0.0,0.0,36.3,-2.2,79.0,50.0,30.666,29.804,20.7,30.0,36.3,0.8620000000000019
337,2022-01-07 00:00:00,1.4,63.0,-8.6,30.7,2.3,3.8,67.0,0.0,0.0,0.0,15.9,-10.5,75.0,49.0,30.868,30.648,9.2,13.0,32.0,0.21999999999999886
338,2022-01-08 00:00:00,23.5,24.0,-11.4,30.5,6.9,10.3,315.0,0.0,0.0,0.0,38.2,-7.0,67.0,13.0,30.743,30.146,19.6,29.0,38.2,0.5969999999999978
339,2022-01-09 00:00:00,37.7,18.0,-2.9,30.2,8.7,12.5,312.0,0.0,0.0,0.0,50.4,28.0,32.0,13.0,30.3,30.065,28.8,36.0,50.4,0.23499999999999943
340,2022-01-10 00:00:00,30.3,36.0,4.1,30.4,1.5,2.7,37.0,0.0,0.0,0.0,49.4,16.2,66.0,14.0,30.6,30.161,9.2,12.0,49.4,0.43900000000000006
341,2022-01-11 00:00:00,24.2,53.0,6.3,30.6,0.8,1.5,40.0,0.0,0.0,0.0,51.6,6.3,80.0,14.0,30.789,30.393,6.9,8.0,51.6,0.3960000000000008
342,2022-01-12 00:00:00,40.2,20.0,-1.6,30.2,7.8,10.9,321.0,0.0,0.0,0.0,53.6,11.6,68.0,10.0,30.427,29.896,19.6,35.0,53.6,0.5309999999999988
343,2022-01-13 00:00:00,37.3,30.0,6.6,29.9,6.8,9.6,305.0,0.0,0.0,0.0,46.0,20.8,63.0,15.0,30.109,29.84,21.9,29.0,46.0,0.2690000000000019
344,2022-01-14 00:00:00,24.6,61.0,12.2,30.3,0.7,1.3,341.0,0.0,0.0,0.0,42.0,13.5,78.0,30.0,30.493,30.088,16.1,21.0,42.0,0.4049999999999976
345,2022-01-15 00:00:00,32.5,37.0,7.5,30.3,6.4,9.0,314.0,0.0,0.0,0.0,46.5,17.7,60.0,11.0,30.466,29.966,17.3,26.0,46.5,0.5
346,2022-01-16 00:00:00,42.3,24.0,7.7,29.9,6.0,8.2,308.0,0.0,0.0,0.0,53.7,31.5,35.0,15.0,30.14,29.781,16.1,21.0,53.7,0.35900000000000176
347,2022-01-17 00:00:00,36.7,47.0,16.6,29.9,3.8,5.6,316.0,0.0,0.0,0.0,44.5,21.8,81.0,25.0,29.958,29.737,15.0,21.0,44.5,0.22100000000000009
348,2022-01-18 00:00:00,35.0,47.0,15.3,29.8,7.4,10.8,316.0,0.0,0.0,0.0,44.5,-10.0,83.0,20.0,30.174,29.671,21.9,36.0,44.5,0.5030000000000001
349,2022-01-19 00:00:00,31.4,56.0,16.5,29.6,7.3,10.4,315.0,0.0,0.0,0.0,41.6,23.8,89.0,30.0,29.775,29.531,21.9,31.0,41.6,0.24399999999999977
350,2022-01-20 00:00:00,25.6,52.0,10.1,29.6,3.3,5.0,336.0,0.0,0.0,0.0,33.2,15.4,68.0,37.0,29.783,29.528,16.1,30.0,33.2,0.25500000000000256
351,2022-01-21 00:00:00,29.5,44.0,9.5,29.6,2.7,4.2,335.0,0.0,0.0,0.0,41.8,22.4,68.0,22.0,29.765,29.401,18.4,26.0,41.8,0.36400000000000077
352,2022-01-22 00:00:00,32.0,45.0,11.3,29.3,8.2,11.8,318.0,0.0,0.0,0.0,45.1,21.6,84.0,20.0,29.444,29.172,23.0,31.0,45.1,0.27199999999999847
353,2022-01-23 00:00:00,27.1,38.0,4.5,29.5,17.3,23.8,311.0,0.0,0.0,0.0,33.1,22.4,53.0,25.0,29.649,29.268,28.8,43.0,33.1,0.3810000000000002
354,2022-01-24 00:00:00,23.9,39.0,2.0,29.8,14.3,21.1,320.0,0.0,0.0,0.0,30.1,20.5,55.0,24.0,29.936,29.594,33.4,45.0,32.0,0.34199999999999875
355,2022-01-25 00:00:00,25.6,35.0,1.1,30.0,13.3,15.9,320.0,0.0,0.0,0.0,33.8,-1.9,57.0,23.0,30.143,29.86,25.3,33.0,33.8,0.28300000000000125
356,2022-01-26 00:00:00,28.1,50.0,10.9,30.0,7.0,9.7,308.0,0.0,0.0,0.0,41.9,10.1,70.0,27.0,30.278,29.81,24.2,33.0,41.9,0.46799999999999997
357,2022-01-27 00:00:00,30.7,58.0,16.6,30.1,6.2,9.6,314.0,0.0,0.0,0.0,39.8,20.3,89.0,36.0,30.33,29.832,20.7,31.0,39.8,0.49799999999999756
358,2022-01-28 00:00:00,21.5,83.0,17.2,30.3,1.8,2.8,83.0,0.06,0.06,0.0,31.9,14.6,88.0,67.0,30.419,30.218,10.4,12.0,32.0,0.2022000000000005
359,2022-01-29 00:00:00,21.3,68.0,11.1,30.3,0.9,1.6,78.0,0.07,0.07,0.0,39.3,5.4,86.0,30.0,30.424,30.129,6.9,12.0,39.3,0.29499999999999815
360,2022-01-30 00:00:00,23.9,63.0,11.1,30.2,1.2,2.1,122.0,0.07,0.07,0.0,44.1,8.6,85.0,24.0,30.373,30.02,6.9,12.0,44.1,0.35300000000000153
361,2022-01-31 00:00:00,25.9,53.0,8.9,30.0,7.6,11.0,315.0,0.07,0.07,0.0,37.3,12.6,85.0,27.0,30.122,29.837,29.9,38.0,37.3,0.28500000000000014
362,2022-02-01 00:00:00,27.1,43.0,7.2,30.0,13.3,18.9,307.0,0.0,0.07,0.0,33.4,23.8,54.0,32.0,30.093,29.806,33.4,46.0,33.4,0.28699999999999903
363,2022-02-02 00:00:00,29.9,32.0,1.4,30.0,6.1,8.6,313.0,0.0,0.07,0.0,43.6,11.1,59.0,12.0,30.255,29.874,21.9,30.0,43.6,0.3810000000000002
364,2022-02-03 00:00:00,30.6,37.0,6.1,30.0,2.2,3.9,28.0,0.0,0.07,0.0,43.1,18.6,64.0,19.0,30.12,29.753,13.8,16.0,43.1,0.3670000000000009
365,2022-02-04 00:00:00,29.0,53.0,12.3,29.8,10.0,14.3,312.0,0.02,0.09,0.0,36.5,24.4,89.0,25.0,29.883,29.711,27.6,41.0,36.5,0.1720000000000006
366,2022-02-05 00:00:00,31.5,42.0,10.1,29.9,7.6,11.0,317.0,0.02,0.09,0.0,41.6,21.9,77.0,27.0,30.014,29.854,26.5,43.0,41.6,0.16000000000000014
367,2022-02-06 00:00:00,32.0,51.0,15.1,29.9,6.5,8.9,317.0,0.02,0.09,0.0,41.5,21.9,75.0,35.0,30.016,29.811,16.1,25.0,41.5,0.2049999999999983
368,2022-02-07 00:00:00,22.2,82.0,17.6,30.0,1.8,2.7,84.0,0.02,0.09,0.0,24.8,19.9,88.0,73.0,30.035,29.93,8.1,12.0,32.0,0.10500000000000043
369,2022-02-08 00:00:00,15.2,79.0,9.9,30.2,3.1,5.0,101.0,0.02,0.09,0.0,20.0,8.6,87.0,70.0,30.353,29.989,9.2,12.0,32.0,0.36400000000000077
370,2022-02-09 00:00:00,17.3,53.0,1.2,30.3,6.3,8.7,320.0,0.04,0.11,0.0,34.6,-7.0,79.0,23.0,30.549,29.948,20.7,30.0,34.6,0.6009999999999991
371,2022-02-10 00:00:00,27.5,40.0,5.9,29.9,10.7,14.6,311.0,0.04,0.11,0.0,34.6,22.2,47.0,32.0,30.031,29.873,25.3,36.0,34.6,0.1579999999999977
372,2022-02-11 00:00:00,27.3,39.0,5.3,30.0,9.9,14.5,315.0,0.04,0.11,0.0,34.9,19.4,60.0,27.0,30.119,29.84,24.2,32.0,34.9,0.2789999999999999
373,2022-02-12 00:00:00,29.1,48.0,11.7,30.0,12.5,17.9,307.0,0.04,0.11,0.0,35.5,19.2,63.0,35.0,30.094,29.901,29.9,40.0,35.5,0.1930000000000014
374,2022-02-13 00:00:00,30.4,45.0,11.5,30.0,11.5,16.0,313.0,0.04,0.11,0.0,36.6,25.7,57.0,33.0,30.079,29.859,31.1,45.0,36.6,0.21999999999999886
375,2022-02-14 00:00:00,16.0,63.0,5.3,30.4,3.3,5.5,115.0,0.04,0.11,0.0,25.7,3.4,85.0,37.0,30.613,30.071,12.7,17.0,32.0,0.541999999999998
376,2022-02-15 00:00:00,15.2,42.0,-5.8,30.5,2.1,3.6,112.0,0.04,0.11,0.0,32.4,0.1,65.0,16.0,30.672,30.382,12.7,17.0,32.4,0.28999999999999915
377,2022-02-16 00:00:00,18.4,52.0,2.0,30.4,2.9,4.4,347.0,0.04,0.11,0.0,39.5,-3.1,78.0,25.0,30.671,30.183,17.3,26.0,39.5,0.48799999999999955
378,2022-02-17 00:00:00,30.1,49.0,12.0,30.1,4.2,6.3,349.0,0.04,0.11,0.0,41.8,19.2,81.0,27.0,30.261,30.024,18.4,24.0,41.8,0.23699999999999832
379,2022-02-18 00:00:00,23.0,81.0,17.8,30.1,2.5,3.7,81.0,0.04,0.11,0.0,37.0,13.1,89.0,51.0,30.198,29.934,11.5,14.0,37.0,0.26399999999999935
380,2022-02-19 00:00:00,16.8,81.0,12.1,30.1,1.8,2.6,70.0,0.15,0.22,0.0,26.6,8.4,86.0,69.0,30.206,30.023,11.5,13.0,32.0,0.18299999999999983
381,2022-02-20 00:00:00,16.2,82.0,11.7,30.1,1.7,2.8,87.0,0.19,0.26,0.0,23.3,12.6,85.0,73.0,30.109,29.978,10.4,12.0,32.0,0.13100000000000023
382,2022-02-21 00:00:00,10.3,80.0,5.2,30.2,1.3,2.2,80.0,0.19,0.26,0.0,19.5,4.3,83.0,70.0,30.284,30.073,9.2,12.0,32.0,0.21099999999999852
383,2022-02-22 00:00:00,11.0,70.0,2.9,30.2,2.0,3.3,67.0,0.32,0.39,0.0,23.9,2.0,80.0,41.0,30.443,30.103,11.5,16.0,32.0,0.33999999999999986
384,2022-02-23 00:00:00,24.0,40.0,1.6,30.2,11.2,15.0,302.0,0.35,0.42,0.0,36.2,4.1,76.0,25.0,30.372,30.107,23.0,31.0,36.2,0.26500000000000057
385,2022-02-24 00:00:00,31.2,31.0,3.8,30.0,11.6,16.4,305.0,0.36,0.43,0.0,40.8,24.4,50.0,19.0,30.148,29.844,25.3,35.0,40.8,0.3039999999999985
386,2022-02-25 00:00:00,28.0,62.0,15.7,30.0,5.0,7.3,311.0,0.37,0.44,0.0,34.7,18.1,88.0,36.0,30.255,29.791,19.6,28.0,34.7,0.46399999999999864
387,2022-02-26 00:00:00,22.3,54.0,5.8,30.3,5.2,7.5,318.0,0.41,0.48,0.0,37.9,5.8,88.0,21.0,30.493,30.253,19.6,26.0,37.9,0.23999999999999844
388,2022-02-27 00:00:00,27.4,42.0,5.2,30.1,1.3,2.3,124.0,0.41,0.48,0.0,44.6,9.9,69.0,11.0,30.283,29.82,8.1,13.0,44.6,0.46300000000000097
389,2022-02-28 00:00:00,25.8,79.0,20.0,29.9,1.4,2.2,33.0,0.5,0.57,0.0,34.9,20.2,89.0,60.0,30.102,29.821,11.5,14.0,34.9,0.2809999999999988
390,2022-03-01 00:00:00,26.1,74.0,18.4,30.2,2.2,3.4,53.0,0.02,0.59,0.0,39.1,14.3,90.0,40.0,30.375,30.086,15.0,22.0,39.1,0.2890000000000015
391,2022-03-02 00:00:00,27.8,58.0,12.9,30.2,1.4,2.4,91.0,0.02,0.59,0.0,48.8,10.5,86.0,21.0,30.387,30.012,10.4,14.0,48.8,0.375
392,2022-03-03 00:00:00,31.4,56.0,15.5,30.0,4.5,6.4,315.0,0.02,0.59,0.0,48.3,15.4,84.0,23.0,30.18,29.942,18.4,26.0,48.3,0.23799999999999955
393,2022-03-04 00:00:00,29.9,63.0,17.9,30.0,1.6,2.9,191.0,0.02,0.59,0.0,44.6,16.4,83.0,32.0,30.138,29.787,6.9,255.0,44.6,0.35100000000000264
394,2022-03-05 00:00:00,29.9,59.0,16.3,29.9,10.1,14.2,316.0,0.02,0.59,0.0,36.9,20.0,85.0,34.0,29.949,29.693,24.2,36.0,36.9,0.2560000000000002
395,2022-03-06 00:00:00,37.0,54.0,20.8,30.0,7.6,11.6,291.0,0.02,0.59,0.0,48.1,31.2,87.0,27.0,30.116,29.927,23.0,35.0,48.1,0.18900000000000006
396,2022-03-07 00:00:00,38.0,58.0,21.6,29.9,2.0,3.6,127.0,0.02,0.59,0.0,52.8,24.5,88.0,15.0,30.081,29.612,13.8,22.0,52.8,0.4690000000000012
397,2022-03-08 00:00:00,35.5,61.0,22.8,29.6,2.5,3.9,338.0,0.02,0.59,0.0,42.6,30.1,78.0,41.0,29.741,29.518,15.0,21.0,42.6,0.22299999999999898
398,2022-03-09 00:00:00,35.3,51.0,17.5,29.6,5.6,8.2,318.0,0.02,0.59,0.0,44.6,25.7,86.0,26.0,29.669,29.508,20.7,26.0,44.6,0.16100000000000136
399,2022-03-10 00:00:00,26.4,73.0,18.4,29.6,3.9,5.6,51.0,0.03,0.6,0.0,40.1,17.0,88.0,32.0,29.8,29.521,19.6,26.0,40.1,0.2789999999999999
400,2022-03-11 00:00:00,27.7,46.0,8.4,29.9,9.4,13.3,307.0,0.03,0.6,0.0,37.4,20.2,79.0,28.0,30.028,29.739,29.9,39.0,37.4,0.2889999999999979
401,2022-03-12 00:00:00,36.2,30.0,6.9,30.0,10.9,15.0,302.0,0.03,0.6,0.0,51.5,27.2,54.0,17.0,30.06,29.866,27.6,35.0,51.5,0.19399999999999906
402,2022-03-13 00:00:00,36.2,42.0,12.8,29.8,2.8,4.8,136.0,0.03,0.6,0.0,49.9,21.0,70.0,14.0,29.951,29.704,16.1,21.0,49.9,0.2469999999999999
403,2022-03-14 00:00:00,27.9,79.0,22.1,30.2,2.9,4.8,113.0,0.03,0.6,0.0,36.6,22.4,90.0,56.0,30.446,29.854,16.1,21.0,36.6,0.5920000000000023
404,2022-03-15 00:00:00,31.2,69.0,20.7,30.5,2.1,3.4,108.0,0.06,0.63,0.0,46.0,18.1,91.0,38.0,30.624,30.35,12.7,17.0,46.0,0.27399999999999736
405,2022-03-16 00:00:00,36.9,46.0,13.2,30.4,1.8,3.2,92.0,0.06,0.63,0.0,57.6,17.3,84.0,11.0,30.597,30.278,13.8,18.0,57.6,0.3190000000000026
406,2022-03-17 00:00:00,43.2,30.0,10.1,30.2,2.6,4.4,72.0,0.06,0.63,0.0,60.7,25.0,61.0,9.0,30.355,30.043,13.8,18.0,60.7,0.31200000000000117
407,2022-03-18 00:00:00,35.7,51.0,16.2,30.0,4.3,6.2,78.0,0.06,0.63,0.0,54.8,23.2,88.0,12.0,30.06,29.808,17.3,24.0,54.8,0.2519999999999989
408,2022-03-19 00:00:00,18.6,85.0,14.8,30.2,5.1,7.2,98.0,0.06,0.63,0.0,26.7,4.5,89.0,80.0,30.618,29.905,17.3,22.0,32.0,0.7129999999999974
409,2022-03-20 00:00:00,15.0,52.0,-2.2,30.6,4.0,6.3,324.0,0.26,0.83,0.0,35.0,-10.0,80.0,24.0,30.826,30.301,16.1,26.0,35.0,0.5250000000000021
410,2022-03-21 00:00:00,38.9,24.0,4.8,30.1,9.5,13.1,302.0,0.26,0.83,0.0,48.9,25.6,34.0,15.0,30.303,29.889,20.7,29.0,48.9,0.4140000000000015
411,2022-03-22 00:00:00,41.8,30.0,10.9,29.8,7.9,11.3,309.0,0.26,0.83,0.0,52.1,29.0,64.0,19.0,29.914,29.67,21.9,31.0,52.1,0.24399999999999977
412,2022-03-23 00:00:00,29.4,84.0,25.2,30.0,4.2,5.2,39.0,0.37,0.94,0.0,35.5,21.9,91.0,62.0,30.249,29.788,12.7,17.0,35.5,0.4609999999999985
413,2022-03-24 00:00:00,25.9,79.0,20.0,30.3,1.6,2.4,106.0,0.68,1.25,0.0,35.0,16.7,89.0,54.0,30.371,30.207,10.4,13.0,35.0,0.16399999999999793
414,2022-03-25 00:00:00,31.7,47.0,9.5,30.0,6.7,9.5,307.0,0.69,1.26,0.0,46.3,10.7,86.0,15.0,30.298,29.702,24.2,35.0,46.3,0.5959999999999965
415,2022-03-26 00:00:00,33.6,57.0,18.7,29.7,5.7,8.5,343.0,0.73,1.3,0.0,38.6,29.1,88.0,30.0,29.825,29.574,25.3,41.0,38.6,0.25099999999999767
416,2022-03-27 00:00:00,32.5,49.0,14.8,30.1,8.3,12.4,351.0,0.73,1.3,0.0,41.2,25.7,79.0,29.0,30.318,29.825,25.3,37.0,41.2,0.4930000000000021
417,2022-03-28 00:00:00,40.4,27.0,7.5,30.1,11.9,16.6,306.0,0.73,1.3,0.0,51.4,28.8,43.0,14.0,30.304,29.981,25.3,35.0,51.4,0.32299999999999685
418,2022-03-29 00:00:00,47.4,20.0,8.0,29.8,12.5,17.2,301.0,0.73,1.3,0.0,57.2,39.5,23.0,16.0,29.981,29.529,28.8,37.0,57.2,0.45200000000000173
419,2022-03-30 00:00:00,54.4,19.0,12.5,29.3,15.3,20.5,302.0,0.73,1.3,0.0,64.2,45.8,24.0,14.0,29.529,29.255,35.7,48.0,64.2,0.2740000000000009
420,2022-03-31 00:00:00,45.7,48.0,24.8,29.4,6.9,9.7,356.0,0.73,1.3,0.0,54.4,34.0,85.0,19.0,29.572,29.242,23.0,33.0,54.4,0.3299999999999983
421,2022-04-01 00:00:00,32.4,70.0,23.2,29.5,7.4,10.6,322.0,0.02,1.32,0.0,38.8,24.3,91.0,42.0,29.624,29.413,26.5,35.0,38.8,0.21099999999999852
422,2022-04-02 00:00:00,26.3,36.0,2.8,29.8,16.2,22.1,311.0,0.02,1.32,0.0,34.5,20.5,47.0,27.0,29.963,29.62,35.7,48.0,34.5,0.34299999999999997
423,2022-04-03 00:00:00,30.9,56.0,16.5,29.8,14.2,19.3,309.0,0.05,1.35,0.0,39.1,27.0,91.0,35.0,29.871,29.655,36.8,51.0,39.1,0.21599999999999753
424,2022-04-04 00:00:00,35.2,55.0,19.4,29.9,6.6,9.3,306.0,0.09,1.39,0.0,45.7,26.4,91.0,27.0,29.986,29.798,25.3,36.0,45.7,0.1880000000000024
425,2022-04-05 00:00:00,38.0,60.0,24.4,29.7,5.0,7.3,333.0,0.14,1.44,0.0,48.2,29.4,91.0,35.0,29.953,29.52,17.3,24.0,48.2,0.43299999999999983
426,2022-04-06 00:00:00,30.0,55.0,14.7,29.7,12.9,18.1,317.0,0.15,1.45,0.0,34.9,25.6,91.0,27.0,29.934,29.481,33.4,43.0,34.9,0.4529999999999994
427,2022-04-07 00:00:00,29.8,63.0,17.9,30.2,4.0,5.9,358.0,0.2,1.5,0.0,38.2,22.7,86.0,35.0,30.332,29.934,18.4,28.0,38.2,0.3979999999999997
428,2022-04-08 00:00:00,40.9,30.0,10.9,30.0,9.9,13.7,313.0,0.2,1.5,0.0,53.1,24.7,49.0,18.0,30.187,29.721,25.3,35.0,53.1,0.4660000000000011
429,2022-04-09 00:00:00,46.9,28.0,15.0,29.8,6.4,9.6,300.0,0.2,1.5,0.0,56.4,37.8,52.0,15.0,29.9,29.673,23.0,33.0,56.4,0.2270000000000003
430,2022-04-10 00:00:00,38.7,63.0,26.6,30.0,2.6,4.1,90.0,0.2,1.5,0.0,49.8,27.5,86.0,41.0,30.167,29.821,15.0,20.0,49.8,0.3460000000000001
431,2022-04-11 00:00:00,43.6,51.0,20.5,30.1,3.7,5.5,295.0,0.2,1.5,0.0,63.9,24.5,89.0,10.0,30.235,29.889,20.7,26.0,63.9,0.3460000000000001
432,2022-04-12 00:00:00,47.7,42.0,22.4,29.8,3.0,4.7,236.0,0.2,1.5,0.0,63.2,31.0,73.0,15.0,29.944,29.367,24.2,32.0,63.2,0.5769999999999982
433,2022-04-13 00:00:00,40.2,51.0,22.1,29.6,11.6,16.4,317.0,0.2,1.5,0.0,49.2,33.8,83.0,21.0,29.937,29.376,33.4,46.0,49.2,0.5609999999999999
434,2022-04-14 00:00:00,44.3,35.0,16.6,30.0,5.8,8.7,291.0,0.2,1.5,0.0,57.5,33.5,61.0,15.0,30.103,29.829,21.9,31.0,57.5,0.2740000000000009
435,2022-04-15 00:00:00,42.9,50.0,23.9,30.2,3.2,5.1,107.0,0.2,1.5,0.0,57.3,24.5,80.0,28.0,30.314,30.015,17.3,20.0,57.3,0.2989999999999995
436,2022-04-16 00:00:00,39.9,71.0,31.1,30.2,2.1,3.7,112.0,0.2,1.5,0.0,44.1,35.3,84.0,51.0,30.336,30.127,10.4,14.0,44.1,0.20899999999999963
437,2022-04-17 00:00:00,39.5,82.0,34.1,30.1,1.9,3.0,80.0,0.31,1.61,0.0,49.6,31.6,92.0,53.0,30.135,29.949,12.7,14.0,49.6,0.18599999999999994
438,2022-04-18 00:00:00,43.0,62.0,27.6,30.0,0.1,0.2,34.0,0.32,1.62,0.0,63.5,25.8,94.0,13.0,30.158,29.912,2.3,3.0,63.5,0.24600000000000222
439,2022-04-19 00:00:00,44.5,51.0,24.3,29.9,0.0,0.0,-0.0,0.32,1.62,0.0,62.3,25.6,83.0,15.0,30.083,29.812,0.0,0.0,62.3,0.27099999999999724
440,2022-04-20 00:00:00,42.4,67.0,30.5,29.8,0.0,0.0,-0.0,0.33,1.63,0.0,61.8,26.4,87.0,18.0,29.939,29.707,0.0,0.0,61.8,0.23199999999999932
441,2022-04-21 00:00:00,44.0,76.0,36.4,29.7,0.0,0.0,-0.0,0.72,2.02,0.0,57.9,32.5,92.0,49.0,29.838,29.494,0.0,0.0,57.9,0.3440000000000012
442,2022-04-22 00:00:00,39.4,82.0,34.0,29.5,0.0,0.0,-0.0,1.12,2.42,0.0,54.9,32.5,93.0,49.0,29.588,29.395,0.0,0.0,54.9,0.1930000000000014
443,2022-04-23 00:00:00,32.9,90.0,30.4,29.5,0.0,0.0,-0.0,1.43,2.73,0.0,37.0,30.3,94.0,76.0,29.726,29.368,0.0,0.0,37.0,0.35800000000000054
444,2022-04-24 00:00:00,37.6,55.0,21.5,29.9,4.7,5.2,353.0,1.86,3.16,0.0,47.4,29.8,89.0,26.0,29.982,29.726,13.8,24.0,47.4,0.2560000000000002
445,2022-04-25 00:00:00,40.5,56.0,25.0,29.9,11.1,12.8,345.0,1.86,3.16,0.0,49.8,26.7,91.0,33.0,30.112,29.8,20.7,33.0,49.8,0.3119999999999976
446,2022-04-26 00:00:00,32.7,68.0,21.9,30.1,9.0,10.2,353.0,1.97,3.27,0.0,43.8,18.8,91.0,31.0,30.261,30.078,15.0,21.0,43.8,0.18299999999999983
447,2022-04-27 00:00:00,45.7,48.0,21.9,29.8,7.6,9.2,340.0,1.97,3.27,0.0,63.5,24.5,91.0,12.0,30.1,29.393,20.7,29.0,63.5,0.7070000000000007
448,2022-04-28 00:00:00,52.0,37.0,22.5,29.2,10.0,12.5,323.0,2.18,3.48,0.0,59.9,35.5,90.0,19.0,29.394,29.126,31.1,39.0,59.9,0.26799999999999713
449,2022-04-29 00:00:00,32.2,63.0,19.6,29.4,9.4,11.1,344.0,2.46,3.76,0.0,36.5,27.0,94.0,30.0,29.518,29.203,21.9,38.0,36.5,0.3150000000000013
450,2022-04-30 00:00:00,31.7,50.0,15.1,29.5,11.2,13.1,338.0,2.46,3.76,0.0,38.0,26.7,87.0,35.0,29.726,29.448,26.5,39.0,38.0,0.2779999999999987
451,2022-05-01 00:00:00,34.3,52.0,17.6,29.7,14.3,16.5,338.0,0.0,3.77,0.0,42.3,27.2,71.0,28.0,29.744,29.561,26.5,35.0,42.3,0.18299999999999983
452,2022-05-02 00:00:00,32.1,71.0,22.9,29.8,7.4,8.2,5.0,0.14,3.91,0.0,40.6,24.5,90.0,45.0,30.084,29.534,18.4,22.0,40.6,0.5500000000000007
453,2022-05-03 00:00:00,39.6,49.0,20.5,30.0,16.1,16.3,356.0,0.2,3.97,0.0,51.7,23.3,92.0,32.0,30.116,29.739,28.8,33.0,51.7,0.3769999999999989
454,2022-05-04 00:00:00,48.5,30.0,18.1,29.7,21.9,21.9,0.0,0.2,3.97,0.0,56.3,41.6,41.0,20.0,29.826,29.584,21.9,22.0,56.3,0.24200000000000088
455,2022-05-05 00:00:00,43.7,34.0,16.1,29.8,21.7,52.7,1.0,0.2,3.97,0.0,49.5,38.9,65.0,22.0,29.917,29.68,21.9,255.0,49.5,0.23700000000000188
456,2022-05-06 00:00:00,42.6,62.0,30.4,29.6,21.9,21.9,-0.0,0.2,3.97,0.0,49.9,37.3,83.0,23.0,30.253,29.542,21.9,22.0,49.9,0.7109999999999985
457,2022-05-08 00:00:00,35.0,55.0,19.9,30.2,7.4,7.6,4.0,0.2,3.97,0.0,44.9,20.0,81.0,33.0,30.358,29.951,21.9,22.0,44.9,0.40700000000000003
458,2022-05-09 00:00:00,46.8,51.0,24.9,29.8,11.2,11.4,358.0,0.2,3.97,0.0,66.9,26.7,87.0,12.0,30.007,29.498,24.2,35.0,75.8,0.5090000000000003
459,2022-05-10 00:00:00,45.0,49.0,25.6,29.5,19.6,19.6,0.0,0.2,3.97,0.0,52.9,37.9,76.0,17.0,29.751,29.375,19.6,20.0,52.9,0.3760000000000012
460,2022-05-11 00:00:00,32.0,90.0,29.4,29.8,19.6,22.3,0.0,0.22,3.99,0.0,37.6,28.8,94.0,71.0,29.943,29.753,19.6,255.0,37.6,0.19000000000000128
461,2022-05-12 00:00:00,28.6,89.0,25.8,30.0,12.3,12.4,2.0,0.65,4.42,0.0,34.9,24.5,93.0,78.0,30.171,29.923,19.6,20.0,34.9,0.2480000000000011
462,2022-05-13 00:00:00,30.6,84.0,26.2,30.2,3.5,3.5,3.0,1.05,4.82,0.0,38.6,16.9,92.0,65.0,30.339,30.121,8.1,8.0,38.6,0.21799999999999997
463,2022-05-14 00:00:00,36.6,85.0,32.1,30.2,1.3,18.2,360.0,1.38,5.15,0.0,51.3,29.3,93.0,50.0,30.32,30.062,3.5,255.0,51.3,0.2579999999999991
464,2022-05-15 00:00:00,39.8,72.0,30.4,30.1,1.0,237.8,354.0,1.49,5.26,0.0,50.2,32.7,94.0,42.0,30.134,29.995,11.5,255.0,50.2,0.13899999999999935
465,2022-05-16 00:00:00,46.3,50.0,26.4,30.1,4.0,176.7,19.0,1.49,5.26,0.0,60.1,32.5,80.0,20.0,30.226,29.932,19.6,255.0,60.1,0.2940000000000005
466,2022-05-17 00:00:00,48.1,57.0,31.0,30.0,4.7,161.5,17.0,1.49,5.26,0.0,66.0,27.9,90.0,17.0,30.157,29.821,18.4,255.0,76.7,0.3359999999999985
467,2022-05-18 00:00:00,46.8,69.0,36.2,29.7,6.2,187.2,9.0,1.69,5.46,0.0,64.5,36.0,88.0,28.0,29.864,29.587,20.7,255.0,76.5,0.277000000000001
468,2022-05-19 00:00:00,48.8,50.0,30.4,29.7,14.8,240.4,2.0,1.69,5.46,0.0,55.9,41.5,76.0,37.0,29.76,29.574,19.6,255.0,55.9,0.18599999999999994
469,2022-05-20 00:00:00,51.0,63.0,35.7,29.8,11.0,178.5,353.0,1.69,5.46,0.0,66.1,36.3,91.0,21.0,29.882,29.687,20.7,255.0,75.2,0.19500000000000028
470,2022-05-21 00:00:00,51.4,69.0,40.5,29.6,3.9,137.3,24.0,1.69,5.46,0.0,64.3,36.6,94.0,43.0,29.855,29.398,11.5,255.0,64.3,0.45700000000000074
471,2022-05-22 00:00:00,60.6,29.0,23.6,29.2,12.2,80.4,333.0,1.69,5.46,0.0,73.2,40.0,84.0,13.0,29.417,29.073,32.2,255.0,76.2,0.3440000000000012
472,2022-05-23 00:00:00,48.4,55.0,32.2,29.6,7.6,9.1,14.0,1.69,5.46,0.0,57.8,41.1,83.0,36.0,29.72,29.375,19.6,21.0,57.8,0.34499999999999886
473,2022-05-24 00:00:00,43.9,51.0,23.8,29.6,11.8,14.5,333.0,1.69,5.46,0.0,62.7,33.8,92.0,19.0,29.807,29.288,34.5,51.0,62.7,0.5189999999999984
474,2022-05-25 00:00:00,48.7,40.0,24.4,30.0,5.2,6.8,15.0,1.69,5.46,0.0,58.4,38.2,75.0,28.0,30.034,29.808,12.7,18.0,58.4,0.2259999999999991
475,2022-05-26 00:00:00,53.2,67.0,41.7,29.9,3.5,5.1,86.0,1.69,5.46,0.0,67.1,34.9,90.0,25.0,30.07,29.743,16.1,25.0,79.0,0.32700000000000173
476,2022-05-27 00:00:00,57.7,58.0,40.2,29.8,4.1,4.9,4.0,1.69,5.46,0.0,74.6,39.8,93.0,22.0,29.917,29.674,9.2,14.0,79.1,0.2430000000000021
477,2022-05-28 00:00:00,61.7,37.0,30.0,29.6,7.7,9.5,352.0,1.69,5.46,0.0,80.7,39.5,73.0,11.0,29.807,29.382,19.6,29.0,78.8,0.42499999999999716
478,2022-05-29 00:00:00,58.3,41.0,32.5,29.5,8.9,10.3,13.0,1.7,5.47,0.0,72.7,43.1,80.0,10.0,29.73,29.373,20.7,26.0,79.1,0.3569999999999993
479,2022-05-30 00:00:00,50.0,59.0,35.1,29.9,6.7,8.5,34.0,1.7,5.47,0.0,59.9,35.2,88.0,34.0,30.022,29.715,16.1,21.0,59.9,0.3069999999999986
480,2022-05-31 00:00:00,53.0,44.0,25.7,29.9,7.1,8.7,337.0,1.7,5.47,0.0,69.4,30.6,83.0,11.0,30.012,29.729,18.4,26.0,76.5,0.28300000000000125
481,2022-06-01 00:00:00,54.8,40.0,26.4,29.7,10.1,12.1,345.0,0.0,5.48,0.0,71.5,34.9,75.0,14.0,29.829,29.63,24.2,35.0,75.9,0.19900000000000162
482,2022-06-02 00:00:00,52.8,56.0,36.1,29.8,6.3,7.6,344.0,0.0,5.48,0.0,66.0,40.1,84.0,29.0,29.834,29.672,17.3,25.0,77.5,0.16199999999999903
483,2022-06-03 00:00:00,57.7,48.0,36.9,29.7,4.3,5.4,348.0,0.0,5.48,0.0,70.1,43.1,74.0,28.0,29.826,29.592,18.4,29.0,78.5,0.23400000000000176
484,2022-06-04 00:00:00,63.6,43.0,37.8,29.6,8.0,9.8,333.0,0.0,5.48,0.0,79.0,43.2,80.0,22.0,29.735,29.472,20.7,28.0,79.1,0.2629999999999981
485,2022-06-05 00:00:00,68.2,38.0,41.0,29.6,6.5,11.8,340.0,0.0,5.48,0.0,77.6,58.4,64.0,27.0,29.82,29.446,18.4,255.0,78.6,0.3739999999999988
486,2022-06-06 00:00:00,62.6,59.0,45.3,29.8,3.1,7.2,329.0,0.14,5.62,0.0,83.8,44.5,91.0,19.0,29.969,29.701,19.6,255.0,81.2,0.2680000000000007
487,2022-06-07 00:00:00,66.9,50.0,41.0,29.6,6.9,15.3,323.0,0.19,5.67,0.0,84.3,47.3,91.0,13.0,29.834,29.425,23.0,255.0,81.5,0.4089999999999989
488,2022-06-08 00:00:00,57.9,71.0,48.0,29.7,6.8,7.9,5.0,0.21,5.69,0.0,68.3,52.6,91.0,40.0,29.896,29.491,18.4,28.0,79.1,0.40500000000000114
489,2022-06-09 00:00:00,60.0,71.0,49.1,29.7,3.5,4.5,45.0,0.22,5.7,0.0,74.6,44.2,94.0,37.0,29.902,29.494,17.3,25.0,78.2,0.40800000000000125
490,2022-06-10 00:00:00,61.4,59.0,45.0,29.5,4.7,6.2,24.0,0.24,5.72,0.0,70.4,49.9,92.0,20.0,29.597,29.344,18.4,25.0,79.1,0.2530000000000001
491,2022-06-11 00:00:00,53.3,79.0,46.5,29.7,4.9,8.9,20.0,0.78,6.26,0.0,63.2,46.2,94.0,50.0,29.86,29.494,11.5,255.0,63.2,0.36599999999999966
492,2022-06-12 00:00:00,43.5,92.0,41.2,30.0,4.6,4.7,4.0,1.27,6.75,0.0,47.7,41.9,94.0,87.0,30.145,29.805,6.9,8.0,47.7,0.33999999999999986
493,2022-06-13 00:00:00,42.4,90.0,39.5,30.1,4.6,4.9,12.0,1.95,7.43,0.0,50.9,38.3,94.0,72.0,30.175,29.989,11.5,14.0,50.9,0.18599999999999994
494,2022-06-14 00:00:00,48.0,71.0,37.7,30.0,4.5,5.4,5.0,1.95,7.43,0.0,61.3,38.3,94.0,36.0,30.131,29.861,15.0,22.0,61.3,0.2699999999999996
495,2022-06-15 00:00:00,57.2,42.0,33.1,29.8,4.3,6.0,341.0,1.95,7.43,0.0,67.6,43.5,68.0,24.0,29.967,29.746,13.8,20.0,78.2,0.22100000000000009
496,2022-06-16 00:00:00,59.1,50.0,37.7,29.7,3.9,5.4,359.0,1.95,7.43,0.0,74.0,39.3,87.0,19.0,29.828,29.379,13.8,20.0,79.0,0.44899999999999807
497,2022-06-17 00:00:00,59.8,28.0,23.6,29.6,13.7,16.8,327.0,1.95,7.43,0.0,70.4,45.5,69.0,11.0,29.797,29.471,27.6,38.0,73.6,0.3260000000000005
498,2022-06-18 00:00:00,58.6,44.0,33.0,29.8,10.1,12.2,339.0,1.95,7.43,0.0,77.4,36.5,75.0,9.0,29.881,29.692,29.9,40.0,79.1,0.18900000000000006
499,2022-06-19 00:00:00,59.7,66.0,47.3,29.8,4.1,5.7,57.0,1.95,7.43,0.0,74.6,42.5,89.0,41.0,29.897,29.69,16.1,20.0,78.0,0.2069999999999972
500,2022-06-20 00:00:00,59.4,64.0,45.7,29.8,5.5,7.0,38.0,1.95,7.43,0.0,77.5,40.3,88.0,12.0,29.905,29.654,20.7,26.0,79.1,0.2510000000000012
501,2022-06-21 00:00:00,61.9,47.0,35.5,29.8,6.7,8.1,355.0,1.95,7.43,0.0,78.6,40.8,90.0,9.0,29.903,29.639,23.0,31.0,78.6,0.26399999999999935
502,2022-06-22 00:00:00,62.4,35.0,25.3,29.8,11.2,15.9,340.0,1.95,7.43,0.0,78.1,39.5,80.0,7.0,29.865,29.708,26.5,255.0,79.0,0.15700000000000003
503,2022-06-23 00:00:00,57.7,48.0,37.7,30.0,4.9,6.2,3.0,1.95,7.43,0.0,68.1,40.9,68.0,33.0,30.105,29.863,12.7,14.0,79.1,0.24200000000000088
504,2022-06-24 00:00:00,63.0,46.0,35.9,29.9,3.0,4.1,359.0,1.95,7.43,0.0,84.9,40.9,90.0,10.0,30.091,29.738,18.4,32.0,81.8,0.35300000000000153
505,2022-06-25 00:00:00,65.8,32.0,30.4,29.8,6.2,7.6,331.0,1.95,7.43,0.0,84.7,40.1,69.0,10.0,29.916,29.599,19.6,25.0,81.6,0.31700000000000017
506,2022-06-26 00:00:00,65.9,38.0,38.8,29.6,8.1,10.3,340.0,1.95,7.43,0.0,77.8,52.9,62.0,22.0,29.76,29.549,20.7,32.0,79.1,0.21100000000000207
507,2022-06-27 00:00:00,58.6,65.0,46.0,29.8,3.5,4.8,60.0,2.15,7.63,0.0,71.3,41.3,92.0,45.0,29.933,29.707,12.7,18.0,78.5,0.2259999999999991
508,2022-06-28 00:00:00,61.9,58.0,43.1,29.9,16.9,32.3,6.0,2.16,7.64,0.0,77.4,42.3,95.0,20.0,30.2,29.788,95.5,255.0,79.1,0.41199999999999903
509,2022-06-29 00:00:00,64.7,46.0,40.6,29.9,1.6,127.3,166.0,2.16,7.64,0.0,77.7,43.9,84.0,22.0,29.989,29.71,9.2,255.0,78.8,0.2789999999999999
510,2022-06-30 00:00:00,64.6,44.0,38.7,29.8,4.0,133.6,59.0,2.16,7.64,0.0,79.9,42.9,80.0,20.0,29.941,29.591,15.0,255.0,79.0,0.34999999999999787
511,2022-07-01 00:00:00,65.5,47.0,42.1,29.7,6.6,144.9,340.0,0.16,7.8,0.0,81.8,51.3,86.0,19.0,29.827,29.546,24.2,255.3,79.8,0.28100000000000236
512,2022-07-02 00:00:00,63.5,61.0,47.6,29.6,4.8,138.2,347.0,0.16,7.8,0.0,76.8,48.0,92.0,27.0,29.843,29.379,15.0,255.3,78.8,0.46399999999999864
513,2022-07-03 00:00:00,67.2,40.0,36.2,29.5,8.6,125.5,326.0,0.16,7.8,0.0,81.3,46.7,84.0,11.0,29.658,29.263,25.3,255.3,79.2,0.3949999999999996
514,2022-07-04 00:00:00,57.3,72.0,47.8,29.6,5.3,133.9,29.0,0.27,7.91,0.0,68.1,47.1,89.0,51.0,29.844,29.411,11.5,255.3,78.1,0.43299999999999983
515,2022-07-05 00:00:00,59.8,42.0,34.0,29.8,8.7,78.4,339.0,0.27,7.91,0.0,75.9,46.7,90.0,16.0,29.846,29.525,23.0,255.3,78.4,0.3210000000000015
516,2022-07-06 00:00:00,61.0,51.0,38.1,29.8,3.6,6.0,124.0,0.35,7.99,0.0,79.0,40.3,90.0,17.0,29.864,29.638,20.7,26.5,78.9,0.2259999999999991
517,2022-07-07 00:00:00,51.2,87.0,47.6,30.0,3.1,4.8,87.0,0.96,8.6,0.0,59.8,46.0,92.0,69.0,30.229,29.835,15.0,19.6,59.8,0.39399999999999835
518,2022-07-08 00:00:00,51.4,81.0,45.6,30.2,2.0,3.3,51.0,1.07,8.71,0.0,63.1,40.1,94.0,63.0,30.253,30.054,12.7,17.3,63.1,0.19900000000000162
519,2022-07-09 00:00:00,56.3,67.0,44.0,30.1,2.8,4.3,90.0,1.07,8.71,0.0,70.3,39.1,94.0,35.0,30.232,29.931,20.7,26.5,79.1,0.3009999999999984
520,2022-07-10 00:00:00,61.0,53.0,40.5,29.9,4.6,7.3,329.0,1.07,8.71,0.0,77.0,43.9,89.0,20.0,29.982,29.706,26.5,38.0,79.1,0.2759999999999998
521,2022-07-11 00:00:00,61.5,46.0,38.9,29.8,5.1,7.8,321.0,1.07,8.71,0.0,77.7,42.9,80.0,20.0,29.908,29.614,24.2,34.5,79.1,0.2940000000000005
522,2022-07-12 00:00:00,68.1,35.0,37.7,29.6,6.4,10.3,327.0,1.07,8.71,0.0,80.7,55.7,56.0,19.0,29.685,29.456,19.6,31.1,79.1,0.2289999999999992
523,2022-07-13 00:00:00,71.6,31.0,38.5,29.5,5.3,8.3,320.0,1.07,8.71,0.0,83.8,56.9,47.0,17.0,29.677,29.442,32.2,48.3,81.1,0.23499999999999943
524,2022-07-14 00:00:00,70.1,40.0,43.4,29.7,4.7,7.7,335.0,1.13,8.77,0.0,81.0,58.1,71.0,21.0,29.835,29.506,20.7,28.8,79.3,0.3290000000000006
525,2022-07-15 00:00:00,66.9,42.0,35.7,29.9,3.7,6.5,350.0,1.13,8.77,0.0,83.6,48.4,86.0,10.0,29.98,29.816,19.6,29.9,80.8,0.16400000000000148
526,2022-07-16 00:00:00,68.0,29.0,27.1,29.9,4.1,6.8,340.0,1.13,8.77,0.0,87.8,41.6,69.0,7.0,29.968,29.743,18.4,27.6,84.2,0.22500000000000142
527,2022-07-17 00:00:00,68.2,34.0,35.1,29.8,2.5,4.1,58.0,1.13,8.77,0.0,87.2,46.0,61.0,11.0,29.903,29.741,12.7,18.4,83.6,0.16199999999999903
528,2022-07-18 00:00:00,67.8,44.0,42.6,29.8,2.5,4.3,86.0,1.13,8.77,0.0,83.2,49.9,75.0,20.0,29.884,29.663,13.8,19.6,80.9,0.22100000000000009
529,2022-07-19 00:00:00,65.0,50.0,43.3,29.7,3.9,6.1,311.0,1.14,8.78,0.0,87.0,45.4,79.0,16.0,29.914,29.618,25.3,39.1,83.5,0.2960000000000029
530,2022-07-20 00:00:00,59.5,66.0,47.6,29.8,2.8,4.4,81.0,1.14,8.78,0.0,76.5,48.0,85.0,40.0,29.857,29.645,12.7,19.6,78.2,0.21199999999999974
531,2022-07-22 00:00:00,65.9,54.0,47.2,29.7,5.5,6.8,331.0,1.16,8.8,0.0,82.0,52.0,85.0,24.0,29.849,29.582,18.4,27.6,80.4,0.26699999999999946
532,2022-07-23 00:00:00,68.4,41.0,38.8,29.7,5.3,8.0,319.0,1.16,8.8,0.0,83.7,48.6,81.0,13.0,29.803,29.612,18.4,26.5,81.0,0.1910000000000025
533,2022-07-24 00:00:00,62.5,61.0,48.2,29.9,2.9,5.2,139.0,1.16,8.8,0.0,71.6,54.4,82.0,42.0,29.958,29.742,9.2,16.1,78.7,0.21599999999999753
534,2022-07-25 00:00:00,64.6,60.0,49.4,29.8,2.8,4.4,90.0,1.16,8.8,0.0,77.8,48.0,90.0,35.0,29.978,29.699,12.7,16.1,78.8,0.2789999999999999
535,2022-07-26 00:00:00,67.9,43.0,40.3,29.7,2.4,4.1,133.0,1.16,8.8,0.0,85.8,45.4,82.0,17.0,29.867,29.595,16.1,19.6,82.7,0.272000000000002
536,2022-07-27 00:00:00,66.1,50.0,44.8,29.7,4.9,7.4,314.0,1.2,8.84,0.0,82.8,50.5,81.0,21.0,29.887,29.615,19.6,27.6,80.6,0.272000000000002
537,2022-07-28 00:00:00,63.7,74.0,54.5,29.9,2.7,4.6,87.0,1.25,8.89,0.0,76.2,57.5,90.0,43.0,29.985,29.789,11.5,16.1,78.0,0.19599999999999795
538,2022-07-29 00:00:00,64.1,70.0,53.2,29.9,2.9,4.5,360.0,2.41,10.05,0.0,78.3,57.3,94.0,34.0,29.986,29.758,19.6,26.5,78.6,0.22800000000000153
539,2022-07-30 00:00:00,63.3,73.0,53.3,29.9,2.0,3.4,50.0,2.43,10.07,0.0,79.5,50.4,94.0,38.0,29.956,29.766,17.3,24.2,79.8,0.19000000000000128
540,2022-07-31 00:00:00,64.7,67.0,52.4,29.8,1.9,3.3,91.0,2.43,10.07,0.0,79.4,49.1,94.0,39.0,29.946,29.645,10.4,16.1,79.8,0.30100000000000193
541,2022-08-01 00:00:00,63.4,72.0,52.8,29.7,2.9,4.2,4.0,0.53,10.63,0.0,79.2,54.8,92.0,35.0,29.825,29.526,23.0,33.4,79.4,0.2989999999999995
542,2022-08-02 00:00:00,60.5,78.0,53.0,29.9,2.6,4.0,323.0,0.64,10.74,0.0,75.4,55.0,92.0,41.0,29.986,29.711,11.5,18.4,77.8,0.27500000000000213
543,2022-08-03 00:00:00,60.9,70.0,49.9,29.9,3.2,4.9,306.0,0.67,10.77,0.0,76.7,48.6,93.0,38.0,30.019,29.797,18.4,27.6,78.8,0.22199999999999775
544,2022-08-04 00:00:00,58.9,73.0,49.7,30.0,2.3,3.8,9.0,0.76,10.86,0.0,74.6,50.8,86.0,42.0,30.134,29.852,19.6,29.9,79.1,0.28200000000000003
545,2022-08-05 00:00:00,57.8,73.0,48.2,30.0,2.0,3.4,27.0,0.8,10.9,0.0,72.1,44.2,94.0,38.0,30.103,29.853,20.7,28.8,78.5,0.25
546,2022-08-06 00:00:00,62.0,60.0,45.8,29.9,3.6,5.0,321.0,0.83,10.93,0.0,77.4,45.5,94.0,26.0,29.994,29.723,20.7,39.1,79.1,0.2710000000000008
547,2022-08-07 00:00:00,65.8,49.0,43.6,29.7,5.4,6.3,323.0,0.83,10.93,0.0,80.5,48.3,84.0,21.0,29.832,29.593,16.1,21.9,79.2,0.23900000000000077
548,2022-08-08 00:00:00,65.2,53.0,45.9,29.7,6.4,7.9,320.0,0.84,10.94,0.0,77.4,53.6,87.0,23.0,29.781,29.611,20.7,28.8,79.0,0.16999999999999815
549,2022-08-09 00:00:00,59.8,69.0,49.1,29.8,1.5,2.2,323.0,0.85,10.95,0.0,71.6,50.0,86.0,43.0,29.896,29.727,15.0,19.6,78.3,0.16900000000000048
550,2022-08-10 00:00:00,61.2,50.0,37.1,29.9,4.6,5.7,309.0,0.86,10.97,0.0,78.0,41.9,93.0,16.0,29.965,29.792,17.3,25.3,78.6,0.17299999999999827
551,2022-08-11 00:00:00,62.8,44.0,37.1,29.8,6.8,10.0,314.0,0.86,10.97,0.0,80.5,44.9,75.0,15.0,29.939,29.661,27.6,36.8,79.1,0.2779999999999987
552,2022-08-12 00:00:00,63.4,46.0,40.2,29.7,6.5,9.5,318.0,0.87,10.98,0.0,76.5,48.8,78.0,20.0,29.786,29.532,25.3,35.7,79.0,0.25400000000000134
553,2022-08-13 00:00:00,61.4,39.0,32.6,29.7,5.3,8.0,313.0,0.87,10.98,0.0,78.8,42.8,81.0,13.0,29.773,29.625,21.9,31.1,77.8,0.1479999999999997
554,2022-08-14 00:00:00,56.2,56.0,40.2,29.9,3.5,5.2,97.0,0.87,10.98,0.0,67.8,40.2,75.0,36.0,30.062,29.742,17.3,19.6,79.2,0.3200000000000003
555,2022-08-15 00:00:00,61.8,65.0,49.3,30.0,3.5,5.4,109.0,0.87,10.98,0.0,73.5,46.1,85.0,47.0,30.12,29.851,13.8,18.4,79.0,0.2690000000000019
556,2022-08-16 00:00:00,60.2,65.0,46.5,29.9,4.7,7.0,2.0,0.89,11.0,0.0,77.8,46.4,94.0,26.0,29.983,29.755,17.3,26.5,79.1,0.22800000000000153
557,2022-08-17 00:00:00,61.7,53.0,38.8,29.9,3.5,5.9,332.0,0.9,11.01,0.0,79.9,41.3,94.0,16.0,30.036,29.842,18.4,26.5,79.1,0.19400000000000261
558,2022-08-18 00:00:00,67.0,38.0,36.4,29.8,3.6,5.5,283.0,0.9,11.01,0.0,85.1,48.3,69.0,13.0,29.956,29.655,17.3,26.5,82.0,0.3009999999999984
559,2022-08-19 00:00:00,62.6,53.0,44.9,29.6,6.0,8.9,308.0,1.06,11.17,0.0,68.6,55.1,89.0,41.0,29.774,29.556,17.3,27.6,79.1,0.21799999999999997
560,2022-08-20 00:00:00,64.8,41.0,39.4,29.7,6.3,9.3,307.0,1.06,11.17,0.0,77.5,51.3,60.0,22.0,29.837,29.626,19.6,28.8,78.9,0.21099999999999852
561,2022-08-21 00:00:00,62.7,43.0,35.9,29.8,3.3,5.1,305.0,1.06,11.17,0.0,81.2,44.5,78.0,16.0,29.91,29.77,16.1,21.9,79.2,0.14000000000000057
562,2022-08-22 00:00:00,67.6,36.0,36.1,29.8,4.6,7.0,301.0,1.06,11.17,0.0,86.1,45.1,70.0,14.0,29.89,29.54,17.3,26.5,82.7,0.3500000000000014
563,2022-08-23 00:00:00,67.5,43.0,43.6,29.8,6.4,9.6,298.0,1.06,11.17,0.0,77.7,51.6,68.0,24.0,30.082,29.488,21.9,32.2,78.9,0.5940000000000012
564,2022-08-24 00:00:00,57.8,60.0,43.8,30.1,3.1,4.9,95.0,1.06,11.17,0.0,70.3,49.8,85.0,45.0,30.259,30.002,12.7,16.1,78.8,0.25700000000000145
565,2022-08-25 00:00:00,60.8,53.0,39.1,30.1,2.1,3.7,125.0,1.06,11.17,0.0,77.7,40.2,90.0,11.0,30.225,29.926,16.1,18.4,78.9,0.29900000000000304
566,2022-08-26 00:00:00,62.8,39.0,31.0,29.9,2.9,4.7,274.0,1.06,11.17,0.0,83.4,39.6,77.0,12.0,30.108,29.758,17.3,25.3,80.7,0.3500000000000014
567,2022-08-27 00:00:00,65.9,32.0,32.3,29.7,5.3,8.0,288.0,1.06,11.17,0.0,84.1,44.6,64.0,13.0,29.837,29.445,24.2,33.4,81.2,0.39199999999999946
568,2022-08-28 00:00:00,65.5,39.0,37.9,29.5,5.4,8.2,314.0,1.09,11.2,0.0,78.1,53.2,79.0,19.0,29.538,29.328,23.0,32.2,78.8,0.21000000000000085
569,2022-08-29 00:00:00,66.8,29.0,32.9,29.5,7.4,11.2,299.0,1.09,11.2,0.0,77.8,53.2,62.0,16.0,29.598,29.359,23.0,34.5,78.2,0.23899999999999721
570,2022-08-30 00:00:00,60.6,36.0,31.6,29.6,7.6,10.8,313.0,1.09,11.2,0.0,73.3,48.5,62.0,17.0,29.68,29.505,26.5,34.5,78.5,0.1750000000000007
571,2022-08-31 00:00:00,58.7,49.0,38.8,29.8,4.3,6.5,95.0,1.09,11.2,0.0,67.1,47.4,71.0,32.0,29.95,29.63,15.0,21.9,78.7,0.3200000000000003
572,2022-09-01 00:00:00,58.1,41.0,28.1,29.8,5.2,10.9,322.0,0.0,11.2,0.0,76.7,36.3,87.0,13.0,29.972,29.458,156.4,255.3,76.3,0.5140000000000029
573,2022-09-02 00:00:00,53.9,48.0,34.1,30.0,4.6,6.9,111.0,0.0,11.2,0.0,63.1,43.5,62.0,35.0,30.276,29.737,19.6,21.9,63.1,0.5390000000000015
574,2022-09-03 00:00:00,53.3,44.0,29.0,30.2,2.4,4.0,117.0,0.0,11.2,0.0,73.7,30.9,85.0,20.0,30.356,30.024,13.8,19.6,75.8,0.33200000000000074
575,2022-09-04 00:00:00,62.4,31.0,26.4,29.8,4.8,7.8,336.0,0.0,11.2,0.0,83.0,38.0,66.0,11.0,30.05,29.578,20.7,29.9,80.3,0.4720000000000013
576,2022-09-05 00:00:00,66.9,21.0,23.3,29.5,7.2,10.8,321.0,0.0,11.2,0.0,79.4,49.8,38.0,10.0,29.642,29.289,26.5,34.5,77.7,0.352999999999998
577,2022-09-06 00:00:00,56.2,24.0,15.2,29.6,10.2,14.9,336.0,0.0,11.2,0.0,65.3,41.5,57.0,6.0,30.046,29.308,34.5,50.6,67.4,0.7379999999999995
578,2022-09-07 00:00:00,53.5,27.0,15.5,30.0,2.7,4.4,103.0,0.0,11.2,0.0,75.7,27.1,58.0,8.0,30.184,29.7,16.1,20.7,75.2,0.48400000000000176
579,2022-09-08 00:00:00,59.5,49.0,38.1,29.7,7.9,11.3,311.0,0.15,11.35,0.0,74.6,45.2,85.0,24.0,29.731,29.565,24.2,34.5,78.7,0.16600000000000037
580,2022-09-09 00:00:00,58.1,49.0,33.5,29.6,6.0,8.9,326.0,0.16,11.36,0.0,74.6,39.3,93.0,16.0,29.77,29.449,20.7,29.9,79.1,0.32099999999999795
581,2022-09-10 00:00:00,56.0,28.0,22.7,29.7,10.2,14.8,327.0,0.16,11.36,0.0,63.7,48.0,45.0,18.0,29.929,29.449,25.3,46.0,63.7,0.4799999999999969
582,2022-09-11 00:00:00,56.4,24.0,16.6,30.0,7.4,10.2,311.0,0.16,11.36,0.0,73.0,38.5,45.0,9.0,30.064,29.867,20.7,26.5,73.5,0.19699999999999918
583,2022-09-12 00:00:00,58.5,22.0,15.6,30.0,6.3,9.0,314.0,0.16,11.36,0.0,75.6,36.2,52.0,10.0,30.108,29.828,23.0,26.5,75.0,0.28000000000000114
584,2022-09-13 00:00:00,56.5,31.0,22.4,30.0,2.9,4.6,306.0,0.16,11.36,0.0,78.3,35.9,63.0,11.0,30.173,29.851,20.7,27.6,77.0,0.3219999999999992
585,2022-09-14 00:00:00,59.4,29.0,21.7,29.9,5.3,7.7,309.0,0.16,11.36,0.0,79.3,36.6,68.0,8.0,30.092,29.713,23.0,31.1,77.6,0.3789999999999978
586,2022-09-15 00:00:00,60.4,28.0,23.7,29.8,4.6,7.6,349.0,0.16,11.36,0.0,78.4,43.5,50.0,8.0,29.935,29.729,20.7,33.4,77.0,0.20599999999999952
587,2022-09-16 00:00:00,59.2,37.0,26.1,29.9,3.3,5.4,354.0,0.16,11.36,0.0,79.6,36.6,81.0,10.0,30.048,29.779,17.3,26.5,77.8,0.26899999999999835
588,2022-09-17 00:00:00,59.1,29.0,22.2,29.9,4.8,6.3,311.0,0.16,11.36,0.0,80.3,38.5,61.0,9.0,30.029,29.772,18.4,27.6,78.3,0.25700000000000145
589,2022-09-18 00:00:00,57.6,40.0,26.9,29.9,5.4,7.4,290.0,0.16,11.36,0.0,81.6,36.8,70.0,8.0,30.089,29.778,25.3,33.4,79.3,0.31099999999999994
590,2022-09-19 00:00:00,63.3,34.0,24.1,29.8,5.8,46.9,313.0,0.16,11.36,0.0,83.2,36.5,76.0,5.0,30.085,29.419,169.1,255.3,80.6,0.6660000000000004
591,2022-09-20 00:00:00,65.1,31.0,31.2,29.5,10.1,69.7,320.0,0.17,11.37,0.0,78.6,45.8,57.0,18.0,29.877,29.35,172.5,255.3,78.5,0.5269999999999975
592,2022-09-21 00:00:00,62.8,50.0,42.3,29.6,1.6,181.0,359.0,0.17,11.37,0.0,73.3,37.9,84.0,36.0,29.914,29.327,116.2,255.3,77.7,0.5869999999999997
593,2022-09-22 00:00:00,58.6,51.0,38.6,29.6,3.9,100.4,336.0,0.17,11.37,0.0,73.3,45.4,84.0,27.0,29.799,29.468,115.0,255.3,78.0,0.3309999999999995
594,2022-09-24 00:00:00,60.5,23.0,22.3,30.0,9.7,13.8,321.0,0.17,11.37,0.0,72.1,52.0,32.0,13.0,30.053,29.896,23.0,32.2,74.4,0.15700000000000003
595,2022-09-25 00:00:00,61.2,24.0,22.2,30.0,5.1,7.8,353.0,0.17,11.37,0.0,73.9,43.9,57.0,14.0,30.165,29.931,18.4,26.5,75.2,0.2339999999999982
596,2022-09-26 00:00:00,57.8,40.0,28.5,30.0,1.5,3.0,145.0,0.17,11.37,0.0,82.0,34.3,78.0,12.0,30.265,29.858,16.1,20.7,79.6,0.40700000000000003
597,2022-09-27 00:00:00,62.1,30.0,27.5,29.9,3.4,5.6,86.0,0.17,11.37,0.0,79.8,45.1,58.0,12.0,29.996,29.812,16.1,25.3,78.1,0.1839999999999975
598,2022-09-28 00:00:00,58.9,38.0,27.6,29.9,1.7,3.2,152.0,0.17,11.37,0.0,83.5,34.7,80.0,11.0,30.177,29.727,11.5,18.4,80.8,0.4499999999999993
599,2022-09-29 00:00:00,65.4,25.0,26.3,29.8,6.8,10.2,93.0,0.17,11.37,0.0,77.2,51.3,57.0,11.0,29.939,29.585,20.7,29.9,76.8,0.3539999999999992
600,2022-09-30 00:00:00,53.1,54.0,34.6,30.0,2.5,4.1,118.0,0.17,11.37,0.0,71.5,34.9,87.0,22.0,30.143,29.877,12.7,17.3,78.5,0.2660000000000018
601,2022-10-01 00:00:00,53.8,46.0,30.6,30.1,3.1,5.1,121.0,0.0,11.48,0.0,72.3,34.7,77.0,16.0,30.25,30.012,16.1,19.6,77.3,0.23799999999999955
602,2022-10-02 00:00:00,49.6,57.0,33.8,30.1,2.6,4.1,104.0,0.0,11.48,0.0,65.9,32.4,86.0,30.0,30.34,30.027,12.7,18.4,78.0,0.31299999999999883
603,2022-10-03 00:00:00,52.7,41.0,25.0,30.0,1.8,3.4,20.0,0.0,11.48,0.0,76.1,34.1,80.0,12.0,30.167,29.865,18.4,26.5,76.2,0.30200000000000315
604,2022-10-04 00:00:00,54.5,38.0,27.3,29.9,4.9,7.6,320.0,0.0,11.48,0.0,70.4,35.2,64.0,19.0,29.966,29.748,24.2,34.5,76.3,0.21799999999999997
605,2022-10-05 00:00:00,53.9,46.0,31.1,30.0,2.0,3.6,92.0,0.0,11.48,0.0,71.7,34.9,79.0,21.0,30.189,29.903,13.8,18.4,76.7,0.28600000000000136
606,2022-10-06 00:00:00,50.7,74.0,42.4,30.2,2.2,3.9,117.0,0.0,11.48,0.0,63.9,43.1,89.0,44.0,30.285,30.023,8.1,12.7,63.9,0.26200000000000045
607,2022-10-07 00:00:00,55.6,52.0,35.0,30.0,3.5,5.9,318.0,0.0,11.48,0.0,72.5,37.2,90.0,19.0,30.257,29.782,28.8,41.4,77.7,0.4750000000000014
608,2022-10-08 00:00:00,48.8,47.0,28.9,29.9,8.7,13.2,325.0,0.02,11.5,0.0,59.5,38.6,82.0,21.0,30.023,29.739,26.5,41.4,59.5,0.2839999999999989
609,2022-10-09 00:00:00,46.9,40.0,23.4,30.0,10.9,16.3,322.0,0.02,11.5,0.0,53.9,42.3,50.0,27.0,30.108,29.947,24.2,34.5,53.9,0.16100000000000136
610,2022-10-10 00:00:00,48.3,52.0,31.2,30.0,5.1,8.2,353.0,0.02,11.5,0.0,58.1,42.3,80.0,36.0,30.042,29.889,18.4,27.6,58.1,0.15300000000000225
611,2022-10-11 00:00:00,48.5,54.0,29.4,30.0,2.6,4.5,28.0,0.03,11.51,0.0,65.5,31.9,86.0,19.0,30.12,29.904,16.1,25.3,75.2,0.21600000000000108
612,2022-10-12 00:00:00,41.8,78.0,35.4,30.2,2.4,3.9,120.0,0.21,11.69,0.0,46.8,35.6,90.0,58.0,30.398,29.964,16.1,20.7,46.8,0.43400000000000105
613,2022-10-13 00:00:00,41.3,73.0,31.9,30.4,1.5,2.8,131.0,0.22,11.7,0.0,58.4,26.7,93.0,31.0,30.566,30.267,10.4,16.1,58.4,0.2989999999999995
614,2022-10-14 00:00:00,47.6,52.0,24.9,30.3,4.0,6.0,315.0,0.23,11.71,0.0,69.5,27.3,92.0,15.0,30.483,30.076,20.7,26.5,73.8,0.40700000000000003
615,2022-10-15 00:00:00,54.6,29.0,19.8,30.0,6.9,10.1,331.0,0.23,11.71,0.0,68.5,35.2,64.0,15.0,30.09,29.797,20.7,28.8,72.8,0.29299999999999926
616,2022-10-16 00:00:00,48.2,42.0,24.9,30.1,3.1,5.1,68.0,0.23,11.71,0.0,62.9,32.5,80.0,24.0,30.236,29.885,12.7,17.3,62.9,0.3509999999999991
617,2022-10-17 00:00:00,45.8,55.0,26.9,30.0,3.8,6.1,331.0,0.23,11.71,0.0,65.8,27.0,87.0,20.0,30.233,29.887,17.3,26.5,74.9,0.3460000000000001
618,2022-10-18 00:00:00,40.0,74.0,31.9,30.1,2.5,3.9,61.0,0.48,11.96,0.0,48.6,32.4,93.0,50.0,30.174,29.864,10.4,13.8,48.6,0.3099999999999987
619,2022-10-19 00:00:00,41.3,66.0,27.8,30.1,3.3,5.0,304.0,0.49,11.97,0.0,61.6,25.8,94.0,24.0,30.282,30.009,16.1,21.9,61.6,0.2729999999999997
620,2022-10-20 00:00:00,44.3,50.0,24.0,30.1,1.9,3.6,183.0,0.49,11.97,0.0,62.8,27.2,86.0,21.0,30.228,29.999,6.9,13.8,62.8,0.22900000000000276
621,2022-10-21 00:00:00,44.0,59.0,27.9,30.0,1.6,3.1,174.0,0.49,11.97,0.0,64.3,25.4,88.0,22.0,30.184,29.669,8.1,13.8,64.3,0.5150000000000006
622,2022-10-22 00:00:00,41.3,86.0,37.3,29.7,1.1,1.9,323.0,0.64,12.12,0.0,46.2,35.8,93.0,70.0,29.795,29.59,12.7,20.7,46.2,0.20500000000000185
623,2022-10-23 00:00:00,44.9,57.0,30.1,29.7,8.0,11.9,323.0,0.64,12.12,0.0,51.6,39.3,93.0,40.0,29.787,29.565,25.3,34.5,51.6,0.22199999999999775
624,2022-10-24 00:00:00,44.9,54.0,29.2,29.6,12.4,18.5,315.0,0.64,12.12,0.0,49.6,39.5,68.0,44.0,29.787,29.365,32.2,51.8,49.6,0.4220000000000006
625,2022-10-25 00:00:00,36.6,62.0,24.3,29.4,11.2,17.4,326.0,1.0,12.48,0.0,48.6,27.0,91.0,34.0,29.652,29.109,29.9,42.6,48.6,0.5429999999999993
626,2022-10-26 00:00:00,28.9,50.0,11.9,29.7,15.1,22.5,323.0,1.0,12.48,0.0,34.4,23.8,86.0,31.0,29.87,29.578,38.0,57.5,34.4,0.2920000000000016
627,2022-10-27 00:00:00,30.4,37.0,7.0,30.2,13.9,20.9,327.0,1.0,12.48,0.0,36.2,26.0,50.0,25.0,30.489,29.855,32.2,47.2,36.2,0.6340000000000003
628,2022-10-28 00:00:00,40.0,23.0,1.0,30.4,4.2,6.8,336.0,1.0,12.48,0.0,57.2,17.7,49.0,7.0,30.676,30.07,16.1,26.5,57.2,0.6059999999999981
629,2022-10-29 00:00:00,53.4,22.0,14.7,30.0,15.8,22.1,321.0,1.0,12.48,0.0,61.0,47.4,30.0,10.0,30.106,29.824,32.2,42.6,61.0,0.28200000000000003
630,2022-10-30 00:00:00,53.1,29.0,20.7,29.8,7.3,10.7,308.0,1.0,12.48,0.0,64.0,44.2,56.0,14.0,29.866,29.654,19.6,31.1,64.0,0.21199999999999974
631,2022-10-31 00:00:00,43.0,51.0,25.6,29.9,8.8,12.9,319.0,1.06,12.54,0.0,50.4,35.8,88.0,31.0,30.129,29.696,20.7,34.5,50.4,0.43299999999999983
632,2022-11-01 00:00:00,41.1,47.0,21.0,30.3,5.1,7.7,314.0,0.0,12.55,0.0,52.2,27.6,75.0,26.0,30.482,30.055,15.0,21.9,52.2,0.4269999999999996
633,2022-11-02 00:00:00,44.7,47.0,23.9,30.4,2.3,4.1,76.0,0.0,12.55,0.0,69.0,28.4,76.0,22.0,30.527,30.22,17.3,27.6,75.9,0.30700000000000216
634,2022-11-03 00:00:00,40.6,65.0,28.9,30.5,1.8,3.4,101.0,0.0,12.55,0.0,56.2,27.3,89.0,38.0,30.679,30.297,10.4,13.8,56.2,0.3819999999999979
635,2022-11-04 00:00:00,36.4,57.0,19.0,30.4,1.4,2.7,118.0,0.0,12.55,0.0,55.6,22.1,91.0,17.0,30.569,30.248,9.2,11.5,55.6,0.32099999999999795
636,2022-11-05 00:00:00,48.3,30.0,17.2,30.1,5.8,8.7,321.0,0.0,12.55,0.0,62.7,27.6,59.0,18.0,30.309,29.856,20.7,29.9,62.7,0.4529999999999994
637,2022-11-06 00:00:00,54.4,28.0,20.0,29.9,7.2,10.5,323.0,0.0,12.55,0.0,69.6,34.0,59.0,13.0,30.036,29.808,20.7,28.8,72.9,0.22800000000000153
638,2022-11-07 00:00:00,44.5,43.0,22.4,29.9,8.9,13.1,326.0,0.0,12.55,0.0,58.7,31.3,66.0,24.0,30.067,29.705,33.4,42.6,58.7,0.3620000000000019
639,2022-11-08 00:00:00,49.9,29.0,16.9,29.6,6.9,10.6,324.0,0.0,12.55,0.0,65.2,32.0,60.0,15.0,29.801,29.403,23.0,33.4,72.1,0.3979999999999997
640,2022-11-09 00:00:00,31.3,61.0,18.8,29.7,6.0,8.9,316.0,0.01,12.56,0.0,40.8,24.4,85.0,40.0,29.874,29.448,21.9,28.8,40.8,0.4259999999999984
641,2022-11-10 00:00:00,28.5,54.0,12.4,30.0,6.5,9.5,325.0,0.01,12.56,0.0,36.8,20.3,88.0,26.0,30.148,29.825,19.6,26.5,36.8,0.3230000000000004
642,2022-11-11 00:00:00,23.9,86.0,20.3,30.3,3.0,4.7,99.0,0.05,12.6,0.0,28.1,14.8,89.0,78.0,30.556,30.081,9.2,12.7,28.1,0.4750000000000014
643,2022-11-12 00:00:00,26.3,56.0,11.2,30.4,4.7,7.4,347.0,0.07,12.62,0.0,39.8,10.2,87.0,21.0,30.557,30.287,16.1,24.2,39.8,0.2699999999999996
644,2022-11-13 00:00:00,26.2,60.0,13.3,30.3,5.1,7.7,314.0,0.07,12.62,0.0,34.7,21.4,82.0,33.0,30.431,30.128,19.6,25.3,34.7,0.3030000000000008
645,2022-11-14 00:00:00,28.0,49.0,10.8,30.0,9.1,13.3,318.0,0.07,12.62,0.0,34.4,16.5,85.0,36.0,30.183,29.707,25.3,39.1,34.4,0.4759999999999991
646,2022-11-15 00:00:00,30.0,60.0,17.4,29.9,3.4,5.7,351.0,0.07,12.62,0.0,40.4,24.5,82.0,31.0,30.06,29.696,18.4,27.6,40.4,0.3639999999999972
647,2022-11-16 00:00:00,31.2,63.0,19.7,29.7,10.8,16.1,324.0,0.07,12.62,0.0,36.8,27.6,91.0,45.0,29.957,29.54,26.5,39.1,36.8,0.4170000000000016
648,2022-11-17 00:00:00,30.5,44.0,10.7,30.2,8.4,12.0,314.0,0.11,12.66,0.0,36.6,19.4,63.0,28.0,30.33,29.957,23.0,32.2,36.6,0.37299999999999756
649,2022-11-18 00:00:00,43.0,22.0,6.5,30.0,16.9,23.7,314.0,0.11,12.66,0.0,50.1,35.9,28.0,18.0,30.15,29.799,29.9,43.7,50.1,0.3509999999999991
650,2022-11-19 00:00:00,44.6,18.0,3.4,29.8,9.0,13.1,307.0,0.11,12.66,0.0,53.1,32.8,33.0,12.0,29.838,29.58,21.9,33.4,53.1,0.25800000000000267
651,2022-11-20 00:00:00,46.9,19.0,6.4,29.5,14.8,21.9,318.0,0.11,12.66,0.0,55.0,40.1,43.0,13.0,29.652,29.406,31.1,46.0,55.0,0.24600000000000222
652,2022-11-21 00:00:00,34.2,64.0,22.5,29.5,8.4,12.2,319.0,0.14,12.69,0.0,44.8,23.5,89.0,36.0,29.681,29.405,23.0,31.1,44.8,0.2759999999999998
653,2022-11-22 00:00:00,23.4,51.0,7.4,29.9,10.9,15.8,308.0,0.14,12.69,0.0,27.9,20.0,85.0,32.0,30.045,29.576,27.6,40.3,27.9,0.4690000000000012
654,2022-11-23 00:00:00,30.3,32.0,2.4,29.8,10.5,15.7,322.0,0.14,12.69,0.0,41.3,20.5,57.0,15.0,30.101,29.454,27.6,38.0,41.3,0.6469999999999985
655,2022-11-24 00:00:00,15.8,47.0,-2.0,29.7,11.3,16.6,315.0,0.14,12.69,0.0,30.7,5.8,84.0,21.0,30.062,29.346,25.3,38.0,30.7,0.7160000000000011
656,2022-11-25 00:00:00,15.6,26.0,-13.3,30.2,21.9,30.5,310.0,0.14,12.69,0.0,23.5,5.0,35.0,17.0,30.269,29.977,36.8,50.6,23.5,0.29199999999999804
657,2022-11-26 00:00:00,29.9,40.0,8.2,30.2,13.0,18.6,312.0,0.14,12.69,0.0,39.9,10.4,48.0,31.0,30.292,30.102,34.5,51.8,39.9,0.19000000000000128
658,2022-11-27 00:00:00,37.7,25.0,3.6,29.8,8.8,12.7,313.0,0.14,12.69,0.0,47.0,24.1,39.0,15.0,30.102,29.555,26.5,35.7,47.0,0.5470000000000006
659,2022-11-28 00:00:00,32.4,35.0,4.9,29.4,7.2,10.6,319.0,0.14,12.69,0.0,42.3,23.8,76.0,17.0,29.554,29.244,19.6,31.1,42.3,0.3099999999999987
660,2022-11-29 00:00:00,20.1,37.0,-2.2,30.0,7.7,12.0,333.0,0.14,12.69,0.0,24.4,14.9,51.0,28.0,30.38,29.521,23.0,36.8,24.4,0.8589999999999982
661,2022-11-30 00:00:00,24.6,30.0,-3.4,30.3,13.4,19.2,284.0,0.14,12.69,0.0,32.6,14.3,47.0,15.0,30.367,30.148,29.9,44.9,32.6,0.2190000000000012
662,2022-12-02 00:00:00,42.2,39.0,18.2,30.0,12.6,19.0,310.0,0.0,12.69,0.0,48.8,36.4,58.0,28.0,30.126,29.826,31.1,43.7,48.8,0.3000000000000007
663,2022-12-03 00:00:00,44.8,31.0,15.9,29.8,13.8,17.1,301.0,0.0,12.69,0.0,46.2,42.3,41.0,28.0,29.851,29.802,31.1,44.9,46.2,0.04899999999999949
664,2022-12-04 00:00:00,31.3,62.0,18.0,30.2,6.0,7.9,320.0,0.0,12.69,0.0,46.0,21.8,89.0,28.0,30.43,29.828,16.1,20.7,46.0,0.6020000000000003
665,2022-12-05 00:00:00,28.8,67.0,18.9,30.4,2.7,4.1,68.0,0.0,12.69,0.0,43.1,18.8,86.0,45.0,30.487,30.267,11.5,13.8,43.1,0.21999999999999886
666,2022-12-06 00:00:00,34.3,62.0,21.4,30.3,4.6,7.0,318.0,0.0,12.69,0.0,48.1,18.1,87.0,27.0,30.465,30.008,17.3,26.5,48.1,0.45700000000000074
667,2022-12-07 00:00:00,34.3,40.0,12.0,30.2,7.8,11.9,322.0,0.0,12.69,0.0,46.2,23.0,60.0,23.0,30.382,29.951,25.3,34.5,46.2,0.43100000000000094
668,2022-12-08 00:00:00,40.4,26.0,7.4,30.1,10.6,15.5,308.0,0.0,12.69,0.0,49.2,23.9,41.0,15.0,30.282,29.817,26.5,36.8,49.2,0.46499999999999986
669,2022-12-09 00:00:00,39.6,37.0,14.9,29.9,15.3,22.5,315.0,0.0,12.69,0.0,44.0,29.5,57.0,25.0,29.998,29.766,34.5,49.5,44.0,0.23200000000000287
670,2022-12-10 00:00:00,35.9,47.0,17.5,29.8,10.4,16.0,321.0,0.0,12.69,0.0,43.4,28.1,85.0,32.0,29.998,29.645,25.3,38.0,43.4,0.35300000000000153
671,2022-12-11 00:00:00,25.2,41.0,4.6,30.2,7.2,11.4,329.0,0.0,12.69,0.0,29.0,17.0,57.0,31.0,30.425,29.947,16.1,26.5,29.0,0.47800000000000153
672,2022-12-12 00:00:00,34.8,50.0,17.4,30.2,10.4,15.5,320.0,0.0,12.69,0.0,46.7,16.7,66.0,31.0,30.425,29.856,28.8,46.0,46.7,0.5689999999999991
673,2022-12-13 00:00:00,45.8,27.0,13.6,29.9,19.5,28.5,315.0,0.0,12.69,0.0,53.2,42.6,42.0,16.0,29.975,29.77,35.7,57.5,53.2,0.20500000000000185
674,2022-12-14 00:00:00,46.3,26.0,12.3,29.6,18.5,32.6,314.0,0.0,12.69,0.0,52.2,42.1,41.0,18.0,29.793,29.22,169.1,255.3,52.2,0.5730000000000004
675,2022-12-15 00:00:00,34.1,55.0,18.5,29.6,10.2,14.7,313.0,0.01,12.7,0.0,44.3,22.9,88.0,27.0,29.942,29.362,27.6,42.6,44.3,0.5800000000000018
676,2022-12-16 00:00:00,20.2,62.0,8.5,30.1,3.7,6.1,88.0,0.01,12.7,0.0,29.1,10.5,84.0,33.0,30.317,29.936,19.6,29.9,29.1,0.3810000000000002
677,2022-12-17 00:00:00,15.7,73.0,8.5,30.2,1.7,3.1,111.0,0.01,12.7,0.0,24.1,10.0,83.0,53.0,30.329,30.131,8.1,11.5,24.1,0.1980000000000004
678,2022-12-18 00:00:00,29.7,61.0,17.5,29.9,6.1,8.9,326.0,0.01,12.7,0.0,38.9,11.1,83.0,40.0,30.166,29.685,19.6,25.3,38.9,0.48100000000000165
679,2022-12-19 00:00:00,36.5,71.0,27.8,29.6,4.5,6.5,311.0,0.13,12.82,0.0,41.8,32.3,93.0,52.0,29.72,29.418,16.1,21.9,41.8,0.3019999999999996
680,2022-12-20 00:00:00,33.9,83.0,29.2,29.6,3.0,4.9,88.0,0.42,13.11,0.0,37.5,28.1,92.0,54.0,29.879,29.388,10.4,13.8,37.5,0.49099999999999966
681,2022-12-21 00:00:00,25.0,79.0,19.3,30.1,2.3,3.6,86.0,0.49,13.18,0.0,28.7,22.3,87.0,54.0,30.318,29.846,8.1,11.5,28.7,0.4720000000000013
682,2022-12-22 00:00:00,25.1,84.0,20.8,30.3,1.3,1.8,37.0,0.57,13.26,0.0,39.2,17.7,90.0,68.0,30.406,30.072,11.5,16.1,39.2,0.33399999999999963
683,2022-12-23 00:00:00,32.9,71.0,24.0,30.0,3.1,7.4,341.0,0.57,13.26,0.0,46.0,19.2,92.0,44.0,30.191,29.85,170.2,255.3,46.0,0.3409999999999975
684,2022-12-24 00:00:00,24.4,80.0,18.7,30.4,1.2,2.1,52.0,0.58,13.27,0.0,38.2,14.1,89.0,57.0,30.598,30.185,6.9,10.4,38.2,0.41300000000000026
685,2022-12-25 00:00:00,24.1,63.0,10.7,30.5,0.6,1.4,78.0,0.58,13.27,0.0,51.4,8.4,86.0,17.0,30.719,30.255,5.8,10.4,51.4,0.4640000000000022
686,2022-12-26 00:00:00,35.4,40.0,11.2,30.0,8.1,17.9,325.0,0.58,13.27,0.0,51.7,16.5,77.0,15.0,30.255,29.712,120.8,255.3,51.7,0.5429999999999993
687,2022-12-27 00:00:00,31.4,34.0,5.9,30.0,14.3,21.2,327.0,0.58,13.27,0.0,36.9,27.6,50.0,24.0,30.177,29.752,27.6,41.4,36.9,0.4250000000000007
688,2022-12-28 00:00:00,31.7,28.0,1.1,29.9,9.5,13.6,319.0,0.58,13.27,0.0,41.5,18.0,51.0,17.0,30.149,29.592,24.2,32.2,41.5,0.5570000000000022
689,2022-12-29 00:00:00,35.5,37.0,10.5,29.2,16.1,25.4,315.0,0.58,13.27,0.0,39.3,32.8,50.0,15.0,29.592,29.036,170.2,255.3,39.3,0.5559999999999974
690,2022-12-30 00:00:00,17.5,71.0,9.3,29.4,3.7,5.7,102.0,0.58,13.27,0.0,33.4,-1.2,85.0,44.0,29.748,29.126,12.7,18.4,33.4,0.6219999999999999
691,2022-12-31 00:00:00,1.5,53.0,-12.5,30.0,9.9,14.3,319.0,0.58,13.27,0.0,5.4,-1.4,76.0,34.0,30.167,29.735,27.6,40.3,5.4,0.43200000000000216
692,2022-01-01 00:00:00,6.6,37.0,-14.4,30.3,19.3,25.5,302.0,0.0,0.0,0.0,13.1,1.5,46.0,30.0,30.398,30.157,32.2,43.7,13.1,0.24099999999999966
693,2022-01-02 00:00:00,20.5,37.0,-1.9,30.2,15.2,20.7,304.0,0.0,0.0,0.0,29.4,11.6,55.0,24.0,30.354,30.079,34.5,42.6,29.4,0.2749999999999986
694,2022-01-03 00:00:00,24.5,49.0,6.8,30.0,9.5,16.5,314.0,0.0,0.0,0.0,33.8,10.2,82.0,25.0,30.204,29.912,105.8,255.3,33.8,0.2920000000000016
695,2022-01-04 00:00:00,26.9,37.0,3.6,30.0,16.6,23.6,313.0,0.0,0.0,0.0,32.5,22.7,47.0,23.0,30.169,29.912,35.7,43.7,32.5,0.25700000000000145
696,2022-01-05 00:00:00,27.8,44.0,8.5,30.1,18.1,25.2,290.0,0.0,0.0,0.0,33.4,22.5,51.0,35.0,30.235,29.948,36.8,49.5,33.4,0.28699999999999903
697,2022-01-06 00:00:00,35.8,41.0,14.0,30.1,16.3,28.6,311.0,0.0,0.0,0.0,43.2,27.8,48.0,31.0,30.195,29.982,135.7,255.3,43.2,0.21300000000000097
698,2022-01-07 00:00:00,37.2,47.0,17.9,29.9,7.7,14.9,326.0,0.0,0.0,0.0,47.0,25.0,76.0,29.0,30.01,29.686,126.5,255.3,47.0,0.3240000000000016
699,2022-01-08 00:00:00,37.6,46.0,18.6,29.6,8.8,18.1,309.0,0.0,0.0,0.0,45.1,32.4,59.0,30.0,29.747,29.416,131.1,255.3,45.1,0.3309999999999995
700,2022-01-09 00:00:00,18.9,79.0,13.5,29.8,3.6,5.4,93.0,0.0,0.0,0.0,33.3,5.2,87.0,60.0,30.197,29.51,12.7,17.3,33.3,0.6869999999999976
701,2022-01-10 00:00:00,3.5,63.0,-6.9,30.5,4.0,5.9,334.0,0.05,0.05,0.0,13.5,-11.2,78.0,40.0,30.733,30.188,24.2,34.5,13.5,0.5450000000000017
702,2022-01-11 00:00:00,11.7,37.0,-10.3,30.6,11.7,17.0,302.0,0.05,0.05,0.0,20.6,3.5,54.0,22.0,30.704,30.458,28.8,47.2,20.6,0.24600000000000222
703,2022-01-12 00:00:00,24.0,45.0,5.2,30.5,12.7,20.5,311.0,0.05,0.05,0.0,34.7,-1.2,64.0,25.0,30.723,30.203,135.7,255.3,34.7,0.5199999999999996
704,2022-01-13 00:00:00,36.0,48.0,17.9,30.2,15.6,29.5,307.0,0.05,0.05,0.0,41.5,30.0,59.0,40.0,30.305,29.999,170.2,255.3,41.5,0.30600000000000094
705,2022-01-14 00:00:00,36.4,42.0,15.4,30.1,12.1,28.3,313.0,0.05,0.05,0.0,44.1,32.5,53.0,27.0,30.281,29.919,133.4,255.3,44.1,0.3619999999999983
706,2022-01-15 00:00:00,35.6,44.0,15.7,30.1,13.6,27.2,319.0,0.05,0.05,0.0,40.6,32.9,51.0,34.0,30.236,29.997,132.3,255.3,40.6,0.23900000000000077
707,2022-01-16 00:00:00,37.2,50.0,20.3,29.8,15.7,23.0,310.0,0.05,0.05,0.0,44.2,28.2,71.0,42.0,30.097,29.649,34.5,50.6,44.2,0.4480000000000004
708,2022-01-17 00:00:00,38.5,57.0,24.1,29.6,9.7,15.7,328.0,0.11,0.11,0.0,45.1,31.6,82.0,34.0,29.82,29.538,25.3,39.1,45.1,0.28200000000000003
709,2022-01-18 00:00:00,33.3,44.0,13.0,29.9,13.1,20.2,323.0,0.11,0.11,0.0,38.3,30.3,71.0,28.0,29.964,29.768,27.6,40.3,38.3,0.19599999999999795
710,2022-01-19 00:00:00,25.3,67.0,15.2,29.9,8.9,13.0,334.0,0.11,0.11,0.0,36.6,7.0,85.0,31.0,30.287,29.661,26.5,39.1,36.6,0.6259999999999977
711,2022-01-20 00:00:00,18.6,55.0,3.0,30.3,13.5,19.1,317.0,0.11,0.11,0.0,31.8,0.7,81.0,24.0,30.59,29.872,34.5,51.8,31.8,0.718
712,2022-01-21 00:00:00,29.6,37.0,5.5,30.0,14.5,21.9,321.0,0.11,0.11,0.0,35.6,24.4,63.0,21.0,30.147,29.765,28.8,43.7,35.6,0.3819999999999979
713,2022-01-22 00:00:00,27.4,52.0,11.7,29.9,10.8,16.4,332.0,0.11,0.11,0.0,34.4,20.2,83.0,32.0,30.132,29.626,38.0,54.1,34.4,0.5060000000000002
714,2022-01-23 00:00:00,26.8,33.0,1.3,30.1,14.4,20.9,327.0,0.11,0.11,0.0,32.5,17.7,50.0,22.0,30.193,29.936,32.2,47.2,32.5,0.25700000000000145
715,2022-01-24 00:00:00,23.4,37.0,0.2,30.2,0.0,0.0,351.0,0.11,0.11,0.0,31.9,14.7,55.0,19.0,30.378,29.994,0.0,0.0,31.9,0.38400000000000034
716,2022-01-25 00:00:00,28.5,40.0,3.3,30.2,0.0,0.0,24.0,0.11,0.11,0.0,38.5,15.1,76.0,11.0,30.252,30.052,0.0,0.0,38.5,0.1999999999999993
717,2022-01-26 00:00:00,29.9,45.0,8.6,30.3,0.0,0.0,343.0,0.11,0.11,0.0,39.3,17.2,78.0,23.0,30.425,30.108,0.0,0.0,39.3,0.31700000000000017
718,2022-01-27 00:00:00,39.5,30.0,10.3,30.1,0.0,0.0,333.0,0.11,0.11,0.0,48.6,32.2,41.0,21.0,30.204,29.938,0.0,0.0,48.6,0.2660000000000018
719,2022-01-28 00:00:00,43.6,32.0,14.2,29.9,0.0,0.0,339.0,0.11,0.11,0.0,57.2,26.6,58.0,19.0,30.008,29.789,0.0,0.0,57.2,0.21899999999999764
720,2022-01-29 00:00:00,37.7,39.0,12.9,29.9,0.0,0.0,337.0,0.11,0.11,0.0,49.4,21.1,72.0,23.0,30.043,29.654,0.0,0.0,49.4,0.38899999999999935
721,2022-01-30 00:00:00,34.4,40.0,10.5,29.9,0.0,0.0,344.0,0.11,0.11,0.0,47.6,19.1,79.0,20.0,30.011,29.707,0.0,0.0,47.6,0.3039999999999985
722,2022-01-31 00:00:00,10.6,72.0,2.8,30.1,0.0,0.0,110.0,0.11,0.11,0.0,34.6,-5.9,86.0,33.0,30.593,29.699,0.0,0.0,34.6,0.8939999999999984
723,2022-02-01 00:00:00,-12.1,63.0,-21.1,30.8,2.4,4.0,123.0,0.0,0.11,0.0,-6.1,-23.6,70.0,52.0,31.061,30.556,11.5,13.8,-6.1,0.504999999999999
724,2022-02-02 00:00:00,-11.9,60.0,-22.2,31.0,0.9,1.6,128.0,0.01,0.12,0.0,7.7,-27.7,73.0,35.0,31.204,30.855,8.1,10.4,7.7,0.3490000000000002
725,2022-02-03 00:00:00,10.0,69.0,1.6,30.7,2.4,3.9,43.0,0.04,0.15,0.0,32.1,-16.6,81.0,51.0,30.952,30.424,17.3,25.3,32.1,0.5280000000000022
726,2022-02-04 00:00:00,22.9,62.0,10.8,30.2,5.7,8.5,326.0,0.05,0.16,0.0,40.2,1.1,87.0,44.0,30.461,29.738,26.5,36.8,40.2,0.722999999999999
727,2022-02-05 00:00:00,25.9,70.0,17.3,29.9,3.3,5.2,334.0,0.08,0.19,0.0,33.1,14.0,88.0,46.0,30.087,29.706,28.8,42.6,33.1,0.3810000000000002
728,2022-02-06 00:00:00,15.5,65.0,5.0,30.3,0.1,0.2,55.0,0.16,0.27,0.0,26.4,-1.8,85.0,32.0,30.615,30.079,2.3,4.6,26.4,0.5359999999999978
729,2022-02-07 00:00:00,21.5,65.0,11.0,30.1,11.4,16.2,318.0,0.16,0.27,0.0,34.9,-2.4,88.0,41.0,30.526,29.806,33.4,47.2,34.9,0.7199999999999989
730,2022-02-08 00:00:00,-0.4,72.0,-7.3,30.5,3.0,4.5,120.0,0.16,0.27,0.0,10.8,-13.0,79.0,61.0,30.805,30.026,12.7,17.3,10.8,0.7789999999999999
731,2022-02-09 00:00:00,1.9,48.0,-14.8,30.7,8.0,11.4,317.0,0.17,0.28,0.0,19.9,-21.6,70.0,26.0,30.978,30.259,27.6,42.6,19.9,0.7190000000000012
732,2022-02-10 00:00:00,19.7,35.0,-3.7,30.2,15.4,21.8,318.0,0.17,0.28,0.0,28.3,11.9,43.0,28.0,30.259,30.061,35.7,40.3,28.3,0.1980000000000004
733,2022-02-11 00:00:00,27.7,40.0,6.2,30.2,12.6,18.1,313.0,0.17,0.28,0.0,34.3,21.8,45.0,33.0,30.351,30.092,35.7,35.7,34.3,0.25900000000000034
734,2022-02-12 00:00:00,36.0,30.0,6.7,30.2,13.9,19.7,309.0,0.18,0.29,0.0,44.9,28.1,43.0,18.0,30.304,30.092,27.6,40.3,44.9,0.21199999999999974
735,2022-02-13 00:00:00,43.4,20.0,4.4,29.9,12.7,19.0,327.0,0.18,0.29,0.0,51.0,31.3,34.0,14.0,30.157,29.808,34.5,49.5,51.0,0.3490000000000002
736,2022-02-14 00:00:00,36.0,32.0,4.2,30.1,7.7,11.0,316.0,0.18,0.29,0.0,52.8,16.1,68.0,10.0,30.27,29.788,27.6,46.0,52.8,0.4819999999999993
737,2022-02-15 00:00:00,44.8,19.0,4.3,29.8,13.3,18.7,314.0,0.18,0.29,0.0,54.0,35.5,36.0,10.0,29.952,29.662,27.6,40.3,54.0,0.2900000000000027
738,2022-02-16 00:00:00,44.6,22.0,6.6,29.5,14.9,21.0,320.0,0.18,0.29,0.0,49.6,40.6,37.0,14.0,29.725,29.349,29.9,42.6,49.6,0.3760000000000012
739,2022-02-17 00:00:00,28.3,61.0,15.5,29.8,6.3,9.1,328.0,0.18,0.29,0.0,42.1,23.0,86.0,27.0,30.201,29.343,29.9,42.6,42.1,0.8580000000000005
740,2022-02-18 00:00:00,30.3,55.0,13.4,30.2,5.6,8.3,344.0,0.18,0.29,0.0,44.1,14.8,83.0,16.0,30.293,30.025,24.2,32.2,44.1,0.2680000000000007
741,2022-02-19 00:00:00,39.3,47.0,19.1,29.8,5.1,7.6,24.0,0.18,0.29,0.0,51.0,28.5,88.0,24.0,30.073,29.406,18.4,28.8,51.0,0.6670000000000016
742,2022-02-20 00:00:00,28.1,45.0,8.7,29.6,16.4,23.1,340.0,0.18,0.29,0.0,32.5,23.8,92.0,28.0,29.762,29.402,32.2,47.2,32.5,0.35999999999999943
743,2022-02-21 00:00:00,26.6,36.0,3.0,29.9,14.8,21.0,343.0,0.18,0.29,0.0,33.2,21.8,46.0,28.0,30.001,29.717,31.1,43.7,33.2,0.2840000000000025
744,2022-02-22 00:00:00,31.6,24.0,-2.0,29.8,18.5,25.2,335.0,0.18,0.29,0.0,39.2,24.8,37.0,12.0,29.919,29.694,29.9,44.9,39.2,0.22500000000000142
745,2022-02-23 00:00:00,30.9,39.0,7.9,29.8,10.4,15.2,336.0,0.18,0.29,0.0,41.1,23.9,79.0,16.0,29.97,29.713,31.1,43.7,41.1,0.2569999999999979
746,2022-02-24 00:00:00,24.4,75.0,17.0,29.9,4.1,5.8,9.0,0.21,0.32,0.0,34.4,14.3,89.0,39.0,30.051,29.807,17.3,25.3,34.4,0.24399999999999977
747,2022-02-25 00:00:00,18.3,85.0,14.5,29.9,0.6,1.2,103.0,0.21,0.32,0.0,26.1,13.1,88.0,83.0,30.05,29.678,6.9,10.4,26.1,0.3719999999999999
748,2022-02-26 00:00:00,31.1,64.0,19.5,29.6,0.5,0.9,330.0,0.43,0.54,0.0,35.9,26.3,88.0,34.0,29.719,29.523,8.1,12.7,35.9,0.1960000000000015
749,2022-02-27 00:00:00,33.5,33.0,7.0,29.6,9.7,14.6,343.0,0.48,0.59,0.0,39.5,27.3,53.0,21.0,29.867,29.434,29.9,42.6,39.5,0.43299999999999983
750,2022-02-28 00:00:00,36.0,27.0,4.3,30.0,14.8,20.8,320.0,0.48,0.59,0.0,44.6,26.3,44.0,17.0,30.122,29.867,34.5,51.8,44.6,0.254999999999999
751,2022-03-28 00:00:00,31.4,68.0,20.3,29.8,4.9,7.3,277.0,0.0,0.59,0.0,37.2,26.6,90.0,30.0,30.078,29.688,20.7,31.1,37.2,0.39000000000000057
752,2022-03-30 00:00:00,37.0,42.0,15.9,29.9,13.7,20.6,270.0,0.0,0.59,0.0,44.6,29.2,53.0,28.0,30.027,29.739,28.8,49.5,44.6,0.28800000000000026
753,2022-03-31 00:00:00,45.6,45.0,24.7,29.7,16.3,25.4,280.0,0.01,0.6,0.0,53.5,39.1,65.0,27.0,29.768,29.591,42.6,48.3,53.5,0.1769999999999996
754,2022-04-27 00:00:00,34.6,38.0,11.2,29.9,14.2,18.9,281.0,0.0,1.06,0.0,43.1,29.4,47.0,25.0,30.112,29.693,26.5,41.4,43.1,0.41899999999999693
755,2022-04-28 00:00:00,44.2,24.0,7.9,29.9,12.2,16.7,272.0,0.0,1.06,0.0,55.8,33.1,50.0,9.0,30.087,29.669,29.9,39.1,55.8,0.41799999999999926
756,2022-04-29 00:00:00,37.0,57.0,21.8,29.5,9.3,13.8,283.0,0.04,1.1,0.0,49.0,24.7,89.0,27.0,29.835,29.282,25.3,39.1,49.0,0.5530000000000008
757,2022-04-30 00:00:00,29.7,34.0,4.5,30.0,10.0,14.5,282.0,0.04,1.1,0.0,38.4,22.1,54.0,20.0,30.175,29.835,25.3,36.8,38.4,0.33999999999999986
758,2022-05-01 00:00:00,28.7,55.0,13.0,30.2,3.0,4.8,320.0,0.0,2.88,0.0,38.1,22.4,88.0,26.0,30.337,30.147,16.1,19.6,38.1,0.19000000000000128
759,2022-05-02 00:00:00,29.8,58.0,15.4,30.4,4.7,7.3,289.0,0.05,2.93,0.0,43.8,12.4,85.0,28.0,30.546,30.217,20.7,27.6,43.8,0.3290000000000006
760,2022-05-03 00:00:00,44.4,28.0,12.6,30.1,8.8,12.2,268.0,0.05,2.93,0.0,54.8,35.5,50.0,19.0,30.218,29.915,24.2,33.4,54.8,0.3030000000000008
761,2022-05-04 00:00:00,42.9,41.0,19.4,30.0,9.2,13.1,277.0,0.05,2.93,0.0,51.4,33.6,80.0,18.0,30.233,29.773,24.2,36.8,51.4,0.46000000000000085
762,2022-05-05 00:00:00,46.0,25.0,8.7,30.1,4.7,7.2,300.0,0.05,2.93,0.0,62.6,27.5,52.0,9.0,30.298,29.846,19.6,26.5,62.6,0.4519999999999982
763,2022-05-06 00:00:00,56.0,20.0,14.6,29.6,10.1,15.2,282.0,0.05,2.93,0.0,66.6,35.8,44.0,2.0,30.022,29.295,31.1,44.9,72.9,0.7269999999999968
764,2022-05-07 00:00:00,54.9,32.0,22.0,29.6,5.8,8.6,278.0,0.05,2.93,0.0,71.7,33.7,67.0,12.0,29.733,29.455,25.3,34.5,73.7,0.27800000000000225
765,2022-05-08 00:00:00,55.7,26.0,14.6,29.4,6.9,9.6,272.0,0.05,2.93,0.0,72.0,33.1,65.0,8.0,29.677,29.188,23.0,35.7,72.4,0.48900000000000077
766,2022-05-09 00:00:00,55.9,24.0,17.7,29.2,8.7,12.6,273.0,0.05,2.93,0.0,68.4,43.6,52.0,12.0,29.382,29.064,29.9,42.6,73.0,0.3180000000000014
767,2022-05-10 00:00:00,48.5,31.0,16.7,29.5,8.0,11.5,291.0,0.05,2.93,0.0,60.7,38.5,54.0,12.0,29.634,29.334,23.0,31.1,60.7,0.3000000000000007
768,2022-05-11 00:00:00,34.6,88.0,31.2,29.8,1.7,2.7,118.0,0.69,3.57,0.0,42.8,32.5,94.0,55.0,29.949,29.55,16.1,20.7,42.8,0.3990000000000009
769,2022-05-12 00:00:00,39.7,68.0,29.1,30.0,4.3,6.8,311.0,0.9,3.78,0.0,48.0,32.5,92.0,44.0,30.16,29.867,13.8,26.5,48.0,0.29299999999999926
770,2022-05-13 00:00:00,48.8,51.0,30.0,30.0,3.5,5.9,46.0,0.9,3.78,0.0,59.3,32.7,91.0,23.0,30.162,29.905,16.1,27.6,59.3,0.2569999999999979
771,2022-05-14 00:00:00,33.3,86.0,29.6,30.2,2.6,3.9,66.0,0.9,3.78,0.0,38.6,27.5,92.0,71.0,30.224,30.03,10.4,12.7,38.6,0.19399999999999906
772,2022-05-15 00:00:00,34.8,84.0,30.3,30.1,2.4,4.2,93.0,0.94,3.82,0.0,41.8,30.6,91.0,70.0,30.2,30.02,9.2,12.7,41.8,0.17999999999999972
773,2022-05-16 00:00:00,46.1,68.0,35.6,29.8,3.5,5.3,68.0,0.94,3.82,0.0,62.7,33.7,87.0,38.0,30.057,29.557,15.0,19.6,62.7,0.5
774,2022-05-17 00:00:00,43.0,69.0,32.1,29.5,2.9,4.5,40.0,0.95,3.83,0.0,59.9,31.9,92.0,25.0,29.62,29.361,15.0,20.7,59.9,0.25900000000000034
775,2022-05-18 00:00:00,36.0,89.0,33.1,29.6,1.7,2.6,34.0,1.7,4.58,0.0,40.8,32.5,93.0,79.0,29.691,29.45,10.4,12.7,40.8,0.24099999999999966
776,2022-05-19 00:00:00,35.2,89.0,32.3,29.6,1.9,3.1,71.0,2.32,5.2,0.0,40.9,31.2,94.0,76.0,29.769,29.529,9.2,11.5,40.9,0.23999999999999844
777,2022-05-20 00:00:00,39.8,69.0,29.4,29.7,5.9,8.5,275.0,2.4,5.28,0.0,51.3,30.0,94.0,36.0,29.806,29.661,20.7,26.5,51.3,0.14499999999999957
778,2022-05-21 00:00:00,46.0,55.0,30.7,29.6,9.5,14.4,278.0,2.4,5.28,0.0,53.2,38.5,70.0,41.0,29.705,29.551,28.8,47.2,53.2,0.15399999999999991
779,2022-05-22 00:00:00,54.8,37.0,28.4,29.6,8.8,13.0,285.0,2.4,5.28,0.0,65.3,46.5,48.0,23.0,29.667,29.441,27.6,46.0,75.6,0.22600000000000264
780,2022-05-23 00:00:00,50.1,59.0,35.4,29.6,4.6,7.1,265.0,2.46,5.34,0.0,63.3,42.5,80.0,25.0,29.798,29.413,20.7,27.6,63.3,0.384999999999998
781,2022-05-24 00:00:00,42.9,73.0,34.0,29.7,4.3,6.4,283.0,2.55,5.43,0.0,51.1,32.1,91.0,44.0,29.789,29.525,20.7,31.1,51.1,0.2640000000000029
782,2022-05-25 00:00:00,48.6,51.0,30.1,29.9,9.3,13.0,283.0,2.56,5.44,0.0,59.5,42.3,83.0,27.0,29.946,29.757,31.1,32.2,59.5,0.18900000000000006
783,2022-05-26 00:00:00,51.3,51.0,28.5,29.7,5.4,7.8,272.0,2.56,5.44,0.0,68.4,33.2,92.0,16.0,30.037,29.293,25.3,34.5,73.8,0.7439999999999998
784,2022-05-27 00:00:00,47.5,57.0,32.2,29.6,8.3,11.5,274.0,2.58,5.46,0.0,55.1,40.3,84.0,38.0,29.71,29.362,25.3,34.5,55.1,0.34800000000000253
785,2022-05-28 00:00:00,45.0,78.0,38.3,29.6,3.7,5.5,69.0,2.62,5.5,0.0,49.1,39.6,90.0,64.0,29.708,29.398,15.0,19.6,49.1,0.3099999999999987
786,2022-05-29 00:00:00,52.3,76.0,44.2,29.3,3.0,4.8,72.0,2.62,5.5,0.0,65.6,43.1,94.0,46.0,29.504,29.153,15.0,19.6,79.1,0.35100000000000264
787,2022-05-30 00:00:00,46.6,50.0,26.7,29.5,11.5,17.2,287.0,2.63,5.51,0.0,54.4,38.2,93.0,17.0,29.91,29.219,32.2,46.0,54.4,0.690999999999999
788,2022-05-31 00:00:00,52.3,28.0,18.2,30.0,9.5,14.0,277.0,2.63,5.51,0.0,68.8,40.6,54.0,10.0,30.083,29.9,28.8,41.4,73.7,0.18299999999999983
789,2022-06-01 00:00:00,55.6,39.0,26.6,29.9,2.4,4.1,266.0,0.0,5.51,0.0,76.1,35.5,71.0,12.0,30.059,29.627,11.5,25.3,76.1,0.43200000000000216
790,2022-06-02 00:00:00,59.6,34.0,24.7,29.5,5.7,8.6,274.0,0.0,5.51,0.0,77.6,38.1,75.0,10.0,29.9,29.397,27.6,35.7,76.7,0.5030000000000001
791,2022-06-03 00:00:00,53.8,34.0,24.8,29.7,3.3,6.0,174.0,0.0,5.51,0.0,63.5,41.2,70.0,15.0,30.024,29.488,15.0,21.9,63.5,0.5360000000000014
792,2022-06-04 00:00:00,54.6,58.0,38.6,30.0,2.2,4.2,123.0,0.0,5.51,0.0,70.8,35.5,87.0,33.0,30.122,29.905,12.7,20.7,79.1,0.21699999999999875
793,2022-06-05 00:00:00,60.8,42.0,29.4,29.9,6.1,8.9,276.0,0.0,5.51,0.0,78.1,38.3,91.0,11.0,30.067,29.727,23.0,34.5,78.6,0.33999999999999986
794,2022-06-06 00:00:00,61.8,36.0,30.8,29.6,3.6,6.2,242.0,0.0,5.51,0.0,78.5,39.2,76.0,13.0,29.81,29.321,28.8,40.3,78.4,0.4889999999999972
795,2022-06-07 00:00:00,62.1,17.0,15.2,29.5,11.2,15.4,259.0,0.0,5.51,0.0,71.6,46.4,31.0,9.0,29.731,29.334,25.3,39.1,72.8,0.397000000000002
796,2022-06-08 00:00:00,55.1,45.0,33.1,29.7,3.4,6.4,138.0,0.1,5.61,0.0,66.2,38.8,86.0,26.0,29.787,29.632,16.1,19.6,78.7,0.15499999999999758
797,2022-06-09 00:00:00,51.8,80.0,45.6,29.7,7.0,9.4,59.0,0.2,5.71,0.0,62.1,44.1,93.0,55.0,29.951,29.624,23.0,28.8,62.1,0.32700000000000173
798,2022-06-10 00:00:00,53.2,59.0,38.2,29.8,4.2,6.7,79.0,0.2,5.71,0.0,65.5,38.3,91.0,32.0,29.946,29.766,17.3,19.6,79.0,0.18000000000000327
799,2022-06-11 00:00:00,55.2,52.0,33.6,29.7,3.2,5.2,329.0,0.2,5.71,0.0,74.9,35.2,91.0,12.0,29.873,29.573,16.1,27.6,78.7,0.3000000000000007
800,2022-06-12 00:00:00,58.6,37.0,24.3,29.7,6.6,9.5,267.0,0.2,5.71,0.0,75.6,37.3,87.0,7.0,29.978,29.602,25.3,34.5,78.8,0.3760000000000012
801,2022-06-13 00:00:00,57.2,35.0,27.0,29.7,4.0,6.2,288.0,0.2,5.71,0.0,74.0,37.6,77.0,11.0,29.831,29.621,20.7,29.9,78.1,0.21000000000000085
802,2022-06-14 00:00:00,57.6,34.0,26.7,29.8,7.2,11.5,293.0,0.2,5.71,0.0,69.4,41.9,66.0,15.0,29.846,29.693,25.3,39.1,74.2,0.1529999999999987
803,2022-06-15 00:00:00,58.1,36.0,26.8,29.7,5.0,7.7,286.0,0.2,5.71,0.0,77.8,34.9,80.0,11.0,29.905,29.531,28.8,35.7,77.0,0.37400000000000233
804,2022-06-16 00:00:00,61.4,40.0,35.7,29.4,5.3,8.5,268.0,0.2,5.71,0.0,75.4,45.2,75.0,19.0,29.609,29.329,21.9,38.0,78.4,0.28000000000000114
805,2022-06-17 00:00:00,53.1,58.0,37.4,29.7,8.1,11.5,266.0,0.41,5.92,0.0,61.6,43.3,89.0,35.0,29.865,29.407,25.3,33.4,61.6,0.4579999999999984
806,2022-06-18 00:00:00,54.9,52.0,35.4,29.7,7.7,11.1,274.0,0.42,5.93,0.0,65.2,41.6,91.0,25.0,29.837,29.564,26.5,39.1,77.1,0.2729999999999997
807,2022-06-19 00:00:00,52.1,69.0,41.0,29.5,3.7,5.8,333.0,0.85,6.36,0.0,66.3,44.2,91.0,27.0,29.641,29.36,28.8,39.1,79.2,0.2809999999999988
808,2022-06-20 00:00:00,51.2,67.0,39.6,29.6,5.7,8.5,327.0,1.1,6.61,0.0,63.1,41.8,91.0,41.0,29.754,29.484,20.7,34.5,63.1,0.2699999999999996
809,2022-06-21 00:00:00,57.1,42.0,32.5,29.8,6.6,10.6,311.0,1.1,6.61,0.0,68.3,45.8,69.0,25.0,29.888,29.69,20.7,31.1,77.6,0.1980000000000004
810,2022-06-22 00:00:00,58.6,50.0,37.2,29.8,2.8,4.9,289.0,1.1,6.61,0.0,76.1,38.5,86.0,18.0,29.963,29.724,15.0,25.3,78.8,0.23900000000000077
811,2022-06-23 00:00:00,59.1,54.0,39.9,29.7,2.4,3.9,311.0,1.12,6.63,0.0,77.6,40.5,89.0,20.0,29.847,29.596,18.4,27.6,79.1,0.2510000000000012
812,2022-06-24 00:00:00,62.7,46.0,36.6,29.6,4.0,6.4,269.0,1.12,6.63,0.0,80.1,40.6,89.0,13.0,29.756,29.442,23.0,29.9,79.2,0.31400000000000006
813,2022-06-25 00:00:00,64.0,36.0,30.3,29.6,5.1,7.6,274.0,1.12,6.63,0.0,79.9,41.5,88.0,10.0,29.669,29.474,21.9,29.9,78.6,0.19500000000000028
814,2022-06-26 00:00:00,65.1,24.0,22.1,29.5,7.9,11.8,278.0,1.12,6.63,0.0,79.4,41.9,60.0,9.0,29.646,29.388,24.2,36.8,77.8,0.2579999999999991
815,2022-06-27 00:00:00,57.3,56.0,41.2,29.8,2.7,4.9,138.0,1.13,6.64,0.0,66.8,45.7,83.0,36.0,29.933,29.639,10.4,13.8,79.2,0.2940000000000005
816,2022-06-28 00:00:00,66.0,42.0,33.0,29.8,4.8,6.9,266.0,1.13,6.64,0.0,84.7,40.8,92.0,11.0,29.95,29.56,23.0,29.9,81.6,0.39000000000000057
817,2022-06-29 00:00:00,65.6,39.0,37.1,29.6,5.7,8.4,259.0,1.15,6.66,0.0,84.7,48.0,78.0,15.0,29.84,29.45,39.1,46.0,81.7,0.39000000000000057
818,2022-06-30 00:00:00,61.3,58.0,44.0,29.6,4.9,7.4,281.0,1.32,6.83,0.0,78.8,49.2,87.0,17.0,29.807,29.373,25.3,41.4,79.0,0.4339999999999975
819,2022-07-14 00:00:00,64.9,61.0,48.8,29.6,3.1,5.0,261.0,0.0,6.83,0.0,78.8,51.3,92.0,23.0,29.822,29.539,18.4,26.5,78.2,0.2829999999999977
820,2022-07-15 00:00:00,64.8,50.0,41.5,29.6,3.0,5.0,244.0,0.0,6.83,0.0,82.4,44.6,88.0,13.0,29.79,29.435,17.3,21.9,80.6,0.3550000000000004
821,2022-07-16 00:00:00,63.8,60.0,47.2,29.7,2.2,3.6,277.0,0.08,6.91,0.0,83.6,47.1,90.0,19.0,29.849,29.611,15.0,19.6,81.1,0.23799999999999955
822,2022-07-17 00:00:00,62.9,70.0,51.3,29.8,2.7,4.3,296.0,0.57,7.4,0.0,84.0,49.9,93.0,30.0,30.001,29.69,16.1,25.3,82.8,0.31099999999999994
823,2022-07-18 00:00:00,65.0,69.0,52.7,29.9,3.7,5.8,283.0,0.72,7.55,0.0,82.8,48.9,95.0,30.0,30.033,29.728,21.9,33.4,82.3,0.3049999999999997
824,2022-07-19 00:00:00,69.0,49.0,47.7,29.7,6.7,10.0,279.0,0.73,7.56,0.0,83.4,53.3,80.0,27.0,29.848,29.555,19.6,31.1,81.4,0.29299999999999926
825,2022-07-20 00:00:00,69.8,39.0,42.6,29.6,8.6,12.7,280.0,0.73,7.56,0.0,83.8,54.3,65.0,19.0,29.745,29.515,20.7,34.5,81.2,0.23000000000000043
826,2022-07-21 00:00:00,64.7,50.0,41.7,29.7,3.6,5.7,295.0,0.77,7.6,0.0,83.4,44.9,91.0,16.0,29.798,29.545,17.3,25.3,80.8,0.25299999999999656
827,2022-07-22 00:00:00,66.6,39.0,34.1,29.6,5.1,7.5,267.0,0.77,7.6,0.0,83.8,43.8,88.0,12.0,29.803,29.513,21.9,29.9,81.0,0.28999999999999915
828,2022-07-23 00:00:00,68.2,36.0,34.9,29.7,4.3,6.5,269.0,0.77,7.6,0.0,86.1,46.4,80.0,8.0,29.783,29.612,20.7,26.5,82.8,0.17100000000000293
829,2022-07-24 00:00:00,68.1,51.0,46.0,29.8,3.1,5.0,83.0,0.77,7.6,0.0,85.2,49.2,92.0,13.0,29.912,29.742,17.3,21.9,82.1,0.16999999999999815
830,2022-07-25 00:00:00,67.7,52.0,45.8,29.7,2.3,4.0,59.0,0.77,7.6,0.0,84.7,48.8,93.0,17.0,29.894,29.558,15.0,19.6,82.3,0.3359999999999985
831,2022-07-26 00:00:00,67.8,46.0,44.9,29.5,6.0,9.0,280.0,0.79,7.62,0.0,78.5,56.2,84.0,27.0,29.655,29.442,17.3,25.3,78.7,0.21300000000000097
832,2022-07-27 00:00:00,67.2,47.0,45.4,29.6,5.0,7.5,279.0,0.79,7.62,0.0,78.6,54.7,75.0,23.0,29.716,29.518,13.8,19.6,79.1,0.1980000000000004
833,2022-07-28 00:00:00,61.9,59.0,45.8,29.8,3.0,4.9,285.0,1.18,8.01,0.0,76.0,47.7,91.0,28.0,29.991,29.702,13.8,19.6,78.8,0.2889999999999979
834,2022-07-29 00:00:00,63.5,56.0,44.8,29.9,2.2,4.0,131.0,1.18,8.01,0.0,77.9,45.4,91.0,27.0,30.048,29.741,12.7,19.6,79.0,0.3069999999999986
835,2022-07-30 00:00:00,66.6,41.0,37.3,29.9,2.8,4.6,106.0,1.18,8.01,0.0,85.7,44.8,85.0,15.0,29.968,29.735,16.1,24.2,82.5,0.23300000000000054
836,2022-07-31 00:00:00,67.0,48.0,44.3,29.8,3.9,5.9,320.0,1.18,8.01,0.0,86.3,48.2,87.0,21.0,29.893,29.646,21.9,27.6,83.4,0.2469999999999999
837,2022-08-01 00:00:00,70.6,43.0,46.9,29.7,8.4,12.1,276.0,0.0,8.94,0.0,81.1,61.5,59.0,28.0,29.78,29.61,20.7,29.9,79.8,0.1700000000000017
838,2022-08-02 00:00:00,67.9,53.0,49.6,29.8,4.2,6.8,302.0,0.0,8.94,0.0,78.3,60.9,76.0,31.0,29.813,29.664,12.7,21.9,79.0,0.14899999999999736
839,2022-08-03 00:00:00,64.6,64.0,51.1,29.7,2.7,4.4,54.0,0.01,8.95,0.0,79.0,51.3,93.0,31.0,29.867,29.638,17.3,24.2,79.4,0.2289999999999992
840,2022-08-04 00:00:00,65.3,48.0,43.9,29.7,4.8,7.4,268.0,0.01,8.95,0.0,77.4,52.9,78.0,27.0,29.814,29.629,16.1,24.2,79.0,0.18499999999999872
841,2022-08-05 00:00:00,67.4,37.0,36.8,29.7,6.5,9.7,286.0,0.01,8.95,0.0,80.7,51.6,74.0,16.0,29.784,29.598,21.9,32.2,79.0,0.18599999999999994
842,2022-08-06 00:00:00,64.4,39.0,33.5,29.8,3.9,6.1,285.0,0.01,8.95,0.0,82.8,43.5,85.0,14.0,29.864,29.638,19.6,28.8,80.3,0.2259999999999991
843,2022-08-07 00:00:00,65.5,31.0,27.1,29.7,4.8,7.5,286.0,0.01,8.95,0.0,84.5,41.3,82.0,9.0,29.818,29.565,23.0,32.2,81.5,0.2530000000000001
844,2022-08-08 00:00:00,67.1,22.0,24.1,29.7,5.5,8.6,296.0,0.01,8.95,0.0,83.0,50.2,53.0,8.0,29.747,29.591,20.7,29.9,80.3,0.1559999999999988
845,2022-08-09 00:00:00,64.5,41.0,32.9,29.7,4.3,6.7,320.0,0.01,8.95,0.0,84.3,41.1,84.0,10.0,29.775,29.529,18.4,26.5,81.3,0.24599999999999866
846,2022-08-10 00:00:00,61.2,61.0,46.1,29.7,3.9,6.1,73.0,0.01,8.95,0.0,75.3,44.6,93.0,34.0,29.733,29.575,15.0,19.6,79.1,0.15800000000000125
847,2022-08-11 00:00:00,63.2,35.0,28.9,29.7,4.3,6.6,282.0,0.01,8.95,0.0,83.2,39.9,79.0,10.0,29.822,29.56,21.9,32.2,80.5,0.26200000000000045
848,2022-08-12 00:00:00,62.3,37.0,34.7,29.8,3.2,5.4,99.0,0.01,8.95,0.0,77.4,41.9,64.0,15.0,29.843,29.688,15.0,20.7,79.1,0.15500000000000114
849,2022-08-13 00:00:00,63.0,48.0,40.0,29.8,3.6,5.7,82.0,0.01,8.95,0.0,80.1,40.5,83.0,13.0,29.967,29.75,19.6,24.2,79.1,0.21699999999999875
850,2022-08-14 00:00:00,63.3,52.0,43.4,29.8,5.6,8.7,287.0,0.12,9.06,0.0,74.4,48.3,88.0,26.0,29.879,29.621,20.7,34.5,79.2,0.25800000000000267
851,2022-08-15 00:00:00,69.8,36.0,40.1,29.6,7.8,11.7,275.0,0.12,9.06,0.0,81.4,58.1,52.0,20.0,29.699,29.518,17.3,28.8,79.5,0.18100000000000094
852,2022-08-16 00:00:00,64.6,44.0,40.3,29.8,4.8,7.6,278.0,0.12,9.06,0.0,83.8,48.2,88.0,18.0,29.937,29.591,19.6,31.1,81.1,0.3460000000000001
853,2022-08-17 00:00:00,64.9,44.0,36.5,29.9,3.4,5.4,284.0,0.12,9.06,0.0,87.6,42.9,91.0,10.0,30.016,29.736,21.9,29.9,83.9,0.2799999999999976
854,2022-08-18 00:00:00,66.0,32.0,27.8,29.8,3.3,5.7,303.0,0.12,9.06,0.0,89.7,41.2,76.0,6.0,29.942,29.654,18.4,29.9,85.8,0.28800000000000026
855,2022-08-19 00:00:00,65.3,36.0,36.0,29.7,4.8,7.1,294.0,0.13,9.07,0.0,76.1,52.8,73.0,21.0,29.767,29.493,18.4,26.5,79.2,0.2740000000000009
856,2022-08-20 00:00:00,64.2,52.0,43.7,29.8,3.0,5.3,79.0,0.13,9.07,0.0,81.2,45.2,90.0,25.0,29.908,29.716,13.8,20.7,79.7,0.19200000000000017
857,2022-08-21 00:00:00,64.3,57.0,45.5,29.8,4.4,6.7,276.0,0.24,9.18,0.0,84.0,48.9,92.0,19.0,29.916,29.687,18.4,24.2,81.3,0.2289999999999992
858,2022-08-22 00:00:00,67.8,43.0,41.4,29.8,5.2,7.8,284.0,0.24,9.18,0.0,83.9,50.4,79.0,19.0,29.854,29.674,18.4,26.5,81.2,0.17999999999999972
859,2022-08-23 00:00:00,71.1,30.0,34.2,29.7,5.2,8.0,293.0,0.24,9.18,0.0,87.6,51.1,65.0,12.0,29.795,29.61,16.1,25.3,83.9,0.18500000000000227
860,2022-08-24 00:00:00,68.2,36.0,37.3,29.8,3.5,5.4,317.0,0.24,9.18,0.0,86.1,48.8,80.0,16.0,29.879,29.693,19.6,31.1,82.8,0.18599999999999994
861,2022-08-25 00:00:00,66.0,48.0,42.5,29.8,4.7,6.8,287.0,0.35,9.29,0.0,85.6,46.2,85.0,18.0,29.88,29.67,17.3,26.5,82.4,0.2099999999999973
862,2022-08-26 00:00:00,64.5,57.0,47.1,29.9,2.8,4.5,1.0,0.35,9.29,0.0,80.9,50.2,90.0,23.0,30.01,29.751,19.6,26.5,79.5,0.25900000000000034
863,2022-08-27 00:00:00,63.7,57.0,45.7,29.9,2.9,4.6,271.0,0.35,9.29,0.0,83.0,47.3,92.0,22.0,30.017,29.736,15.0,21.9,80.8,0.2809999999999988
864,2022-08-28 00:00:00,62.6,60.0,47.1,29.8,2.2,3.6,10.0,0.39,9.33,0.0,84.0,51.0,85.0,20.0,29.914,29.681,21.9,28.8,81.3,0.23300000000000054
865,2022-08-29 00:00:00,62.1,62.0,46.6,29.7,5.0,7.7,282.0,0.45,9.39,0.0,78.5,51.1,94.0,25.0,29.853,29.578,20.7,35.7,79.0,0.27500000000000213
866,2022-08-30 00:00:00,67.5,35.0,37.1,29.6,7.4,10.8,281.0,0.45,9.39,0.0,82.0,52.0,61.0,20.0,29.723,29.541,20.7,34.5,79.9,0.1819999999999986
867,2022-08-31 00:00:00,69.7,33.0,36.6,29.6,8.2,11.9,265.0,0.45,9.39,0.0,84.9,55.1,77.0,14.0,29.726,29.405,34.5,51.8,81.8,0.32099999999999795
868,2022-09-26 00:00:00,61.2,31.0,25.8,29.8,3.3,5.3,294.0,0.0,9.39,0.0,78.1,38.3,68.0,11.0,29.833,29.664,16.1,21.9,77.0,0.16899999999999693
869,2022-09-27 00:00:00,57.2,40.0,29.8,29.9,2.0,3.7,294.0,0.0,9.39,0.0,76.5,37.2,84.0,14.0,30.075,29.824,11.5,20.7,76.6,0.25099999999999767
870,2022-09-29 00:00:00,53.4,43.0,28.4,30.0,5.4,7.3,326.0,0.0,9.39,0.0,67.1,35.6,78.0,21.0,30.342,29.869,10.4,12.7,73.9,0.472999999999999
871,2022-09-30 00:00:00,52.2,50.0,28.3,30.1,3.1,5.0,281.0,0.0,9.39,0.0,78.5,29.5,92.0,12.0,30.327,29.894,16.1,27.6,77.6,0.4330000000000034
872,2022-10-01 00:00:00,55.6,44.0,30.5,30.0,2.7,4.4,270.0,0.0,10.46,0.0,75.8,35.6,76.0,16.0,30.176,29.821,21.9,26.5,77.0,0.3549999999999969
873,2022-10-02 00:00:00,58.0,41.0,32.8,29.9,2.8,4.4,291.0,0.0,10.46,0.0,73.6,42.8,68.0,18.0,30.023,29.822,12.7,17.3,77.6,0.2022000000000005
874,2022-10-03 00:00:00,55.0,49.0,33.7,29.9,1.9,3.5,248.0,0.0,10.46,0.0,72.7,37.3,80.0,23.0,30.15,29.777,15.0,20.7,78.3,0.37299999999999756
875,2022-10-04 00:00:00,54.1,52.0,34.4,29.8,4.1,6.2,260.0,0.0,10.46,0.0,70.8,37.3,76.0,24.0,29.921,29.531,21.9,31.1,77.1,0.39000000000000057
876,2022-10-05 00:00:00,54.3,47.0,33.8,29.5,5.7,8.8,275.0,0.0,10.46,0.0,62.9,21.5,74.0,24.0,29.585,29.281,16.1,24.2,62.9,0.30400000000000205
877,2022-10-06 00:00:00,44.4,50.0,25.4,29.4,8.1,12.0,279.0,0.01,10.47,0.0,62.6,35.0,83.0,24.0,29.6,29.12,29.9,42.6,62.6,0.4800000000000004
878,2022-10-07 00:00:00,40.8,27.0,8.6,29.8,12.0,17.4,277.0,0.02,10.48,0.0,50.7,33.5,41.0,15.0,29.92,29.557,27.6,42.6,50.7,0.3630000000000031
879,2022-10-08 00:00:00,34.1,76.0,26.1,30.0,1.0,1.9,286.0,0.22,10.68,0.0,38.6,30.1,91.0,32.0,30.226,29.762,11.5,12.7,38.6,0.46399999999999864
880,2022-10-09 00:00:00,36.6,74.0,28.3,30.1,2.5,4.1,332.0,0.24,10.7,0.0,49.9,25.6,90.0,32.0,30.253,29.935,16.1,21.9,49.9,0.3180000000000014
881,2022-10-10 00:00:00,42.8,49.0,22.8,29.9,7.5,10.8,279.0,0.24,10.7,0.0,56.6,29.8,91.0,26.0,30.014,29.747,24.2,34.5,56.6,0.26699999999999946
882,2022-10-11 00:00:00,45.6,54.0,29.0,29.7,7.9,11.9,274.0,0.26,10.72,0.0,55.7,34.7,82.0,29.0,29.841,29.633,23.0,33.4,55.7,0.20800000000000196
883,2022-10-12 00:00:00,48.1,30.0,15.6,29.9,9.5,14.6,275.0,0.27,10.73,0.0,58.1,40.3,76.0,13.0,30.033,29.744,21.9,43.7,58.1,0.2890000000000015
884,2022-10-13 00:00:00,54.2,23.0,16.4,29.8,3.0,4.1,257.0,0.27,10.73,0.0,66.5,46.0,44.0,16.0,29.932,29.688,25.3,36.8,73.8,0.24399999999999977
885,2022-10-14 00:00:00,55.4,31.0,24.2,29.8,0.0,0.0,274.0,0.27,10.73,0.0,68.7,44.3,45.0,18.0,29.872,29.685,0.0,0.0,74.2,0.18700000000000117
886,2022-10-15 00:00:00,60.8,23.0,21.4,29.8,0.0,0.0,264.0,0.27,10.73,0.0,73.7,50.4,34.0,12.0,29.907,29.619,0.0,0.0,74.3,0.28800000000000026
887,2022-10-16 00:00:00,55.8,36.0,26.3,29.7,0.0,0.0,319.0,0.27,10.73,0.0,70.9,35.0,77.0,15.0,29.946,29.584,0.0,0.0,77.1,0.3620000000000019
888,2022-10-17 00:00:00,45.5,51.0,27.9,29.9,0.0,0.0,296.0,0.34,10.8,0.0,56.0,38.5,87.0,31.0,30.182,29.513,0.0,0.0,56.0,0.6689999999999969
889,2022-10-18 00:00:00,40.2,42.0,17.1,30.2,0.0,0.0,340.0,0.34,10.8,0.0,52.8,27.8,76.0,20.0,30.359,30.054,0.0,0.0,52.8,0.30500000000000327
890,2022-10-19 00:00:00,36.4,52.0,17.3,30.1,0.0,0.0,26.0,0.34,10.8,0.0,58.3,18.3,86.0,19.0,30.358,29.896,0.0,0.0,58.3,0.46199999999999974
891,2022-10-20 00:00:00,50.7,27.0,16.8,29.9,0.0,0.0,282.0,0.34,10.8,0.0,63.5,30.4,62.0,15.0,30.016,29.715,0.0,0.0,63.5,0.3009999999999984
892,2022-10-21 00:00:00,51.3,28.0,18.2,30.0,0.0,0.0,289.0,0.34,10.8,0.0,64.5,38.3,46.0,13.0,30.104,29.834,0.0,0.0,70.4,0.2699999999999996
893,2022-10-22 00:00:00,49.7,35.0,21.5,30.0,0.0,0.0,292.0,0.34,10.8,0.0,61.0,38.5,63.0,17.0,30.085,29.887,0.0,0.0,61.0,0.1980000000000004
894,2022-10-23 00:00:00,54.2,22.0,15.3,29.9,0.0,0.0,282.0,0.34,10.8,0.0,66.3,46.5,32.0,11.0,29.988,29.833,0.0,0.0,70.3,0.15500000000000114
895,2022-10-24 00:00:00,54.1,20.0,13.2,29.8,0.0,0.0,283.0,0.34,10.8,0.0,65.8,40.5,35.0,10.0,29.966,29.618,0.0,0.0,70.9,0.34800000000000253
896,2022-10-25 00:00:00,43.7,54.0,25.2,29.8,0.0,0.0,338.0,0.35,10.81,0.0,59.2,26.6,91.0,23.0,30.07,29.604,0.0,0.0,59.2,0.4660000000000011
897,2022-10-26 00:00:00,22.4,86.0,18.8,30.3,2.9,4.1,76.0,0.35,10.81,0.0,26.6,14.6,91.0,77.0,30.383,30.008,10.4,11.5,26.6,0.375
898,2022-10-27 00:00:00,17.7,71.0,9.4,30.4,1.4,2.3,1.0,0.88,11.34,0.0,39.8,-1.2,85.0,35.0,30.537,30.252,8.1,11.5,39.8,0.28500000000000014
899,2022-10-28 00:00:00,32.8,42.0,9.8,30.3,6.8,10.1,273.0,0.89,11.35,0.0,44.8,14.4,85.0,23.0,30.409,30.076,17.3,27.6,44.8,0.3329999999999984
900,2022-10-29 00:00:00,41.2,29.0,10.5,29.9,13.4,19.3,267.0,0.89,11.35,0.0,48.3,36.9,40.0,17.0,30.061,29.786,35.7,51.8,48.3,0.2749999999999986
901,2022-10-30 00:00:00,44.6,35.0,18.2,30.0,9.7,13.5,267.0,0.89,11.35,0.0,53.2,36.6,48.0,26.0,30.094,29.981,25.3,34.5,53.2,0.11299999999999955
902,2022-10-31 00:00:00,49.4,30.0,19.0,29.9,9.1,13.4,273.0,0.89,11.35,0.0,55.9,42.5,47.0,24.0,30.005,29.759,19.6,32.2,55.9,0.24599999999999866
903,2022-11-01 00:00:00,34.0,73.0,25.4,29.9,4.8,7.2,73.0,0.0,11.35,0.0,45.4,21.1,90.0,38.0,30.225,29.766,15.0,19.6,45.4,0.4590000000000032
904,2022-11-02 00:00:00,21.4,86.0,18.0,30.5,1.9,3.4,93.0,0.2,11.55,0.0,29.5,15.6,89.0,81.0,30.61,30.197,8.1,11.5,29.5,0.41300000000000026
905,2022-11-03 00:00:00,20.9,71.0,9.8,30.5,1.8,3.0,303.0,0.2,11.55,0.0,53.6,2.6,86.0,11.0,30.678,29.585,16.1,21.9,53.6,1.093
906,2022-11-05 00:00:00,33.5,55.0,17.6,29.4,7.8,11.9,279.0,0.2,11.55,0.0,51.0,22.2,81.0,29.0,29.603,29.21,34.5,52.9,51.0,0.3930000000000007
907,2022-11-06 00:00:00,26.7,46.0,8.4,29.9,10.9,14.9,272.0,0.2,11.55,0.0,34.0,17.2,64.0,33.0,30.195,29.49,28.8,39.1,34.0,0.7050000000000018
908,2022-11-07 00:00:00,24.6,69.0,15.3,30.2,2.2,3.5,73.0,0.2,11.55,0.0,39.1,14.8,84.0,34.0,30.272,30.034,12.7,19.6,39.1,0.23799999999999955
909,2022-11-08 00:00:00,25.4,54.0,9.1,30.3,3.8,5.8,279.0,0.2,11.55,0.0,39.3,11.6,85.0,24.0,30.456,30.041,17.3,27.6,39.3,0.41499999999999915
910,2022-11-09 00:00:00,30.5,31.0,0.9,30.4,5.7,9.1,298.0,0.2,11.55,0.0,43.3,14.8,62.0,14.0,30.521,30.325,17.3,27.6,43.3,0.1960000000000015
911,2022-11-10 00:00:00,39.4,14.0,-6.4,30.2,12.7,18.7,277.0,0.2,11.55,0.0,47.3,32.2,19.0,9.0,30.353,29.889,34.5,46.0,47.3,0.4640000000000022
912,2022-11-11 00:00:00,43.4,11.0,-8.6,29.8,12.7,17.6,272.0,0.2,11.55,0.0,54.1,36.2,20.0,6.0,29.94,29.497,27.6,38.0,54.1,0.4430000000000014
913,2022-11-12 00:00:00,37.4,48.0,17.1,29.4,18.3,26.3,276.0,0.2,11.55,0.0,43.3,30.0,89.0,16.0,29.581,29.195,48.3,77.1,43.3,0.38599999999999923
914,2022-11-13 00:00:00,35.5,58.0,21.6,29.5,13.4,19.7,272.0,0.2,11.55,0.0,41.3,28.8,89.0,41.0,29.665,29.195,47.2,67.9,41.3,0.46999999999999886
915,2022-11-14 00:00:00,34.8,36.0,10.0,29.7,0.7,1.0,278.0,0.2,11.55,0.0,41.3,30.1,63.0,23.0,29.772,29.589,20.7,28.8,41.3,0.18299999999999983
916,2022-11-15 00:00:00,32.8,40.0,11.0,29.8,0.0,0.0,283.0,0.2,11.55,0.0,36.2,28.4,61.0,27.0,29.984,29.599,0.0,0.0,36.2,0.38500000000000156
917,2022-11-16 00:00:00,27.7,23.0,-6.1,30.2,0.0,0.0,269.0,0.2,11.55,0.0,33.7,22.0,40.0,11.0,30.359,29.984,0.0,1.2,33.7,0.375
918,2022-11-17 00:00:00,38.0,24.0,4.5,29.9,11.0,16.0,277.0,0.2,11.55,0.0,45.2,27.9,28.0,17.0,30.22,29.628,34.5,52.9,45.2,0.5919999999999987
919,2022-11-18 00:00:00,42.5,28.0,11.3,29.5,11.6,16.6,273.0,0.2,11.55,0.0,50.5,36.3,37.0,19.0,29.669,29.27,31.1,44.9,50.5,0.3990000000000009
920,2022-11-19 00:00:00,29.0,73.0,20.5,29.7,5.8,8.6,274.0,0.24,11.59,0.0,42.8,23.5,88.0,27.0,30.054,29.23,24.2,34.5,42.8,0.8239999999999981
921,2022-11-20 00:00:00,33.2,58.0,18.7,30.0,7.5,10.5,273.0,0.3,11.65,0.0,44.2,18.2,86.0,37.0,30.06,29.908,20.7,28.8,44.2,0.15199999999999747
922,2022-11-21 00:00:00,38.5,47.0,19.6,29.9,7.3,10.6,271.0,0.3,11.65,0.0,45.7,29.3,79.0,31.0,30.051,29.823,23.0,32.2,45.7,0.22799999999999798
923,2022-11-22 00:00:00,37.8,43.0,16.9,30.1,10.6,15.2,260.0,0.3,11.65,0.0,44.1,29.4,64.0,33.0,30.201,29.981,29.9,40.3,44.1,0.21999999999999886
924,2022-11-23 00:00:00,42.0,28.0,10.1,30.1,1.1,1.6,274.0,0.3,11.65,0.0,55.4,29.7,45.0,14.0,30.204,29.956,15.0,26.5,55.4,0.2480000000000011
925,2022-11-24 00:00:00,47.9,18.0,6.0,29.8,0.0,0.0,274.0,0.3,11.65,0.0,56.0,30.0,43.0,11.0,29.973,29.591,0.0,0.0,56.0,0.3819999999999979
926,2022-11-25 00:00:00,36.9,42.0,14.3,29.8,8.3,12.5,283.0,0.3,11.65,0.0,46.2,23.2,87.0,24.0,30.117,29.56,29.9,43.7,46.2,0.5570000000000022
927,2022-11-26 00:00:00,24.5,36.0,-0.2,30.5,7.5,11.0,290.0,0.3,11.65,0.0,34.1,16.6,73.0,19.0,30.678,30.117,19.6,27.6,34.1,0.5609999999999999
928,2022-11-27 00:00:00,45.4,21.0,6.9,30.2,11.3,16.9,287.0,0.3,11.65,0.0,56.5,32.2,32.0,15.0,30.492,29.923,26.5,36.8,56.5,0.5690000000000026
929,2022-11-28 00:00:00,45.9,23.0,7.6,30.1,9.9,14.1,261.0,0.3,11.65,0.0,56.5,30.0,59.0,12.0,30.27,29.898,25.3,40.3,56.5,0.3719999999999999
930,2022-11-29 00:00:00,37.9,41.0,13.2,30.2,7.9,11.4,278.0,0.3,11.65,0.0,51.9,20.5,79.0,18.0,30.357,29.904,20.7,28.8,51.9,0.4529999999999994
931,2022-11-30 00:00:00,40.9,30.0,9.5,29.8,8.4,11.9,270.0,0.3,11.65,0.0,49.6,27.1,86.0,16.0,29.998,29.604,20.7,31.1,49.6,0.3940000000000019
932,2022-12-22 00:00:00,11.1,80.0,6.2,30.5,2.1,3.2,299.0,0.09,11.74,0.0,23.2,-7.2,86.0,72.0,30.76,30.082,11.5,17.3,23.2,0.6780000000000008
933,2022-12-23 00:00:00,13.1,73.0,5.6,30.7,0.6,1.1,253.0,0.17,11.82,0.0,38.8,-9.1,83.0,41.0,30.955,30.539,6.9,11.5,38.8,0.4159999999999968
934,2022-12-24 00:00:00,18.0,59.0,3.9,30.7,0.9,1.8,180.0,0.18,11.83,0.0,43.3,0.9,83.0,17.0,30.881,30.509,8.1,13.8,43.3,0.3719999999999999
935,2022-12-25 00:00:00,21.1,63.0,8.7,30.6,0.4,0.9,183.0,0.18,11.83,0.0,53.9,4.3,82.0,20.0,30.886,30.175,4.6,6.9,53.9,0.7109999999999985
936,2022-12-26 00:00:00,37.4,27.0,5.6,30.0,12.1,17.8,194.0,0.18,11.83,0.0,41.9,19.1,69.0,18.0,30.175,29.807,33.4,42.6,41.9,0.3680000000000021
937,2022-12-27 00:00:00,35.8,26.0,3.4,30.0,12.1,17.3,234.0,0.18,11.83,0.0,45.4,28.8,42.0,16.0,30.078,29.858,32.2,46.0,45.4,0.21999999999999886
938,2022-12-28 00:00:00,38.7,36.0,13.9,29.9,17.5,25.9,230.0,0.18,11.83,0.0,45.7,30.1,47.0,23.0,30.035,29.811,38.0,50.6,45.7,0.2240000000000002
939,2022-12-29 00:00:00,39.5,45.0,18.7,29.8,17.2,25.6,246.0,0.19,11.84,0.0,45.7,34.1,84.0,24.0,29.977,29.53,33.4,50.6,45.7,0.4469999999999992
940,2022-12-30 00:00:00,41.8,33.0,14.6,29.8,14.4,21.6,236.0,0.19,11.84,0.0,51.1,34.9,42.0,20.0,29.909,29.616,33.4,49.5,51.1,0.29299999999999926
941,2022-12-31 00:00:00,29.6,35.0,3.8,29.9,12.6,19.3,239.0,0.19,11.84,0.0,44.5,22.1,81.0,14.0,30.459,29.376,29.9,51.8,44.5,1.0829999999999984
942,2022-01-01 00:00:00,32.4,26.0,-1.1,30.5,10.8,15.3,234.0,0.0,0.0,0.0,44.2,22.7,56.0,10.0,30.642,30.322,28.8,47.2,44.2,0.3200000000000003
943,2022-01-02 00:00:00,36.6,38.0,9.4,30.5,7.7,10.7,233.0,0.0,0.0,0.0,52.8,12.4,78.0,17.0,30.846,30.124,19.6,31.1,52.8,0.7220000000000013
944,2022-01-03 00:00:00,43.7,21.0,6.1,30.1,10.6,15.5,237.0,0.0,0.0,0.0,52.3,36.0,28.0,15.0,30.294,29.905,28.8,49.5,52.3,0.38899999999999935
945,2022-01-04 00:00:00,45.1,18.0,3.5,30.2,10.5,14.9,238.0,0.0,0.0,0.0,55.1,37.9,34.0,10.0,30.305,30.16,19.6,29.9,55.1,0.14499999999999957
946,2022-01-05 00:00:00,43.5,29.0,11.6,30.0,7.2,10.0,243.0,0.0,0.0,0.0,56.6,28.1,55.0,16.0,30.278,29.834,20.7,31.1,56.6,0.44399999999999906
947,2022-01-06 00:00:00,34.2,45.0,11.2,29.9,5.6,8.2,251.0,0.0,0.0,0.0,46.8,15.4,85.0,11.0,30.125,29.752,15.0,24.2,46.8,0.3730000000000011
948,2022-01-07 00:00:00,23.4,76.0,16.4,30.1,3.2,5.2,57.0,0.0,0.0,0.0,34.6,11.2,89.0,51.0,30.299,29.961,13.8,18.4,34.6,0.33800000000000097
949,2022-01-08 00:00:00,14.1,69.0,4.9,30.5,1.6,2.7,252.0,0.04,0.04,0.0,35.2,-1.6,83.0,26.0,30.656,30.276,15.0,19.6,35.2,0.379999999999999
950,2022-01-09 00:00:00,23.3,68.0,13.2,30.5,1.5,2.6,29.0,0.04,0.04,0.0,46.0,6.3,85.0,37.0,30.7,30.219,10.4,11.5,46.0,0.4809999999999981
951,2022-01-10 00:00:00,33.2,49.0,12.2,30.0,6.2,8.8,238.0,0.04,0.04,0.0,51.2,13.5,86.0,16.0,30.319,29.697,17.3,25.3,51.2,0.6219999999999999
952,2022-01-11 00:00:00,19.4,51.0,2.4,30.1,6.3,10.1,249.0,0.04,0.04,0.0,33.5,12.3,80.0,17.0,30.35,29.697,21.9,42.6,33.5,0.6530000000000022
953,2022-01-12 00:00:00,23.2,24.0,-8.3,30.2,8.6,13.7,255.0,0.04,0.04,0.0,35.2,15.7,35.0,17.0,30.355,30.053,20.7,34.5,35.2,0.3019999999999996
954,2022-01-13 00:00:00,29.6,22.0,-5.1,30.1,14.0,21.5,250.0,0.04,0.04,0.0,36.9,22.7,27.0,17.0,30.199,30.052,33.4,48.3,36.9,0.14700000000000202
955,2022-01-14 00:00:00,38.8,23.0,3.8,30.0,14.8,22.2,238.0,0.04,0.04,0.0,46.2,29.4,30.0,18.0,30.148,29.799,26.5,44.9,46.2,0.3490000000000002
956,2022-01-15 00:00:00,40.2,18.0,-0.7,29.7,15.8,22.6,239.0,0.04,0.04,0.0,46.8,36.0,24.0,11.0,29.82,29.579,29.9,42.6,46.8,0.24099999999999966
957,2022-01-16 00:00:00,29.0,49.0,11.2,29.7,8.9,13.0,237.0,0.04,0.04,0.0,38.0,10.2,85.0,24.0,30.1,29.425,21.9,31.1,38.0,0.6750000000000007
958,2022-01-17 00:00:00,14.6,29.0,-12.3,30.3,14.5,21.5,243.0,0.04,0.04,0.0,22.1,8.6,39.0,20.0,30.368,30.067,25.3,40.3,22.1,0.3009999999999984
959,2022-01-18 00:00:00,30.3,34.0,4.8,29.9,21.8,31.7,247.0,0.04,0.04,0.0,37.5,21.8,56.0,21.0,30.152,29.69,33.4,54.1,37.5,0.46199999999999974
960,2022-01-19 00:00:00,40.3,49.0,22.7,29.6,22.3,32.0,245.0,0.04,0.04,0.0,46.1,33.1,61.0,41.0,29.77,29.506,35.7,52.9,46.1,0.26399999999999935
961,2022-01-20 00:00:00,37.2,51.0,20.6,29.8,10.2,14.7,239.0,0.04,0.04,0.0,41.5,34.0,74.0,35.0,29.928,29.554,24.2,36.8,41.5,0.37400000000000233
962,2022-01-21 00:00:00,41.7,41.0,19.1,29.4,16.3,23.9,241.0,0.04,0.04,0.0,52.0,35.9,69.0,26.0,29.831,29.119,34.5,50.6,52.0,0.7119999999999997
963,2022-01-22 00:00:00,29.8,41.0,8.2,29.6,15.6,22.8,240.0,0.04,0.04,0.0,37.7,25.3,60.0,25.0,29.911,29.095,34.5,49.5,37.7,0.8160000000000025
964,2022-01-23 00:00:00,31.0,37.0,6.6,29.9,10.7,15.7,243.0,0.04,0.04,0.0,41.5,22.5,64.0,20.0,29.97,29.739,31.1,44.9,41.5,0.2309999999999981
965,2022-01-24 00:00:00,25.5,70.0,16.7,30.1,3.4,5.2,52.0,0.04,0.04,0.0,35.8,12.6,86.0,44.0,30.373,29.809,13.8,21.9,35.8,0.5640000000000001
966,2022-01-25 00:00:00,37.7,29.0,7.8,30.0,17.5,25.5,241.0,0.04,0.04,0.0,51.3,25.0,46.0,15.0,30.285,29.843,38.0,49.5,51.3,0.44200000000000017
967,2022-01-26 00:00:00,36.9,39.0,13.1,29.9,11.4,16.5,230.0,0.04,0.04,0.0,45.7,31.7,81.0,23.0,30.09,29.732,25.3,36.8,45.7,0.35800000000000054
968,2022-01-27 00:00:00,26.5,38.0,3.5,30.1,8.3,12.8,240.0,0.04,0.04,0.0,34.7,18.9,67.0,21.0,30.404,29.722,23.0,36.8,34.7,0.6819999999999986
969,2022-01-28 00:00:00,26.4,18.0,-11.8,30.3,17.8,26.8,245.0,0.04,0.04,0.0,34.0,18.3,27.0,12.0,30.412,30.202,31.1,49.5,34.0,0.2099999999999973
970,2022-01-29 00:00:00,36.7,28.0,6.5,30.2,13.5,19.4,233.0,0.04,0.04,0.0,46.7,28.5,35.0,22.0,30.306,29.88,28.8,44.9,46.7,0.42600000000000193
971,2022-01-30 00:00:00,39.6,28.0,9.0,29.8,11.4,16.3,237.0,0.04,0.04,0.0,47.0,33.5,41.0,19.0,29.897,29.68,27.6,35.7,47.0,0.21699999999999875
972,2022-01-31 00:00:00,33.5,30.0,4.6,30.0,9.1,13.0,235.0,0.04,0.04,0.0,42.2,26.4,42.0,18.0,30.169,29.802,27.6,38.0,42.2,0.3670000000000009
973,2022-03-01 00:00:00,24.1,58.0,10.7,29.8,5.4,8.1,248.0,0.0,0.38,0.0,30.9,16.2,87.0,32.0,29.917,29.675,18.4,28.8,30.9,0.24200000000000088
974,2022-03-02 00:00:00,15.7,46.0,-2.6,30.1,6.5,9.8,254.0,0.0,0.38,0.0,26.7,3.4,69.0,23.0,30.351,29.899,24.2,34.5,26.7,0.4519999999999982
975,2022-03-03 00:00:00,25.9,35.0,1.8,30.1,16.7,26.5,255.0,0.0,0.38,0.0,35.2,13.5,45.0,27.0,30.248,29.94,32.2,50.6,35.2,0.30799999999999983
976,2022-03-04 00:00:00,36.9,37.0,12.4,30.1,15.5,20.9,231.0,0.0,0.38,0.0,46.0,29.4,55.0,25.0,30.228,29.954,34.5,52.9,46.0,0.2740000000000009
977,2022-03-05 00:00:00,44.2,22.0,7.4,29.9,14.6,20.5,233.0,0.0,0.38,0.0,52.2,36.0,27.0,15.0,30.08,29.578,34.5,49.5,52.2,0.5019999999999989
978,2022-03-06 00:00:00,46.4,17.0,1.6,29.4,13.1,18.5,223.0,0.0,0.38,0.0,56.2,30.0,43.0,7.0,29.596,29.228,32.2,51.8,56.2,0.36799999999999855
979,2022-03-07 00:00:00,26.2,77.0,19.6,29.8,3.5,5.4,47.0,0.0,0.38,0.0,36.5,21.9,89.0,34.0,30.282,29.403,11.5,13.8,36.5,0.8790000000000013
980,2022-03-08 00:00:00,28.6,57.0,13.2,30.5,2.1,3.6,60.0,0.0,0.38,0.0,44.6,15.7,85.0,27.0,30.676,30.268,10.4,17.3,44.6,0.4079999999999977
981,2022-03-09 00:00:00,32.2,42.0,6.3,30.4,1.6,3.2,91.0,0.0,0.38,0.0,55.6,12.3,77.0,9.0,30.729,29.25,13.8,24.2,55.6,1.4789999999999992
982,2022-03-10 00:00:00,37.7,41.0,10.4,30.0,1.7,3.3,82.0,0.0,0.38,0.0,59.6,16.1,71.0,8.0,30.26,29.723,10.4,16.1,59.6,0.5370000000000026
983,2022-03-11 00:00:00,38.9,41.0,12.3,29.7,5.6,8.6,244.0,0.0,0.38,0.0,53.4,24.5,76.0,12.0,29.81,29.569,21.9,32.2,53.4,0.24099999999999966
984,2022-03-12 00:00:00,45.9,23.0,9.7,29.7,11.4,16.5,236.0,0.0,0.38,0.0,55.0,35.3,36.0,15.0,29.934,29.489,28.8,42.6,55.0,0.4450000000000003
985,2022-03-13 00:00:00,49.3,16.0,4.7,29.7,12.8,18.3,227.0,0.0,0.38,0.0,58.3,42.5,25.0,9.0,29.862,29.59,26.5,38.0,58.3,0.27199999999999847
986,2022-03-14 00:00:00,50.4,12.0,-1.1,29.8,9.8,14.1,235.0,0.0,0.38,0.0,59.6,38.2,21.0,6.0,29.918,29.644,21.9,31.1,59.6,0.2740000000000009
987,2022-03-15 00:00:00,48.7,23.0,11.2,29.9,6.1,9.5,249.0,0.0,0.38,0.0,60.2,32.9,55.0,15.0,30.032,29.781,16.1,26.5,60.2,0.2510000000000012
988,2022-03-16 00:00:00,47.8,29.0,13.7,29.7,8.7,12.5,235.0,0.0,0.38,0.0,61.3,27.0,69.0,14.0,29.97,29.533,27.6,36.8,61.3,0.4369999999999976
989,2022-03-17 00:00:00,50.7,22.0,11.0,29.5,3.5,6.0,157.0,0.0,0.38,0.0,64.7,33.4,41.0,11.0,29.715,29.321,12.7,19.6,69.4,0.39399999999999835
990,2022-03-18 00:00:00,39.4,45.0,16.1,29.4,7.0,10.6,180.0,0.0,0.38,0.0,59.9,23.6,89.0,13.0,29.535,29.169,26.5,35.7,59.9,0.36599999999999966
991,2022-03-19 00:00:00,28.7,34.0,3.5,29.5,9.6,14.3,245.0,0.0,0.38,0.0,38.3,23.5,60.0,21.0,29.752,29.214,25.3,36.8,38.3,0.5380000000000003
992,2022-03-20 00:00:00,31.6,28.0,0.8,29.9,6.2,9.4,236.0,0.0,0.38,0.0,44.5,17.2,49.0,11.0,30.086,29.726,19.6,31.1,44.5,0.35999999999999943
993,2022-03-21 00:00:00,39.4,33.0,10.9,30.0,4.2,6.4,41.0,0.0,0.38,0.0,59.3,18.6,58.0,17.0,30.069,29.883,18.4,25.3,59.3,0.18599999999999994
994,2022-03-22 00:00:00,41.4,42.0,15.3,29.9,2.6,4.5,50.0,0.0,0.38,0.0,62.0,21.6,76.0,15.0,30.065,29.772,13.8,18.4,62.0,0.2930000000000028
995,2022-03-23 00:00:00,49.0,28.0,13.0,29.9,4.0,6.2,221.0,0.0,0.38,0.0,68.9,27.6,57.0,7.0,30.031,29.759,18.4,26.5,71.7,0.27199999999999847
996,2022-03-24 00:00:00,50.0,32.0,17.8,29.9,4.9,8.1,230.0,0.0,0.38,0.0,64.0,30.0,70.0,12.0,29.978,29.76,13.8,20.7,64.0,0.21799999999999997
997,2022-03-25 00:00:00,45.7,48.0,21.1,29.9,2.3,4.1,330.0,0.0,0.38,0.0,69.2,27.0,86.0,10.0,30.112,29.718,13.8,19.6,72.4,0.39399999999999835
998,2022-03-26 00:00:00,46.2,34.0,12.9,29.6,7.9,11.4,237.0,0.0,0.38,0.0,67.0,29.8,72.0,6.0,29.761,29.323,26.5,39.1,69.1,0.43799999999999883
999,2022-03-27 00:00:00,47.1,21.0,7.3,29.8,9.5,13.8,228.0,0.0,0.38,0.0,59.3,35.1,38.0,9.0,29.945,29.458,23.0,38.0,59.3,0.4870000000000019
1000,2022-03-28 00:00:00,46.4,29.0,11.5,29.8,6.6,9.7,238.0,0.0,0.38,0.0,62.9,25.0,59.0,10.0,30.023,29.634,21.9,28.8,62.9,0.38899999999999935
1001,2022-03-29 00:00:00,51.2,21.0,11.3,29.7,6.6,9.8,239.0,0.0,0.38,0.0,59.5,42.8,43.0,14.0,29.771,29.554,21.9,27.6,59.5,0.2170000000000023
1002,2022-03-30 00:00:00,53.6,24.0,17.0,29.7,8.2,11.8,235.0,0.0,0.38,0.0,65.8,44.1,37.0,14.0,29.731,29.572,25.3,32.2,71.5,0.15900000000000247
1003,2022-03-31 00:00:00,58.4,21.0,16.9,29.6,8.4,12.0,230.0,0.0,0.38,0.0,70.8,49.6,31.0,6.0,29.739,29.349,23.0,32.2,73.3,0.39000000000000057
1004,2022-04-01 00:00:00,60.1,14.0,10.4,29.2,9.2,12.4,239.0,0.0,0.38,0.0,72.0,49.1,24.0,9.0,29.362,29.063,27.6,34.5,72.4,0.2989999999999995
1005,2022-04-02 00:00:00,36.0,61.0,22.5,29.7,4.4,6.5,39.0,0.0,0.38,0.0,50.1,29.4,89.0,22.0,30.156,29.122,19.6,26.5,50.1,1.033999999999999
1006,2022-04-03 00:00:00,29.5,81.0,24.5,30.2,1.7,3.1,80.0,0.21,0.59,0.0,34.7,26.0,89.0,71.0,30.264,30.065,11.5,19.6,34.7,0.19899999999999807
1007,2022-04-04 00:00:00,39.4,68.0,28.6,29.8,1.8,2.9,53.0,0.22,0.6,0.0,56.8,23.0,90.0,30.0,30.129,29.488,11.5,16.1,56.8,0.6410000000000018
1008,2022-04-05 00:00:00,45.8,50.0,24.3,29.6,2.4,4.1,127.0,0.22,0.6,0.0,61.2,26.8,85.0,13.0,29.903,29.439,12.7,19.6,61.2,0.46399999999999864
1009,2022-04-06 00:00:00,44.0,33.0,7.9,29.6,10.4,15.1,234.0,0.22,0.6,0.0,61.3,27.5,81.0,6.0,29.872,29.446,28.8,39.1,61.3,0.4259999999999984
1010,2022-04-07 00:00:00,38.9,22.0,-0.3,30.1,10.3,15.3,241.0,0.22,0.6,0.0,56.3,26.3,53.0,7.0,30.322,29.864,26.5,42.6,56.3,0.4579999999999984
1011,2022-04-08 00:00:00,47.0,17.0,0.3,30.1,5.5,8.1,229.0,0.22,0.6,0.0,65.6,25.4,54.0,6.0,30.28,29.931,17.3,26.5,67.1,0.3490000000000002
1012,2022-04-09 00:00:00,45.3,31.0,11.3,30.0,3.8,6.3,275.0,0.22,0.6,0.0,66.9,23.6,61.0,6.0,30.138,29.946,16.1,24.2,71.0,0.19200000000000017
1013,2022-04-10 00:00:00,47.0,43.0,20.1,30.0,2.8,4.7,87.0,0.22,0.6,0.0,70.8,24.2,80.0,9.0,30.148,29.811,26.5,34.5,72.8,0.33699999999999974
1014,2022-04-11 00:00:00,45.8,65.0,33.6,29.8,2.7,4.7,58.0,0.31,0.69,0.0,63.6,28.4,86.0,27.0,30.037,29.455,12.7,17.3,63.6,0.5820000000000007
1015,2022-04-12 00:00:00,45.5,40.0,19.9,29.6,10.4,15.2,244.0,0.31,0.69,0.0,54.7,37.5,88.0,16.0,29.643,29.455,29.9,38.0,54.7,0.1880000000000024
1016,2022-04-13 00:00:00,42.0,33.0,13.6,29.7,9.1,13.3,236.0,0.31,0.69,0.0,52.2,33.8,60.0,15.0,29.743,29.562,25.3,35.7,52.2,0.18099999999999739
1017,2022-04-14 00:00:00,36.6,66.0,25.5,29.5,2.0,3.5,53.0,0.32,0.7,0.0,48.6,27.0,92.0,31.0,29.625,29.375,12.7,17.3,48.6,0.25
1018,2022-04-15 00:00:00,33.1,74.0,25.4,29.7,3.8,5.9,329.0,0.46,0.84,0.0,44.6,28.4,92.0,37.0,30.024,29.468,23.0,31.1,44.6,0.5560000000000009
1019,2022-04-16 00:00:00,37.8,50.0,18.0,30.1,5.8,9.4,254.0,0.46,0.84,0.0,48.3,25.0,89.0,25.0,30.147,29.947,17.3,27.6,48.3,0.1999999999999993
1020,2022-04-17 00:00:00,45.8,34.0,18.4,30.0,8.4,12.1,240.0,0.46,0.84,0.0,56.2,36.0,51.0,22.0,30.153,29.873,20.7,28.8,56.2,0.2799999999999976
1021,2022-04-18 00:00:00,48.0,39.0,22.7,29.8,9.3,13.2,231.0,0.46,0.84,0.0,61.6,34.1,59.0,19.0,29.984,29.645,27.6,38.0,61.6,0.3390000000000022
1022,2022-04-19 00:00:00,44.5,47.0,23.7,29.8,6.5,10.2,255.0,0.47,0.85,0.0,54.9,36.6,80.0,23.0,29.945,29.645,18.4,27.6,54.9,0.3000000000000007
1023,2022-04-20 00:00:00,46.1,49.0,25.4,30.0,8.2,11.9,234.0,0.48,0.86,0.0,57.9,28.5,92.0,26.0,30.162,29.804,21.9,29.9,57.9,0.35800000000000054
1024,2022-04-21 00:00:00,55.9,30.0,22.6,29.9,8.1,12.0,248.0,0.48,0.86,0.0,69.4,42.9,66.0,13.0,30.024,29.776,21.9,32.2,74.9,0.2480000000000011
1025,2022-04-22 00:00:00,50.1,49.0,28.3,30.1,3.6,5.6,38.0,0.48,0.86,0.0,68.8,29.0,87.0,16.0,30.201,29.964,20.7,20.7,75.2,0.23700000000000188
1026,2022-04-23 00:00:00,53.1,40.0,25.0,30.0,2.1,3.7,337.0,0.48,0.86,0.0,74.3,30.6,77.0,12.0,30.147,29.753,15.0,21.9,74.7,0.39399999999999835
1027,2022-04-24 00:00:00,56.1,33.0,22.8,29.7,4.8,7.4,254.0,0.48,0.86,0.0,74.2,35.2,62.0,12.0,29.881,29.5,25.3,34.5,74.9,0.3810000000000002
1028,2022-04-25 00:00:00,53.8,34.0,23.6,29.7,2.6,4.4,252.0,0.48,0.86,0.0,69.3,35.5,55.0,15.0,29.851,29.648,18.4,21.9,74.5,0.2029999999999994
1029,2022-04-26 00:00:00,55.3,48.0,34.5,29.6,4.9,7.4,203.0,0.54,0.92,0.0,67.8,43.9,81.0,20.0,29.814,29.349,18.4,27.6,77.8,0.46499999999999986
1030,2022-04-27 00:00:00,45.9,43.0,22.9,29.5,12.7,19.3,251.0,0.54,0.92,0.0,51.4,31.3,88.0,22.0,29.803,29.325,28.8,42.6,51.4,0.47800000000000153
1031,2022-04-28 00:00:00,39.2,34.0,9.6,29.9,10.7,15.6,245.0,0.54,0.92,0.0,54.8,25.6,80.0,13.0,29.956,29.776,28.8,42.6,54.8,0.17999999999999972
1032,2022-04-29 00:00:00,40.7,48.0,19.5,29.9,4.6,6.8,237.0,0.54,0.92,0.0,57.8,22.7,83.0,15.0,30.005,29.828,20.7,32.2,57.8,0.1769999999999996
1033,2022-04-30 00:00:00,49.0,31.0,13.6,29.8,7.1,10.5,240.0,0.54,0.92,0.0,66.0,23.3,73.0,11.0,30.014,29.524,20.7,35.7,70.6,0.48999999999999844
1034,2022-05-01 00:00:00,55.7,28.0,21.2,29.5,10.3,14.7,232.0,0.0,0.92,0.0,63.4,48.6,54.0,17.0,29.554,29.386,25.3,33.4,63.4,0.16799999999999926
1035,2022-05-02 00:00:00,51.8,48.0,31.1,29.6,6.5,9.8,251.0,0.12,1.04,0.0,65.4,39.1,81.0,23.0,29.769,29.533,21.9,31.1,75.6,0.2359999999999971
1036,2022-05-03 00:00:00,54.7,43.0,28.5,29.7,3.1,5.3,277.0,0.12,1.04,0.0,69.3,32.8,88.0,18.0,29.917,29.525,15.0,19.6,76.5,0.392000000000003
1037,2022-05-04 00:00:00,61.6,18.0,15.5,29.6,7.3,10.7,239.0,0.12,1.04,0.0,76.0,44.2,34.0,7.0,29.691,29.482,21.9,31.1,75.0,0.20899999999999963
1038,2022-05-05 00:00:00,60.9,17.0,13.9,29.6,8.9,12.9,235.0,0.12,1.04,0.0,73.8,44.5,38.0,8.0,29.774,29.466,24.2,32.2,73.6,0.30799999999999983
1039,2022-05-06 00:00:00,39.9,56.0,23.6,30.0,2.9,5.2,77.0,0.21,1.13,0.0,50.5,28.5,91.0,23.0,30.215,29.774,12.7,17.3,50.5,0.44099999999999895
1040,2022-05-07 00:00:00,36.2,86.0,32.3,30.2,3.5,5.3,54.0,0.33,1.25,0.0,42.6,33.0,92.0,67.0,30.313,30.12,12.7,16.1,42.6,0.19299999999999784
1041,2022-05-08 00:00:00,41.9,61.0,27.3,30.2,1.9,3.7,82.0,0.34,1.26,0.0,57.0,23.8,92.0,30.0,30.348,30.022,10.4,13.8,57.0,0.3260000000000005
1042,2022-05-09 00:00:00,50.1,43.0,22.0,29.9,3.6,5.8,193.0,0.34,1.26,0.0,72.3,26.7,89.0,13.0,30.114,29.69,16.1,20.7,74.2,0.4239999999999995
1043,2022-05-10 00:00:00,56.7,27.0,18.1,29.6,6.2,9.2,244.0,0.34,1.26,0.0,74.6,32.1,67.0,10.0,29.78,29.477,20.7,27.6,74.5,0.3030000000000008
1044,2022-05-11 00:00:00,36.5,77.0,29.5,30.1,2.9,4.6,70.0,0.38,1.3,0.0,54.6,32.1,92.0,39.0,30.298,29.562,11.5,17.3,54.6,0.7359999999999971
1045,2022-05-12 00:00:00,40.3,82.0,34.8,30.3,2.6,4.1,55.0,0.53,1.45,0.0,55.4,30.4,94.0,41.0,30.368,30.117,18.4,21.9,55.4,0.25099999999999767
1046,2022-05-13 00:00:00,41.4,75.0,33.2,30.2,2.4,4.1,321.0,0.59,1.51,0.0,53.8,31.2,94.0,37.0,30.309,30.137,10.4,17.3,53.8,0.1720000000000006
1047,2022-05-14 00:00:00,47.6,46.0,20.3,30.2,2.0,3.6,77.0,0.59,1.51,0.0,68.9,23.6,90.0,10.0,30.343,29.952,12.7,19.6,72.5,0.39099999999999824
1048,2022-05-15 00:00:00,53.2,33.0,20.5,30.0,2.5,4.6,98.0,0.59,1.51,0.0,70.4,30.1,69.0,11.0,30.15,29.861,12.7,16.1,74.0,0.2889999999999979
1049,2022-05-16 00:00:00,56.3,34.0,25.3,29.8,6.8,10.0,229.0,0.59,1.51,0.0,72.9,37.6,57.0,11.0,29.921,29.58,20.7,34.5,74.5,0.3410000000000011
1050,2022-05-17 00:00:00,59.4,32.0,28.5,29.6,7.5,10.8,234.0,0.59,1.51,0.0,73.5,43.9,60.0,17.0,29.691,29.45,23.0,31.1,76.2,0.24099999999999966
1051,2022-05-18 00:00:00,55.3,38.0,25.7,29.5,5.4,8.4,247.0,0.59,1.51,0.0,72.0,36.3,72.0,13.0,29.59,29.383,27.6,42.6,75.9,0.20700000000000074
1052,2022-05-19 00:00:00,42.6,79.0,35.9,29.8,3.0,4.6,61.0,0.99,1.91,0.0,52.8,33.5,92.0,41.0,30.2,29.429,23.0,34.5,52.8,0.7710000000000008
1053,2022-05-20 00:00:00,47.2,63.0,32.8,30.1,2.6,4.3,239.0,1.0,1.92,0.0,62.4,29.8,94.0,27.0,30.264,30.009,17.3,26.5,62.4,0.254999999999999
1054,2022-05-21 00:00:00,56.1,43.0,27.8,30.0,2.6,4.5,262.0,1.0,1.92,0.0,76.6,32.1,86.0,13.0,30.151,29.75,16.1,31.1,76.4,0.4009999999999998
1055,2022-05-22 00:00:00,59.9,33.0,23.5,29.6,5.1,7.8,239.0,1.0,1.92,0.0,80.3,36.3,72.0,8.0,29.777,29.271,24.2,34.5,78.3,0.5060000000000002
1056,2022-05-23 00:00:00,48.4,61.0,33.8,29.4,2.3,4.1,97.0,1.22,2.14,0.0,55.3,39.8,89.0,22.0,29.545,29.256,11.5,12.7,55.3,0.2890000000000015
1057,2022-05-24 00:00:00,44.1,55.0,26.9,29.6,6.4,9.5,235.0,1.22,2.14,0.0,54.4,36.2,91.0,24.0,29.794,29.499,23.0,33.4,54.4,0.2950000000000017
1058,2022-05-25 00:00:00,43.6,76.0,36.3,29.7,2.0,3.6,248.0,1.22,2.14,0.0,49.9,38.2,90.0,66.0,29.788,29.67,6.9,11.5,49.9,0.11799999999999855
1059,2022-05-26 00:00:00,57.7,48.0,31.7,29.5,5.5,9.3,188.0,1.22,2.14,0.0,75.1,34.9,93.0,10.0,29.775,29.149,24.2,35.7,78.2,0.6259999999999977
1060,2022-05-27 00:00:00,49.4,19.0,8.1,29.6,11.7,17.3,241.0,1.22,2.14,0.0,58.3,42.5,37.0,10.0,29.801,29.296,28.8,38.0,58.3,0.504999999999999
1061,2022-05-28 00:00:00,52.8,23.0,14.6,29.8,12.6,18.4,245.0,1.22,2.14,0.0,65.2,43.1,37.0,10.0,29.908,29.641,29.9,43.7,71.0,0.267000000000003
1062,2022-05-29 00:00:00,51.0,35.0,21.7,29.9,2.3,4.1,318.0,1.22,2.14,0.0,69.9,30.1,60.0,12.0,30.028,29.755,13.8,24.2,75.6,0.2729999999999997
1063,2022-05-30 00:00:00,55.2,39.0,26.3,29.8,4.4,7.1,286.0,1.22,2.14,0.0,73.5,34.1,69.0,13.0,29.884,29.669,18.4,26.5,76.8,0.21499999999999986
1064,2022-05-31 00:00:00,51.3,55.0,34.6,29.9,3.0,4.9,59.0,1.22,2.14,0.0,64.2,34.9,83.0,33.0,29.946,29.807,13.8,19.6,64.2,0.1390000000000029
1065,2022-06-01 00:00:00,59.3,44.0,34.9,29.7,5.9,8.7,280.0,0.0,2.14,0.0,73.0,38.9,84.0,21.0,29.827,29.606,17.3,26.5,78.6,0.22100000000000009
1066,2022-06-02 00:00:00,56.3,57.0,39.1,29.7,4.5,6.6,329.0,0.13,2.27,0.0,80.9,37.6,88.0,19.0,29.854,29.493,25.3,34.5,79.1,0.36100000000000065
1067,2022-06-03 00:00:00,65.2,35.0,35.2,29.6,3.8,6.0,209.0,0.13,2.27,0.0,78.8,49.5,65.0,16.0,29.778,29.498,17.3,24.2,78.5,0.2799999999999976
1068,2022-06-04 00:00:00,64.2,40.0,33.7,29.7,3.0,5.5,123.0,0.13,2.27,0.0,81.8,40.9,80.0,12.0,29.891,29.517,12.7,26.5,79.5,0.3739999999999988
1069,2022-06-05 00:00:00,59.6,54.0,41.2,29.6,2.7,4.5,56.0,0.26,2.4,0.0,74.4,43.3,80.0,25.0,29.662,29.456,15.0,19.6,78.8,0.20599999999999952
1070,2022-06-06 00:00:00,60.4,52.0,39.3,29.6,4.4,6.9,76.0,0.26,2.4,0.0,74.7,40.5,87.0,16.0,29.686,29.438,15.0,24.2,79.1,0.2480000000000011
1071,2022-06-07 00:00:00,62.5,60.0,47.2,29.6,3.8,6.0,48.0,0.26,2.4,0.0,74.4,51.7,85.0,31.0,29.713,29.565,15.0,19.6,79.0,0.1479999999999997
1072,2022-06-08 00:00:00,66.6,39.0,31.4,29.5,5.6,8.5,230.0,0.26,2.4,0.0,83.2,45.5,89.0,7.0,29.753,29.279,17.3,32.2,80.5,0.4740000000000002
1073,2022-06-09 00:00:00,73.4,11.0,15.5,29.2,11.2,16.5,241.0,0.26,2.4,0.0,83.6,64.0,15.0,7.0,29.338,29.083,25.3,35.7,80.8,0.25500000000000256
1074,2022-06-10 00:00:00,59.4,16.0,11.5,29.5,11.4,16.5,235.0,0.26,2.4,0.0,68.8,48.9,33.0,8.0,29.857,29.085,27.6,36.8,71.7,0.7719999999999985
1075,2022-06-11 00:00:00,56.8,22.0,17.5,29.9,5.1,8.1,204.0,0.26,2.4,0.0,68.4,40.4,67.0,11.0,29.991,29.783,15.0,24.2,73.9,0.2079999999999984
1076,2022-06-12 00:00:00,58.6,28.0,19.2,29.9,3.9,6.3,253.0,0.26,2.4,0.0,75.3,33.7,80.0,9.0,30.034,29.661,17.3,25.3,74.8,0.37299999999999756
1077,2022-06-13 00:00:00,63.6,22.0,17.1,29.6,4.7,7.1,235.0,0.26,2.4,0.0,82.4,36.0,71.0,7.0,29.845,29.374,20.7,27.6,79.9,0.4710000000000001
1078,2022-06-14 00:00:00,61.0,30.0,27.8,29.6,3.5,5.8,82.0,0.26,2.4,0.0,77.7,39.9,70.0,16.0,29.784,29.493,17.3,25.3,77.3,0.29100000000000037
1079,2022-06-15 00:00:00,62.0,43.0,37.3,29.7,3.3,5.4,21.0,0.27,2.41,0.0,78.5,46.8,84.0,18.0,29.779,29.523,19.6,26.5,79.0,0.2560000000000002
1080,2022-06-16 00:00:00,58.8,51.0,40.2,29.8,2.9,4.9,51.0,0.27,2.41,0.0,72.0,41.3,85.0,27.0,29.941,29.719,17.3,26.5,79.2,0.22199999999999775
1081,2022-06-17 00:00:00,68.0,29.0,23.9,29.6,9.7,14.7,249.0,0.27,2.41,0.0,83.6,39.6,79.0,7.0,29.863,29.279,26.5,42.6,80.8,0.5839999999999996
1082,2022-06-18 00:00:00,74.3,13.0,17.9,29.3,7.8,11.4,234.0,0.27,2.41,0.0,85.3,53.2,48.0,7.0,29.413,29.179,21.9,32.2,82.1,0.23400000000000176
1083,2022-06-19 00:00:00,74.5,13.0,19.4,29.2,8.8,13.5,239.0,0.27,2.41,0.0,85.5,61.8,32.0,7.0,29.355,29.185,21.9,29.9,82.4,0.1700000000000017
1084,2022-06-20 00:00:00,57.9,44.0,35.4,29.7,4.5,7.3,69.0,0.27,2.41,0.0,66.3,44.9,68.0,19.0,29.981,29.331,18.4,21.9,79.1,0.6500000000000021
1085,2022-06-21 00:00:00,62.9,38.0,35.4,29.8,2.9,5.0,77.0,0.27,2.41,0.0,77.9,45.4,58.0,21.0,30.066,29.649,16.1,19.6,79.0,0.41699999999999804
1086,2022-06-22 00:00:00,70.2,28.0,23.1,29.5,6.5,9.7,237.0,0.27,2.41,0.0,89.0,41.5,83.0,5.0,29.741,29.261,25.3,34.5,85.2,0.4800000000000004
1087,2022-06-23 00:00:00,76.3,12.0,17.7,29.4,7.4,10.9,242.0,0.27,2.41,0.0,90.8,54.4,40.0,6.0,29.554,29.254,27.6,35.7,86.7,0.29999999999999716
1088,2022-06-24 00:00:00,75.3,17.0,25.8,29.6,3.7,5.9,236.0,0.27,2.41,0.0,90.3,58.3,52.0,9.0,29.683,29.517,16.1,21.9,86.1,0.16600000000000037
1089,2022-06-25 00:00:00,73.0,26.0,31.6,29.6,3.6,5.9,223.0,0.27,2.41,0.0,90.6,47.9,80.0,9.0,29.776,29.387,27.6,40.3,86.4,0.38899999999999935
1090,2022-06-26 00:00:00,74.9,22.0,31.8,29.4,7.4,10.9,238.0,0.27,2.41,0.0,88.0,53.3,54.0,13.0,29.56,29.286,23.0,34.5,84.3,0.27399999999999736
1091,2022-06-27 00:00:00,71.4,38.0,40.7,29.5,7.0,10.6,242.0,0.38,2.52,0.0,86.0,54.7,82.0,16.0,29.707,29.333,23.0,29.9,82.7,0.37400000000000233
1092,2022-06-28 00:00:00,63.6,58.0,45.1,29.8,3.5,5.5,221.0,0.44,2.58,0.0,87.2,46.5,93.0,15.0,29.968,29.664,17.3,27.6,83.6,0.3039999999999985
1093,2022-06-29 00:00:00,70.5,32.0,35.7,29.7,5.2,8.0,255.0,0.44,2.58,0.0,86.6,50.2,80.0,11.0,29.884,29.563,21.9,33.4,83.1,0.3210000000000015
1094,2022-06-30 00:00:00,68.6,30.0,32.2,29.7,3.9,5.9,242.0,0.44,2.58,0.0,85.1,45.2,80.0,9.0,29.834,29.538,21.9,27.6,81.9,0.2959999999999994
1095,2022-07-01 00:00:00,70.4,31.0,31.9,29.6,3.1,5.1,102.0,0.0,2.58,0.0,91.8,46.5,81.0,6.0,29.752,29.458,18.4,26.5,87.4,0.2940000000000005
1096,2022-07-02 00:00:00,66.4,47.0,41.7,29.6,3.6,5.5,319.0,0.07,2.65,0.0,86.5,47.4,90.0,12.0,29.755,29.509,15.0,21.9,83.0,0.24599999999999866
1097,2022-07-03 00:00:00,65.4,57.0,46.2,29.6,2.0,3.6,307.0,0.08,2.66,0.0,87.6,48.3,93.0,17.0,29.776,29.514,10.4,16.1,84.1,0.26200000000000045
1098,2022-07-04 00:00:00,70.9,34.0,37.2,29.6,3.5,5.7,61.0,0.08,2.66,0.0,86.7,52.8,74.0,11.0,29.649,29.473,17.3,24.2,83.2,0.17600000000000193
1099,2022-07-05 00:00:00,67.2,52.0,48.1,29.6,4.0,6.3,244.0,0.08,2.66,0.0,83.6,56.6,83.0,28.0,29.667,29.486,16.1,26.5,81.8,0.18100000000000094
1100,2022-07-06 00:00:00,63.0,63.0,47.8,29.8,3.6,5.7,224.0,1.33,3.91,0.0,78.6,54.2,93.0,29.0,30.014,29.514,15.0,19.6,79.1,0.5
1101,2022-07-07 00:00:00,57.2,88.0,53.7,30.0,1.5,2.6,17.0,3.0,5.58,0.0,64.7,53.8,94.0,69.0,30.06,29.904,10.4,13.8,72.2,0.1559999999999988
1102,2022-07-08 00:00:00,58.8,84.0,53.8,30.0,1.9,3.3,66.0,3.3,5.88,0.0,65.4,54.7,94.0,61.0,30.052,29.953,10.4,12.7,74.9,0.0990000000000002
1103,2022-07-09 00:00:00,60.4,75.0,51.7,30.0,2.3,4.1,73.0,3.31,5.89,0.0,70.6,50.8,94.0,53.0,30.065,29.95,11.5,16.1,77.7,0.11500000000000199
1104,2022-07-10 00:00:00,61.7,68.0,50.2,29.9,1.9,3.7,78.0,3.31,5.89,0.0,73.0,47.4,94.0,44.0,30.039,29.818,13.8,17.3,78.6,0.22100000000000009
1105,2022-07-11 00:00:00,63.5,58.0,45.8,29.9,3.0,4.9,39.0,3.32,5.9,0.0,79.2,46.5,94.0,25.0,29.935,29.744,18.4,25.3,78.5,0.19099999999999895
1106,2022-07-12 00:00:00,66.2,50.0,43.8,29.8,2.8,4.6,7.0,3.32,5.9,0.0,83.4,47.7,93.0,15.0,29.86,29.711,17.3,25.3,80.8,0.1490000000000009
1107,2022-07-13 00:00:00,66.7,46.0,40.8,29.8,2.5,4.4,95.0,3.32,5.9,0.0,81.8,46.4,92.0,17.0,29.923,29.73,11.5,18.4,79.8,0.19299999999999784
1108,2022-07-14 00:00:00,65.5,46.0,41.6,29.8,3.8,6.4,239.0,3.32,5.9,0.0,80.3,46.4,91.0,20.0,29.893,29.646,16.1,25.3,78.9,0.2469999999999999
1109,2022-07-15 00:00:00,68.0,44.0,44.0,29.7,6.1,9.3,241.0,3.5,6.08,0.0,81.4,52.8,87.0,23.0,29.825,29.553,20.7,28.8,79.9,0.27199999999999847
1110,2022-07-16 00:00:00,64.5,53.0,45.1,29.7,4.4,6.7,234.0,3.54,6.12,0.0,79.9,49.8,90.0,25.0,29.799,29.527,18.4,25.3,79.5,0.27199999999999847
1111,2022-07-17 00:00:00,66.8,46.0,44.4,29.7,5.1,7.8,243.0,3.54,6.12,0.0,78.1,53.9,85.0,27.0,29.756,29.578,16.1,24.2,79.0,0.17800000000000082
1112,2022-07-18 00:00:00,66.4,48.0,41.8,29.8,2.1,3.6,145.0,3.54,6.12,0.0,83.8,46.0,94.0,14.0,29.872,29.7,18.4,25.3,81.3,0.1720000000000006
1113,2022-07-19 00:00:00,64.8,55.0,46.2,29.8,1.5,2.6,263.0,3.69,6.27,0.0,85.5,46.4,92.0,16.0,29.959,29.737,10.4,18.4,82.6,0.2220000000000013
1114,2022-07-20 00:00:00,69.0,46.0,43.3,29.8,2.9,4.8,245.0,3.69,6.27,0.0,84.0,47.6,93.0,19.0,29.979,29.701,13.8,19.6,81.7,0.2779999999999987
1115,2022-07-21 00:00:00,68.1,47.0,45.4,29.8,2.7,4.5,308.0,3.71,6.29,0.0,85.9,47.9,90.0,22.0,29.938,29.666,17.3,25.3,83.2,0.27199999999999847
1116,2022-07-22 00:00:00,64.5,56.0,46.7,29.9,3.2,5.2,292.0,3.79,6.37,0.0,82.7,48.8,90.0,26.0,30.008,29.728,15.0,27.6,81.1,0.2799999999999976
1117,2022-07-23 00:00:00,66.8,55.0,46.4,29.8,4.1,6.2,206.0,3.82,6.4,0.0,82.4,51.0,95.0,19.0,29.948,29.654,25.3,34.5,80.6,0.2940000000000005
1118,2022-07-24 00:00:00,65.3,55.0,46.0,29.7,3.8,6.0,234.0,3.98,6.56,0.0,82.4,47.4,90.0,25.0,29.81,29.559,20.7,26.5,80.6,0.25099999999999767
1119,2022-07-25 00:00:00,64.2,57.0,47.2,29.7,6.6,9.8,237.0,4.06,6.64,0.0,79.0,54.5,89.0,25.0,29.81,29.564,23.0,34.5,79.0,0.24599999999999866
1120,2022-07-26 00:00:00,62.9,62.0,48.0,29.8,2.4,3.9,54.0,4.06,6.64,0.0,77.2,46.1,94.0,33.0,29.924,29.751,16.1,19.6,78.2,0.17299999999999827
1121,2022-07-27 00:00:00,63.0,60.0,46.6,29.9,2.5,4.3,213.0,4.14,6.72,0.0,80.4,47.4,94.0,24.0,29.95,29.74,11.5,19.6,79.4,0.21000000000000085
1122,2022-07-28 00:00:00,65.5,55.0,48.0,29.8,4.5,7.0,264.0,4.3,6.88,0.0,79.2,53.2,80.0,27.0,29.926,29.741,20.7,31.1,79.1,0.18499999999999872
1123,2022-07-29 00:00:00,62.1,70.0,50.8,29.9,2.6,4.2,242.0,4.4,6.98,0.0,79.2,51.6,93.0,28.0,30.001,29.79,12.7,17.3,78.8,0.21100000000000207
1124,2022-07-30 00:00:00,60.2,73.0,50.5,29.9,2.2,3.7,327.0,4.48,7.06,0.0,77.4,49.8,94.0,39.0,29.997,29.801,17.3,25.3,78.6,0.1960000000000015
1125,2022-07-31 00:00:00,66.5,53.0,45.0,29.8,3.3,5.5,257.0,4.48,7.06,0.0,83.9,47.6,93.0,18.0,29.972,29.708,18.4,26.5,81.4,0.2640000000000029
1126,2022-08-01 00:00:00,67.9,45.0,44.5,29.7,6.2,9.3,251.0,0.07,7.13,0.0,81.0,53.9,86.0,24.0,29.786,29.615,16.1,26.5,79.6,0.17100000000000293
1127,2022-08-02 00:00:00,67.7,42.0,42.7,29.7,3.8,6.3,239.0,0.08,7.14,0.0,79.1,53.2,70.0,22.0,29.791,29.596,15.0,25.3,79.0,0.19500000000000028
1128,2022-08-03 00:00:00,69.6,29.0,34.1,29.6,7.0,10.7,245.0,0.08,7.14,0.0,80.5,57.6,56.0,15.0,29.696,29.502,31.1,41.4,79.2,0.19400000000000261
1129,2022-08-04 00:00:00,59.4,57.0,43.1,29.9,3.7,6.0,71.0,0.08,7.14,0.0,70.3,48.5,77.0,36.0,30.028,29.661,13.8,19.6,79.1,0.36699999999999733
1130,2022-08-05 00:00:00,63.5,49.0,39.7,30.0,2.2,3.9,93.0,0.08,7.14,0.0,82.0,41.2,87.0,17.0,30.114,29.791,12.7,17.3,79.9,0.3230000000000004
1131,2022-08-06 00:00:00,67.6,43.0,41.7,29.9,5.9,8.7,268.0,0.22,7.28,0.0,87.2,52.3,85.0,17.0,29.965,29.748,19.6,26.5,83.7,0.21699999999999875
1132,2022-08-07 00:00:00,64.9,53.0,44.8,29.9,2.8,4.5,11.0,0.23,7.29,0.0,80.7,50.7,91.0,23.0,29.97,29.836,16.1,19.6,79.4,0.13400000000000034
1133,2022-08-08 00:00:00,63.8,40.0,34.9,30.0,1.8,3.4,61.0,0.23,7.29,0.0,82.9,42.3,77.0,15.0,30.109,29.875,11.5,16.1,80.5,0.23400000000000176
1134,2022-08-09 00:00:00,64.1,44.0,39.7,29.9,2.4,3.7,23.0,0.23,7.29,0.0,83.0,43.3,73.0,18.0,30.013,29.723,13.8,19.6,80.9,0.2900000000000027
1135,2022-08-10 00:00:00,65.9,52.0,45.4,29.8,2.2,3.9,75.0,0.26,7.32,0.0,82.5,54.1,86.0,22.0,29.883,29.657,12.7,19.6,80.4,0.2259999999999991
1136,2022-08-11 00:00:00,67.3,40.0,40.8,29.7,5.4,8.5,256.0,0.26,7.32,0.0,81.2,53.6,86.0,17.0,29.912,29.56,24.2,34.5,79.4,0.3520000000000003
1137,2022-08-12 00:00:00,60.7,47.0,37.9,29.9,2.1,3.9,84.0,0.26,7.32,0.0,75.4,41.6,80.0,25.0,30.044,29.881,13.8,19.6,79.1,0.16300000000000026
1138,2022-08-13 00:00:00,58.4,53.0,39.2,29.9,4.4,6.8,257.0,0.26,7.32,0.0,75.1,42.6,78.0,24.0,29.975,29.757,18.4,26.5,79.1,0.21799999999999997
1139,2022-08-14 00:00:00,63.2,44.0,36.3,29.8,2.4,4.1,258.0,0.26,7.32,0.0,82.2,42.3,83.0,13.0,29.888,29.597,12.7,19.6,79.9,0.29100000000000037
1140,2022-08-15 00:00:00,66.1,37.0,36.3,29.7,5.4,7.9,241.0,0.26,7.32,0.0,82.8,50.5,76.0,14.0,29.87,29.546,16.1,31.1,80.2,0.3240000000000016
1141,2022-08-16 00:00:00,54.7,70.0,44.9,29.9,3.2,5.1,57.0,0.26,7.32,0.0,64.1,46.2,86.0,54.0,30.012,29.792,15.0,19.6,64.1,0.21999999999999886
1142,2022-08-17 00:00:00,58.6,60.0,40.4,29.9,2.9,4.7,13.0,0.29,7.35,0.0,82.8,38.9,93.0,13.0,30.013,29.741,18.4,24.2,80.3,0.272000000000002
1143,2022-08-18 00:00:00,57.4,55.0,38.3,29.9,2.8,4.7,57.0,0.29,7.35,0.0,72.7,41.6,89.0,26.0,29.997,29.745,13.8,19.6,78.8,0.2519999999999989
1144,2022-08-19 00:00:00,57.1,46.0,32.8,29.9,2.9,4.9,85.0,0.29,7.35,0.0,75.1,35.0,84.0,21.0,30.046,29.817,13.8,20.7,78.0,0.2289999999999992
1145,2022-08-20 00:00:00,56.4,51.0,35.9,29.8,2.7,4.3,315.0,0.29,7.35,0.0,73.5,41.5,79.0,20.0,29.966,29.796,26.5,38.0,79.0,0.1700000000000017
1146,2022-08-21 00:00:00,58.8,51.0,36.8,29.9,1.7,3.1,99.0,0.29,7.35,0.0,77.4,38.8,88.0,20.0,30.077,29.761,12.7,18.4,79.0,0.3160000000000025
1147,2022-08-22 00:00:00,61.2,48.0,39.2,29.8,4.4,6.8,248.0,0.3,7.36,0.0,79.2,44.6,78.0,23.0,29.853,29.623,18.4,26.5,79.1,0.23000000000000043
1148,2022-08-23 00:00:00,58.7,76.0,50.1,29.7,1.7,2.9,273.0,0.7,7.76,0.0,73.8,49.9,93.0,37.0,29.793,29.638,19.6,25.3,78.7,0.15499999999999758
1149,2022-08-24 00:00:00,60.0,61.0,42.7,29.7,2.9,4.5,328.0,0.74,7.8,0.0,79.6,45.2,94.0,19.0,29.808,29.577,20.7,34.5,78.9,0.2309999999999981
1150,2022-08-25 00:00:00,62.2,41.0,36.8,29.7,3.5,5.9,97.0,0.74,7.8,0.0,73.3,48.5,74.0,26.0,29.87,29.548,13.8,18.4,79.0,0.32200000000000273
1151,2022-08-26 00:00:00,60.5,44.0,32.9,29.9,2.0,3.4,22.0,0.74,7.8,0.0,82.6,39.3,86.0,13.0,29.995,29.811,12.7,17.3,80.1,0.18400000000000105
1152,2022-08-27 00:00:00,63.0,43.0,37.6,29.9,3.5,5.2,256.0,0.74,7.8,0.0,83.4,43.1,75.0,17.0,30.054,29.81,18.4,25.3,80.8,0.24399999999999977
1153,2022-08-28 00:00:00,62.8,55.0,44.4,29.9,2.9,4.5,324.0,0.76,7.82,0.0,85.1,47.9,80.0,21.0,29.994,29.784,16.1,20.7,82.2,0.21000000000000085
1154,2022-08-29 00:00:00,67.0,44.0,41.0,29.8,5.2,7.8,239.0,0.76,7.82,0.0,85.0,47.3,82.0,16.0,29.942,29.588,20.7,27.6,82.1,0.3539999999999992
1155,2022-08-30 00:00:00,62.8,50.0,42.6,29.7,3.6,5.6,251.0,0.77,7.83,0.0,84.9,50.7,76.0,19.0,29.893,29.581,16.1,26.5,82.0,0.31200000000000117
1156,2022-08-31 00:00:00,64.4,45.0,38.1,29.8,2.3,4.2,166.0,0.77,7.83,0.0,81.6,45.7,84.0,15.0,29.919,29.696,11.5,17.3,79.5,0.22299999999999898
1157,2022-09-01 00:00:00,65.5,43.0,39.7,29.7,4.0,6.2,230.0,0.0,7.83,0.0,81.9,46.5,76.0,18.0,29.885,29.674,20.7,31.1,79.9,0.21100000000000207
1158,2022-09-02 00:00:00,67.6,36.0,37.6,29.7,6.0,8.7,221.0,0.0,7.83,0.0,79.9,54.7,74.0,14.0,29.798,29.637,16.1,20.7,79.1,0.1609999999999978
1159,2022-09-03 00:00:00,60.4,44.0,35.7,29.8,5.2,7.8,242.0,0.0,7.83,0.0,76.6,46.7,75.0,17.0,30.015,29.77,26.5,35.7,79.1,0.245000000000001
1160,2022-09-04 00:00:00,61.5,34.0,24.7,29.9,4.1,7.0,265.0,0.0,7.83,0.0,82.2,38.8,76.0,10.0,30.022,29.696,18.4,29.9,79.8,0.32599999999999696
1161,2022-09-05 00:00:00,59.8,25.0,20.3,29.8,3.0,5.1,293.0,0.0,7.83,0.0,82.0,40.3,52.0,8.0,30.004,29.733,12.7,20.7,79.6,0.2710000000000008
1162,2022-09-06 00:00:00,59.4,30.0,23.6,29.8,3.8,6.1,254.0,0.0,7.83,0.0,80.7,35.8,68.0,11.0,30.029,29.658,16.1,26.5,78.7,0.37099999999999866
1163,2022-09-07 00:00:00,51.1,72.0,41.5,30.0,2.7,4.4,55.0,0.11,7.94,0.0,60.9,40.3,92.0,27.0,30.219,29.687,13.8,18.4,60.9,0.532
1164,2022-09-08 00:00:00,52.0,57.0,33.3,30.2,2.0,3.5,45.0,0.12,7.95,0.0,73.5,32.4,93.0,16.0,30.354,30.044,12.7,17.3,77.1,0.3099999999999987
1165,2022-09-09 00:00:00,56.8,44.0,28.5,30.0,1.8,3.5,144.0,0.12,7.95,0.0,78.5,33.5,89.0,11.0,30.184,29.783,9.2,16.1,77.2,0.4009999999999998
1166,2022-09-10 00:00:00,65.2,28.0,27.9,29.7,5.1,7.9,241.0,0.12,7.95,0.0,81.6,41.2,70.0,14.0,29.829,29.523,17.3,21.9,79.4,0.30600000000000094
1167,2022-09-11 00:00:00,57.4,55.0,38.6,29.7,3.8,5.9,240.0,0.5,8.33,0.0,73.2,46.1,92.0,24.0,29.839,29.63,17.3,25.3,79.0,0.20899999999999963
1168,2022-09-12 00:00:00,48.7,90.0,46.0,30.0,2.1,3.7,72.0,0.59,8.42,0.0,50.8,45.5,94.0,83.0,30.215,29.715,8.1,11.5,50.8,0.5
1169,2022-09-13 00:00:00,49.8,66.0,36.3,30.3,2.1,3.7,40.0,0.6,8.43,0.0,66.8,33.8,94.0,24.0,30.41,30.169,11.5,16.1,78.3,0.24099999999999966
1170,2022-09-14 00:00:00,50.3,55.0,30.9,30.3,1.6,3.2,149.0,0.61,8.44,0.0,67.9,31.6,92.0,18.0,30.463,30.106,8.1,12.7,76.2,0.3569999999999993
1171,2022-09-15 00:00:00,55.1,42.0,25.0,30.0,2.3,4.0,279.0,0.61,8.44,0.0,80.5,31.3,84.0,9.0,30.258,29.875,13.8,20.7,78.5,0.3829999999999991
1172,2022-09-16 00:00:00,56.5,29.0,20.2,29.9,2.7,4.6,281.0,0.61,8.44,0.0,77.4,37.6,66.0,10.0,30.032,29.75,17.3,24.2,76.4,0.28200000000000003
1173,2022-09-17 00:00:00,49.2,65.0,37.4,29.9,3.4,5.3,50.0,0.61,8.44,0.0,58.6,36.5,89.0,31.0,30.075,29.75,16.1,19.6,58.6,0.3249999999999993
1174,2022-09-18 00:00:00,53.3,49.0,27.9,30.0,3.1,5.3,251.0,0.62,8.45,0.0,75.6,30.7,92.0,12.0,30.219,29.812,12.7,18.4,75.6,0.40700000000000003
1175,2022-09-19 00:00:00,59.1,28.0,23.7,29.9,4.6,6.9,217.0,0.62,8.45,0.0,72.5,41.3,58.0,14.0,30.0,29.741,15.0,24.2,75.9,0.25900000000000034
1176,2022-09-20 00:00:00,53.1,42.0,26.7,30.0,2.1,3.7,72.0,0.62,8.45,0.0,72.8,33.1,81.0,15.0,30.097,29.89,13.8,18.4,75.9,0.20700000000000074
1177,2022-09-21 00:00:00,52.2,45.0,27.8,30.0,2.0,3.5,69.0,0.62,8.45,0.0,73.3,32.8,78.0,18.0,30.162,29.928,11.5,17.3,75.6,0.2339999999999982
1178,2022-09-22 00:00:00,52.5,46.0,28.3,30.1,2.1,3.7,53.0,0.62,8.45,0.0,73.4,32.5,82.0,15.0,30.241,29.952,13.8,18.4,76.2,0.2889999999999979
1179,2022-09-23 00:00:00,56.3,40.0,26.2,30.0,3.8,5.9,246.0,0.62,8.45,0.0,78.9,33.1,80.0,11.0,30.167,29.744,17.3,26.5,77.5,0.4230000000000018
1180,2022-09-24 00:00:00,57.1,47.0,36.0,29.8,5.1,7.7,252.0,0.66,8.49,0.0,68.6,46.1,78.0,26.0,29.833,29.654,17.3,24.2,77.3,0.1789999999999985
1181,2022-09-25 00:00:00,46.9,75.0,38.5,29.9,3.3,5.1,290.0,0.8,8.63,0.0,63.1,35.2,91.0,39.0,29.948,29.751,13.8,19.6,63.1,0.19699999999999918
1182,2022-09-26 00:00:00,47.0,84.0,42.2,30.0,1.9,3.2,358.0,1.31,9.15,0.0,54.2,43.5,92.0,69.0,30.043,29.806,8.1,11.5,54.2,0.23699999999999832
1183,2022-09-27 00:00:00,45.4,83.0,40.3,30.1,1.6,2.8,4.0,1.33,9.17,0.0,60.5,35.6,94.0,44.0,30.146,29.92,18.4,21.9,60.5,0.2259999999999991
1184,2022-09-28 00:00:00,47.4,71.0,37.0,30.1,1.3,2.6,97.0,1.34,9.18,0.0,64.5,32.5,94.0,29.0,30.22,29.942,10.4,13.8,79.1,0.2779999999999987
1185,2022-09-29 00:00:00,49.6,62.0,33.7,30.0,1.3,2.5,155.0,1.35,9.19,0.0,69.8,32.8,94.0,18.0,30.179,29.922,10.4,12.7,77.3,0.2569999999999979
1186,2022-09-30 00:00:00,53.5,47.0,31.5,30.0,3.7,5.8,329.0,1.35,9.19,0.0,68.3,39.9,75.0,20.0,30.086,29.913,15.0,20.7,76.5,0.17299999999999827
1187,2022-10-01 00:00:00,50.7,59.0,35.8,30.0,2.1,3.8,82.0,0.0,9.19,0.0,63.1,36.8,83.0,34.0,30.166,29.947,11.5,13.8,63.1,0.2190000000000012
1188,2022-10-02 00:00:00,57.5,35.0,24.1,29.8,7.2,10.5,239.0,0.0,9.19,0.0,74.9,32.4,93.0,11.0,30.029,29.571,19.6,29.9,74.9,0.4579999999999984
1189,2022-10-03 00:00:00,56.0,32.0,22.4,29.7,7.7,12.1,247.0,0.0,9.19,0.0,70.6,32.4,80.0,12.0,30.068,29.508,24.2,39.1,73.7,0.5600000000000023
1190,2022-10-04 00:00:00,32.0,73.0,24.1,30.2,2.5,4.5,86.0,0.0,9.19,0.0,35.8,27.6,80.0,63.0,30.324,30.011,8.1,11.5,35.8,0.3130000000000024
1191,2022-10-05 00:00:00,30.6,80.0,25.1,30.2,3.7,5.7,60.0,0.02,9.21,0.0,44.2,26.9,91.0,56.0,30.339,30.086,17.3,21.9,44.2,0.2530000000000001
1192,2022-10-06 00:00:00,28.4,76.0,21.3,30.3,3.3,5.6,72.0,0.02,9.21,0.0,41.8,24.4,90.0,27.0,30.382,30.174,17.3,21.9,41.8,0.20800000000000196
1193,2022-10-07 00:00:00,32.4,55.0,15.7,30.2,2.3,4.1,65.0,0.02,9.21,0.0,47.6,14.0,86.0,19.0,30.418,29.957,11.5,13.8,47.6,0.4609999999999985
1194,2022-10-08 00:00:00,51.5,13.0,2.1,29.8,7.9,12.1,241.0,0.02,9.21,0.0,65.8,32.8,35.0,8.0,29.998,29.613,19.6,28.8,69.3,0.38500000000000156
1195,2022-10-09 00:00:00,42.2,53.0,22.9,29.8,6.8,10.4,58.0,0.02,9.21,0.0,52.3,28.1,86.0,15.0,30.154,29.553,20.7,29.9,52.3,0.6009999999999991
1196,2022-10-10 00:00:00,43.9,50.0,19.6,30.1,4.1,6.8,261.0,0.02,9.21,0.0,70.3,22.4,90.0,12.0,30.262,29.845,21.9,33.4,72.8,0.4170000000000016
1197,2022-10-11 00:00:00,45.3,53.0,27.7,30.0,3.2,4.7,18.0,0.02,9.21,0.0,67.4,33.4,83.0,19.0,30.188,29.811,17.3,20.7,76.5,0.3769999999999989
1198,2022-10-12 00:00:00,46.0,62.0,31.8,29.9,3.3,5.3,246.0,0.03,9.22,0.0,67.1,30.9,86.0,23.0,30.087,29.651,18.4,27.6,76.2,0.43599999999999994
1199,2022-10-13 00:00:00,45.3,54.0,29.3,29.8,8.0,12.4,257.0,0.08,9.27,0.0,58.3,38.3,81.0,34.0,30.002,29.612,19.6,33.4,58.3,0.39000000000000057
1200,2022-10-14 00:00:00,49.1,45.0,27.5,30.1,7.6,11.7,250.0,0.08,9.27,0.0,57.7,35.8,73.0,28.0,30.164,29.966,18.4,27.6,57.7,0.1980000000000004
1201,2022-10-15 00:00:00,55.7,30.0,23.6,29.8,11.9,17.3,241.0,0.08,9.27,0.0,65.5,48.3,43.0,17.0,29.966,29.584,25.3,36.8,73.7,0.38200000000000145
1202,2022-10-16 00:00:00,53.2,39.0,27.0,29.5,11.2,16.9,242.0,0.2,9.39,0.0,65.8,39.2,86.0,22.0,29.662,29.294,27.6,41.4,74.5,0.36799999999999855
1203,2022-10-17 00:00:00,39.5,26.0,6.8,29.7,13.3,21.5,259.0,0.2,9.39,0.0,45.0,33.5,40.0,15.0,29.913,29.43,27.6,46.0,45.0,0.48300000000000054
1204,2022-10-18 00:00:00,44.8,23.0,8.5,29.9,10.8,16.4,239.0,0.2,9.39,0.0,54.4,34.4,31.0,14.0,29.989,29.894,24.2,34.5,54.4,0.09500000000000242
1205,2022-10-19 00:00:00,53.5,21.0,13.6,29.8,11.2,16.1,237.0,0.2,9.39,0.0,64.3,45.2,29.0,11.0,29.92,29.625,25.3,35.7,64.3,0.2950000000000017
1206,2022-10-20 00:00:00,55.3,21.0,14.9,29.6,6.7,9.7,242.0,0.2,9.39,0.0,67.3,45.2,31.0,13.0,29.743,29.419,18.4,26.5,71.8,0.32399999999999807
1207,2022-10-21 00:00:00,49.9,29.0,17.4,29.6,3.5,5.7,299.0,0.2,9.39,0.0,66.4,32.4,61.0,14.0,29.835,29.509,17.3,28.8,73.7,0.3260000000000005
1208,2022-10-22 00:00:00,48.0,40.0,20.4,29.7,5.6,8.6,234.0,0.2,9.39,0.0,66.4,26.6,79.0,15.0,29.918,29.429,25.3,33.4,73.3,0.48900000000000077
1209,2022-10-23 00:00:00,54.0,24.0,16.9,29.5,9.3,13.5,237.0,0.2,9.39,0.0,62.6,43.9,47.0,12.0,29.653,29.382,27.6,42.6,62.6,0.27099999999999724
1210,2022-10-24 00:00:00,35.9,72.0,27.3,29.8,3.5,5.5,57.0,0.21,9.4,0.0,45.7,24.1,92.0,46.0,29.997,29.624,10.4,13.8,45.7,0.3730000000000011
1211,2022-10-25 00:00:00,24.3,85.0,20.3,30.2,2.0,3.4,72.0,0.4,9.59,0.0,32.5,19.4,89.0,71.0,30.349,29.999,13.8,17.3,32.5,0.3500000000000014
1212,2022-10-26 00:00:00,23.8,72.0,15.2,30.4,2.9,4.5,253.0,0.57,9.76,0.0,34.1,15.6,88.0,33.0,30.583,30.189,17.3,24.2,34.1,0.39399999999999835
1213,2022-10-27 00:00:00,33.8,44.0,13.8,30.1,7.7,11.9,245.0,0.57,9.76,0.0,40.9,23.3,64.0,32.0,30.223,30.015,26.5,39.1,40.9,0.2079999999999984
1214,2022-10-28 00:00:00,44.1,44.0,23.4,30.0,8.8,12.9,215.0,0.57,9.76,0.0,53.9,33.5,59.0,32.0,30.107,29.85,24.2,34.5,53.9,0.2569999999999979
1215,2022-10-29 00:00:00,49.6,40.0,25.8,29.9,8.5,12.2,233.0,0.57,9.76,0.0,59.2,42.7,48.0,27.0,30.015,29.861,20.7,29.9,59.2,0.15399999999999991
1216,2022-10-30 00:00:00,51.9,30.0,21.2,29.9,8.0,11.7,244.0,0.57,9.76,0.0,62.7,45.7,38.0,20.0,30.063,29.825,18.4,25.3,62.7,0.23799999999999955
1217,2022-10-31 00:00:00,50.4,32.0,19.8,30.0,6.2,9.3,246.0,0.57,9.76,0.0,64.0,31.3,68.0,16.0,30.084,29.848,18.4,27.6,64.0,0.23600000000000065
1218,2022-11-01 00:00:00,43.6,41.0,15.7,30.0,5.0,7.4,244.0,0.0,9.75,0.0,61.0,25.4,82.0,13.0,30.137,29.78,20.7,28.8,61.0,0.3569999999999993
1219,2022-11-02 00:00:00,39.3,43.0,17.2,30.0,2.7,4.4,251.0,0.0,9.75,0.0,58.0,26.9,71.0,20.0,30.205,29.816,17.3,26.5,58.0,0.38899999999999935
1220,2022-11-03 00:00:00,39.4,45.0,14.0,30.1,4.3,7.0,262.0,0.0,9.75,0.0,57.2,20.5,88.0,12.0,30.327,30.005,15.0,26.5,57.2,0.32200000000000273
1221,2022-11-04 00:00:00,47.3,30.0,16.6,30.0,8.3,12.5,244.0,0.0,9.75,0.0,54.5,44.1,46.0,18.0,30.158,29.933,19.6,31.1,54.5,0.22500000000000142
1222,2022-11-05 00:00:00,46.4,42.0,23.1,30.1,8.6,12.2,240.0,0.0,9.75,0.0,56.6,30.0,76.0,26.0,30.212,29.98,26.5,31.1,56.6,0.23199999999999932
1223,2022-11-06 00:00:00,50.2,31.0,20.0,30.0,6.8,10.3,252.0,0.0,9.75,0.0,61.9,38.5,45.0,18.0,30.133,29.943,18.4,27.6,61.9,0.18999999999999773
1224,2022-11-07 00:00:00,50.9,23.0,13.5,29.9,6.4,9.4,242.0,0.0,9.75,0.0,63.2,37.2,41.0,13.0,30.04,29.716,18.4,26.5,63.2,0.32399999999999807
1225,2022-11-08 00:00:00,44.9,37.0,17.9,29.7,4.8,7.1,285.0,0.0,9.75,0.0,60.5,23.9,77.0,19.0,29.88,29.585,20.7,27.6,60.5,0.29499999999999815
1226,2022-11-09 00:00:00,45.8,37.0,18.7,29.5,7.4,10.8,238.0,0.0,9.75,0.0,60.1,23.5,77.0,18.0,29.718,29.26,23.0,32.2,60.1,0.4579999999999984
1227,2022-11-10 00:00:00,31.7,58.0,17.7,29.5,6.6,9.7,241.0,0.0,9.75,0.0,44.1,15.2,84.0,31.0,29.838,29.221,25.3,33.4,44.1,0.6170000000000009
1228,2022-11-11 00:00:00,18.4,40.0,-3.8,30.1,10.4,15.8,251.0,0.0,9.75,0.0,26.4,11.0,84.0,19.0,30.298,29.839,28.8,42.6,26.4,0.45899999999999963
1229,2022-11-12 00:00:00,30.2,24.0,-3.2,30.3,13.2,18.7,242.0,0.0,9.75,0.0,41.2,15.7,36.0,16.0,30.417,30.159,27.6,41.4,41.2,0.25800000000000267
1230,2022-11-13 00:00:00,35.4,33.0,7.9,30.2,8.6,12.2,241.0,0.0,9.75,0.0,42.8,24.8,66.0,16.0,30.287,30.092,20.7,31.1,42.8,0.19500000000000028
1231,2022-11-14 00:00:00,40.9,29.0,10.0,30.1,8.3,12.5,243.0,0.0,9.75,0.0,50.1,25.4,65.0,19.0,30.242,29.948,24.2,34.5,50.1,0.2940000000000005
1232,2022-11-15 00:00:00,30.9,66.0,20.1,30.3,2.4,4.0,50.0,0.0,9.75,0.0,41.3,16.9,87.0,46.0,30.485,30.05,10.4,13.8,41.3,0.4349999999999987
1233,2022-11-16 00:00:00,39.7,37.0,10.9,30.2,6.2,8.9,237.0,0.0,9.75,0.0,55.3,14.1,89.0,11.0,30.455,29.923,19.6,28.8,55.3,0.532
1234,2022-11-17 00:00:00,41.8,47.0,21.9,30.0,8.2,11.9,238.0,0.0,9.75,0.0,51.0,24.4,73.0,29.0,30.06,29.867,25.3,35.7,51.0,0.19299999999999784
1235,2022-11-18 00:00:00,42.0,45.0,21.4,29.9,8.1,11.7,241.0,0.0,9.75,0.0,50.2,23.9,79.0,27.0,30.059,29.829,25.3,36.8,50.2,0.23000000000000043
1236,2022-11-19 00:00:00,42.4,39.0,19.1,30.1,7.4,10.5,230.0,0.0,9.75,0.0,50.6,34.9,48.0,27.0,30.211,29.959,18.4,26.5,50.6,0.2519999999999989
1237,2022-11-20 00:00:00,48.3,25.0,13.2,30.0,9.2,12.9,240.0,0.0,9.75,0.0,57.2,40.2,38.0,17.0,30.121,29.893,19.6,28.8,57.2,0.22799999999999798
1238,2022-11-21 00:00:00,50.2,17.0,6.9,29.8,10.4,14.8,234.0,0.0,9.75,0.0,57.2,44.2,23.0,12.0,29.957,29.692,26.5,34.5,57.2,0.26500000000000057
1239,2022-11-22 00:00:00,42.6,28.0,11.0,30.0,8.7,12.5,228.0,0.0,9.75,0.0,52.1,23.5,47.0,16.0,30.392,29.69,23.0,36.8,52.1,0.7019999999999982
1240,2022-11-23 00:00:00,37.0,32.0,6.2,30.4,7.9,11.5,244.0,0.0,9.75,0.0,52.3,13.1,67.0,15.0,30.539,30.043,21.9,31.1,52.3,0.4960000000000022
1241,2022-11-24 00:00:00,47.7,19.0,7.1,29.9,10.9,16.0,237.0,0.0,9.75,0.0,55.1,40.9,27.0,14.0,30.04,29.754,26.5,35.7,55.1,0.2859999999999978
1242,2022-11-25 00:00:00,43.4,23.0,7.3,29.8,8.8,13.2,244.0,0.0,9.75,0.0,53.9,32.8,32.0,12.0,29.866,29.594,20.7,31.1,53.9,0.27199999999999847
1243,2022-11-26 00:00:00,28.2,60.0,12.9,30.2,4.9,7.3,35.0,0.0,9.75,0.0,39.6,17.8,89.0,12.0,30.414,29.788,18.4,31.1,39.6,0.6260000000000012
1244,2022-11-27 00:00:00,43.1,14.0,-3.6,30.1,9.4,13.6,214.0,0.0,9.75,0.0,53.8,34.9,22.0,7.0,30.261,29.957,25.3,40.3,53.8,0.3039999999999985
1245,2022-11-28 00:00:00,44.8,17.0,2.2,30.0,10.4,15.6,246.0,0.0,9.75,0.0,52.1,41.6,27.0,10.0,30.117,29.847,24.2,32.2,52.1,0.2699999999999996
1246,2022-11-29 00:00:00,46.0,31.0,16.8,29.9,9.6,14.1,247.0,0.0,9.75,0.0,54.8,42.3,39.0,20.0,29.94,29.766,24.2,35.7,54.8,0.17400000000000304
1247,2022-11-30 00:00:00,46.8,33.0,18.3,29.8,13.1,18.4,241.0,0.0,9.75,0.0,53.9,38.0,47.0,22.0,29.947,29.61,26.5,35.7,53.9,0.33699999999999974
1248,2022-12-01 00:00:00,46.3,35.0,19.6,29.8,8.6,12.9,245.0,0.0,9.75,0.0,54.1,39.2,46.0,25.0,29.915,29.624,23.0,38.0,54.1,0.29100000000000037
1249,2022-12-02 00:00:00,47.8,23.0,10.3,29.7,11.1,16.0,233.0,0.0,9.75,0.0,56.5,33.9,39.0,12.0,29.965,29.462,27.6,40.3,56.5,0.5030000000000001
1250,2022-12-03 00:00:00,38.9,24.0,1.9,29.8,11.5,16.8,246.0,0.0,9.75,0.0,46.8,24.5,63.0,6.0,30.222,29.396,32.2,49.5,46.8,0.8260000000000005
1251,2022-12-04 00:00:00,41.0,23.0,5.4,30.2,10.7,15.6,243.0,0.0,9.75,0.0,49.6,29.7,35.0,15.0,30.414,30.035,21.9,32.2,49.6,0.37900000000000134
1252,2022-12-05 00:00:00,46.7,37.0,21.0,29.9,10.3,14.4,230.0,0.0,9.75,0.0,57.6,36.0,56.0,21.0,30.065,29.67,23.0,33.4,57.6,0.3949999999999996
1253,2022-12-06 00:00:00,36.7,58.0,22.5,29.8,4.1,6.3,253.0,0.0,9.75,0.0,47.7,25.3,78.0,30.0,29.934,29.697,16.1,24.2,47.7,0.23700000000000188
1254,2022-12-07 00:00:00,32.9,52.0,16.3,29.8,10.0,14.3,254.0,0.0,9.75,0.0,39.7,22.4,74.0,35.0,29.944,29.649,27.6,35.7,39.7,0.29499999999999815
1255,2022-12-08 00:00:00,26.8,52.0,11.2,29.8,7.6,11.2,249.0,0.0,9.75,0.0,33.4,15.2,73.0,34.0,30.008,29.607,23.0,32.2,33.4,0.4009999999999998
1256,2022-12-09 00:00:00,12.1,40.0,-8.4,30.3,5.1,7.8,242.0,0.0,9.75,0.0,21.3,0.3,69.0,23.0,30.523,29.992,25.3,41.4,21.3,0.5309999999999988
1257,2022-12-10 00:00:00,18.3,43.0,-1.2,30.1,10.8,16.1,245.0,0.0,9.75,0.0,25.4,11.7,71.0,28.0,30.221,30.009,27.6,39.1,25.4,0.21199999999999974
1258,2022-12-11 00:00:00,21.7,50.0,4.3,30.0,10.6,15.4,246.0,0.0,9.75,0.0,32.1,7.0,79.0,27.0,30.197,29.812,26.5,38.0,32.1,0.384999999999998
1259,2022-12-12 00:00:00,34.7,33.0,8.2,29.8,12.1,17.1,243.0,0.0,9.75,0.0,43.1,27.2,45.0,24.0,29.968,29.747,29.9,39.1,43.1,0.22100000000000009
1260,2022-12-13 00:00:00,36.0,27.0,4.4,29.9,7.1,10.4,240.0,0.0,9.75,0.0,45.5,18.1,54.0,16.0,29.988,29.754,25.3,36.8,45.5,0.2339999999999982
1261,2022-12-14 00:00:00,27.6,45.0,8.5,29.8,2.1,3.5,313.0,0.0,9.75,0.0,43.8,15.6,60.0,27.0,29.972,29.507,15.0,20.7,43.8,0.46499999999999986
1262,2022-12-15 00:00:00,32.4,45.0,13.2,29.7,8.1,11.8,243.0,0.0,9.75,0.0,36.2,22.7,54.0,34.0,29.752,29.525,19.6,26.5,36.2,0.2270000000000003
1263,2022-12-16 00:00:00,26.4,38.0,3.7,29.7,8.4,13.0,250.0,0.0,9.75,0.0,31.0,19.4,51.0,26.0,29.861,29.676,24.2,36.8,31.0,0.18500000000000227
1264,2022-12-17 00:00:00,29.4,53.0,14.0,29.7,10.9,15.9,243.0,0.0,9.75,0.0,35.8,25.0,71.0,35.0,29.786,29.588,32.2,42.6,35.8,0.1980000000000004
1265,2022-12-18 00:00:00,23.6,80.0,18.3,29.8,1.2,2.2,135.0,0.02,9.77,0.0,28.8,18.4,87.0,62.0,29.855,29.649,8.1,11.5,28.8,0.20599999999999952
1266,2022-12-19 00:00:00,13.7,64.0,2.7,30.1,5.9,8.8,273.0,0.1,9.85,0.0,20.8,6.0,85.0,29.0,30.362,29.768,24.2,36.8,20.8,0.5939999999999976
1267,2022-12-20 00:00:00,25.7,26.0,-4.8,30.4,14.3,20.4,239.0,0.1,9.85,0.0,34.0,13.3,34.0,20.0,30.498,30.228,35.7,44.9,34.0,0.2699999999999996
1268,2022-12-21 00:00:00,33.6,23.0,-1.5,30.2,7.2,10.6,248.0,0.12,9.87,0.0,44.6,22.7,38.0,14.0,30.319,29.993,27.6,36.8,44.6,0.3260000000000005
1269,2022-12-22 00:00:00,39.0,13.0,-9.1,29.9,11.7,16.6,241.0,0.12,9.87,0.0,47.2,26.5,25.0,9.0,30.103,29.793,27.6,36.8,47.2,0.3100000000000023
1270,2022-12-23 00:00:00,33.8,31.0,5.2,29.9,14.9,21.6,250.0,0.12,9.87,0.0,38.5,30.3,55.0,10.0,29.975,29.745,28.8,38.0,38.5,0.23000000000000043
1271,2022-12-24 00:00:00,28.1,57.0,13.4,29.8,7.1,10.4,243.0,0.12,9.87,0.0,34.9,13.1,86.0,34.0,29.937,29.639,24.2,35.7,34.9,0.2980000000000018
1272,2022-12-25 00:00:00,8.5,77.0,2.6,30.3,2.2,3.2,36.0,0.19,9.94,0.0,21.1,-1.4,82.0,66.0,30.554,29.939,10.4,11.5,21.1,0.6149999999999984
1273,2022-12-26 00:00:00,19.1,61.0,6.7,30.0,6.3,9.2,252.0,0.19,9.94,0.0,36.8,-3.3,83.0,39.0,30.33,29.526,21.9,32.2,36.8,0.8039999999999985
1274,2022-12-27 00:00:00,18.2,59.0,5.2,29.8,4.3,6.7,294.0,0.19,9.94,0.0,28.8,1.5,83.0,30.0,30.095,29.513,18.4,25.3,28.8,0.5819999999999972
1275,2022-12-28 00:00:00,15.4,42.0,-4.5,30.2,9.6,13.8,247.0,0.19,9.94,0.0,23.2,0.7,80.0,27.0,30.289,30.028,23.0,32.2,23.2,0.2610000000000028
1276,2022-12-29 00:00:00,17.1,36.0,-6.4,30.3,2.8,4.4,295.0,0.19,9.94,0.0,36.8,-0.2,59.0,19.0,30.511,29.938,18.4,26.5,36.8,0.5730000000000004
1277,2022-12-30 00:00:00,27.6,31.0,-0.4,30.0,8.4,12.6,244.0,0.19,9.94,0.0,37.6,16.7,63.0,16.0,30.106,29.814,25.3,39.1,37.6,0.2920000000000016
1278,2022-12-31 00:00:00,12.5,73.0,5.4,30.1,1.1,1.9,82.0,0.19,9.94,0.0,23.5,1.1,81.0,61.0,30.377,29.968,9.2,11.5,23.5,0.4089999999999989
1279,2022-01-01 00:00:00,13.4,50.0,-3.5,30.4,6.4,9.7,255.0,0.0,0.0,0.0,22.9,-0.0,80.0,28.0,30.466,30.246,17.3,26.5,22.9,0.22000000000000242
1280,2022-01-02 00:00:00,16.1,36.0,-6.3,30.4,5.3,8.1,257.0,0.0,0.0,0.0,24.8,4.1,52.0,24.0,30.536,30.267,17.3,24.2,24.8,0.2690000000000019
1281,2022-01-03 00:00:00,13.2,45.0,-7.9,30.6,1.5,2.7,33.0,0.0,0.0,0.0,38.9,-7.7,73.0,11.0,30.787,30.35,11.5,17.3,38.9,0.4369999999999976
1282,2022-01-04 00:00:00,19.1,52.0,2.4,30.4,0.9,1.6,61.0,0.0,0.0,0.0,44.8,2.0,75.0,22.0,30.644,30.173,6.9,8.1,44.8,0.4710000000000001
1283,2022-01-05 00:00:00,20.2,42.0,-2.4,30.4,3.5,5.4,266.0,0.0,0.0,0.0,41.8,-0.2,74.0,16.0,30.58,30.169,16.1,24.2,41.8,0.4109999999999978
1284,2022-01-06 00:00:00,27.3,28.0,-6.6,30.3,4.7,6.9,251.0,0.0,0.0,0.0,49.6,-0.8,58.0,8.0,30.525,29.78,19.6,27.6,49.6,0.7449999999999974
1285,2022-01-07 00:00:00,38.0,14.0,-7.1,29.9,7.8,11.2,244.0,0.0,0.0,0.0,47.0,27.5,27.0,7.0,30.083,29.713,23.0,34.5,47.0,0.36999999999999744
1286,2022-01-08 00:00:00,33.3,38.0,10.2,30.0,14.2,19.5,237.0,0.0,0.0,0.0,36.5,30.0,46.0,16.0,30.215,29.67,27.6,39.1,36.5,0.5449999999999982
1287,2022-01-09 00:00:00,38.6,29.0,7.4,30.1,4.2,6.4,249.0,0.0,0.0,0.0,54.1,24.5,44.0,12.0,30.346,29.962,15.0,24.2,54.1,0.38400000000000034
1288,2022-01-10 00:00:00,29.8,37.0,3.5,29.8,4.4,6.5,254.0,0.0,0.0,0.0,47.9,14.8,60.0,11.0,30.057,29.464,18.4,27.6,47.9,0.593
1289,2022-01-11 00:00:00,18.8,46.0,0.9,29.5,11.3,16.6,250.0,0.0,0.0,0.0,30.7,10.0,78.0,25.0,29.894,29.226,29.9,42.6,30.7,0.6679999999999993
1290,2022-01-12 00:00:00,7.1,46.0,-11.0,30.1,5.6,8.4,239.0,0.0,0.0,0.0,16.9,-3.3,75.0,23.0,30.349,29.894,16.1,28.8,16.9,0.45500000000000185
1291,2022-01-13 00:00:00,-1.0,68.0,-9.2,30.4,1.6,2.8,83.0,0.0,0.0,0.0,11.2,-9.8,73.0,52.0,30.558,30.26,9.2,12.7,11.2,0.29799999999999827
1292,2022-01-14 00:00:00,-1.0,57.0,-13.6,30.5,3.2,4.8,247.0,0.0,0.0,0.0,15.5,-13.5,73.0,26.0,30.671,30.286,15.0,21.9,15.5,0.384999999999998
1293,2022-01-15 00:00:00,20.1,38.0,-1.6,30.3,5.6,8.4,255.0,0.0,0.0,0.0,31.8,3.4,50.0,23.0,30.515,30.152,15.0,24.2,31.8,0.36299999999999955
1294,2022-01-16 00:00:00,31.8,46.0,12.1,30.2,5.3,7.7,249.0,0.0,0.0,0.0,50.1,16.4,74.0,23.0,30.46,30.057,18.4,24.2,50.1,0.40300000000000225
1295,2022-01-17 00:00:00,27.7,48.0,6.5,30.5,2.8,4.4,247.0,0.0,0.0,0.0,51.4,6.5,83.0,16.0,30.742,30.121,20.7,32.2,51.4,0.6210000000000022
1296,2022-01-18 00:00:00,37.8,20.0,0.6,30.1,14.9,20.3,241.0,0.0,0.0,0.0,44.7,32.9,25.0,16.0,30.242,30.009,26.5,40.3,44.7,0.23300000000000054
1297,2022-01-19 00:00:00,39.2,17.0,-2.8,30.1,10.0,14.4,243.0,0.0,0.0,0.0,48.6,32.2,24.0,10.0,30.22,29.993,19.6,31.1,48.6,0.2270000000000003
1298,2022-01-20 00:00:00,33.8,26.0,-0.1,30.1,9.0,12.4,217.0,0.0,0.0,0.0,42.9,18.1,60.0,13.0,30.35,30.02,20.7,34.5,42.9,0.33000000000000185
1299,2022-01-21 00:00:00,36.5,23.0,1.2,30.1,15.0,20.4,231.0,0.0,0.0,0.0,43.3,30.6,29.0,12.0,30.26,29.996,28.8,39.1,43.3,0.2640000000000029
1300,2022-01-22 00:00:00,43.1,9.0,-11.9,30.0,16.8,24.0,245.0,0.0,0.0,0.0,50.9,36.6,14.0,6.0,30.1,29.931,35.7,46.0,50.9,0.16900000000000048
1301,2022-01-23 00:00:00,47.2,9.0,-8.9,30.0,10.5,15.3,253.0,0.0,0.0,0.0,56.7,42.1,15.0,6.0,30.074,29.906,26.5,35.7,56.7,0.1680000000000028
1302,2022-01-24 00:00:00,43.2,26.0,7.5,29.9,15.9,21.8,241.0,0.0,0.0,0.0,50.2,33.5,51.0,11.0,30.005,29.839,32.2,42.6,50.2,0.16600000000000037
1303,2022-01-25 00:00:00,42.6,44.0,21.8,30.0,10.8,15.5,250.0,0.0,0.0,0.0,49.9,38.5,52.0,32.0,30.073,29.882,23.0,34.5,49.9,0.19099999999999895
1304,2022-01-26 00:00:00,41.2,49.0,21.9,29.8,5.8,8.5,243.0,0.0,0.0,0.0,51.6,30.1,89.0,24.0,29.904,29.644,20.7,31.1,51.6,0.26000000000000156
1305,2022-01-27 00:00:00,37.1,56.0,20.5,29.7,7.0,10.4,247.0,0.01,0.01,0.0,47.7,26.6,91.0,26.0,29.769,29.591,26.5,33.4,47.7,0.17799999999999727
1306,2022-01-28 00:00:00,31.3,55.0,15.7,29.6,5.4,8.5,243.0,0.01,0.01,0.0,45.1,18.9,85.0,27.0,29.697,29.487,24.2,33.4,45.1,0.21000000000000085
1307,2022-01-29 00:00:00,15.7,44.0,-3.2,29.9,6.3,9.3,254.0,0.01,0.01,0.0,23.5,5.2,85.0,26.0,30.197,29.663,21.9,29.9,23.5,0.5339999999999989
1308,2022-01-30 00:00:00,21.8,43.0,2.5,30.0,12.3,19.2,257.0,0.01,0.01,0.0,28.5,10.4,56.0,31.0,30.124,29.881,31.1,41.4,28.5,0.24299999999999855
1309,2022-01-31 00:00:00,30.3,45.0,11.0,30.0,14.8,22.2,251.0,0.01,0.01,0.0,35.2,26.6,63.0,31.0,30.175,29.889,28.8,42.6,35.2,0.28600000000000136
1310,2022-02-01 00:00:00,32.1,41.0,11.1,30.1,11.7,18.1,253.0,0.0,0.01,0.0,38.0,28.5,50.0,30.0,30.133,30.001,25.3,40.3,38.0,0.1319999999999979
1311,2022-02-02 00:00:00,36.3,26.0,4.1,30.2,10.1,15.1,232.0,0.0,0.01,0.0,47.1,26.1,41.0,15.0,30.317,30.116,24.2,34.5,47.1,0.2022000000000005
1312,2022-02-03 00:00:00,38.5,16.0,-5.5,30.0,8.8,12.7,255.0,0.0,0.01,0.0,49.4,24.2,41.0,7.0,30.226,29.799,23.0,31.1,49.4,0.4269999999999996
1313,2022-02-04 00:00:00,35.2,26.0,3.4,29.9,12.7,17.6,242.0,0.0,0.01,0.0,44.8,29.7,36.0,15.0,29.957,29.762,24.2,34.5,44.8,0.19500000000000028
1314,2022-02-05 00:00:00,39.6,34.0,13.0,29.9,9.7,13.5,240.0,0.0,0.01,0.0,50.4,32.8,45.0,26.0,29.996,29.718,23.0,34.5,50.4,0.2779999999999987
1315,2022-02-06 00:00:00,36.8,46.0,17.1,29.8,5.5,8.0,251.0,0.0,0.01,0.0,44.6,26.0,82.0,32.0,30.048,29.653,16.1,20.7,44.6,0.3949999999999996
1316,2022-02-07 00:00:00,26.5,40.0,1.0,30.2,3.8,5.6,233.0,0.0,0.01,0.0,43.1,10.2,81.0,7.0,30.353,30.026,16.1,21.9,43.1,0.32700000000000173
1317,2022-02-08 00:00:00,24.1,32.0,-4.4,30.0,2.0,3.4,64.0,0.0,0.01,0.0,45.9,6.1,57.0,12.0,30.271,29.713,10.4,16.1,45.9,0.5579999999999998
1318,2022-02-09 00:00:00,21.4,62.0,9.9,29.7,2.8,4.5,13.0,0.01,0.02,0.0,34.6,9.9,85.0,38.0,29.901,29.516,16.1,21.9,34.6,0.38500000000000156
1319,2022-02-10 00:00:00,20.8,51.0,4.8,29.9,4.1,6.6,324.0,0.01,0.02,0.0,28.2,13.3,74.0,31.0,30.136,29.599,17.3,25.3,28.2,0.536999999999999
1320,2022-02-11 00:00:00,13.2,75.0,6.5,30.2,2.0,3.5,78.0,0.02,0.03,0.0,24.6,3.7,82.0,47.0,30.38,30.104,10.4,13.8,24.6,0.2759999999999998
1321,2022-02-12 00:00:00,23.8,31.0,-3.0,30.2,8.9,12.5,241.0,0.02,0.03,0.0,37.7,15.1,48.0,18.0,30.325,30.012,18.4,27.6,37.7,0.31299999999999883
1322,2022-02-13 00:00:00,28.3,38.0,5.9,30.0,15.1,21.6,242.0,0.02,0.03,0.0,34.8,22.2,43.0,32.0,30.128,29.942,29.9,39.1,34.8,0.18599999999999994
1323,2022-02-14 00:00:00,23.3,57.0,9.3,30.2,4.7,7.5,201.0,0.02,0.03,0.0,35.9,11.4,79.0,27.0,30.399,29.986,18.4,27.6,35.9,0.41300000000000026
1324,2022-02-15 00:00:00,21.6,51.0,4.5,30.4,6.6,10.5,256.0,0.02,0.03,0.0,31.0,6.3,81.0,27.0,30.517,30.211,25.3,34.5,31.0,0.30600000000000094
1325,2022-02-16 00:00:00,35.2,29.0,5.6,30.1,17.0,23.8,231.0,0.02,0.03,0.0,45.8,27.0,44.0,18.0,30.249,29.891,33.4,46.0,45.8,0.35800000000000054
1326,2022-02-17 00:00:00,36.6,22.0,-0.6,29.7,10.6,16.1,240.0,0.02,0.03,0.0,49.1,23.5,42.0,11.0,29.891,29.477,25.3,35.7,49.1,0.4139999999999979
1327,2022-02-18 00:00:00,23.0,31.0,-3.8,30.0,7.5,11.7,261.0,0.02,0.03,0.0,29.8,12.3,47.0,20.0,30.202,29.658,18.4,29.9,29.8,0.5440000000000005
1328,2022-02-19 00:00:00,24.5,29.0,-7.5,30.0,3.2,5.1,33.0,0.02,0.03,0.0,44.1,9.2,53.0,7.0,30.217,29.817,12.7,17.3,44.1,0.3999999999999986
1329,2022-02-20 00:00:00,21.1,54.0,5.7,29.8,3.0,4.8,62.0,0.02,0.03,0.0,38.8,10.7,86.0,27.0,29.942,29.668,12.7,17.3,38.8,0.2740000000000009
1330,2022-02-21 00:00:00,16.3,80.0,11.0,29.9,2.3,3.8,67.0,0.08,0.09,0.0,24.1,6.7,84.0,70.0,30.072,29.679,9.2,12.7,24.1,0.3930000000000007
1331,2022-02-22 00:00:00,21.4,48.0,4.0,30.0,8.1,11.8,252.0,0.09,0.1,0.0,30.3,6.3,86.0,27.0,30.099,29.9,24.2,32.2,30.3,0.19900000000000162
1332,2022-02-23 00:00:00,26.0,46.0,7.3,29.8,13.5,18.7,246.0,0.09,0.1,0.0,37.0,19.2,85.0,33.0,29.937,29.592,31.1,43.7,37.0,0.3450000000000024
1333,2022-02-24 00:00:00,17.9,75.0,11.3,30.0,3.7,5.4,42.0,0.1,0.11,0.0,22.7,1.8,86.0,51.0,30.366,29.7,13.8,19.6,22.7,0.6660000000000004
1334,2022-02-25 00:00:00,18.3,55.0,3.2,30.2,2.7,4.3,15.0,0.13,0.14,0.0,38.0,-6.8,81.0,22.0,30.465,29.76,12.7,19.6,38.0,0.7049999999999983
1335,2022-02-26 00:00:00,24.1,52.0,8.4,29.9,5.8,8.7,314.0,0.16,0.17,0.0,31.0,16.4,83.0,33.0,30.25,29.713,18.4,27.6,31.0,0.536999999999999
1336,2022-02-27 00:00:00,23.1,30.0,-4.5,30.4,7.6,11.5,248.0,0.16,0.17,0.0,30.6,11.7,52.0,17.0,30.492,30.25,19.6,27.6,30.6,0.24200000000000088
1337,2022-02-28 00:00:00,25.6,33.0,0.3,30.3,11.9,17.6,244.0,0.16,0.17,0.0,34.3,11.9,47.0,23.0,30.403,30.195,25.3,36.8,34.3,0.2079999999999984
1338,2022-03-01 00:00:00,34.7,35.0,9.6,30.3,9.5,14.5,249.0,0.0,0.17,0.0,43.6,24.2,47.0,25.0,30.392,30.172,23.0,28.8,43.6,0.21999999999999886
1339,2022-03-02 00:00:00,40.8,39.0,17.2,30.2,13.7,18.6,232.0,0.0,0.17,0.0,49.6,34.7,51.0,27.0,30.299,29.904,27.6,36.8,49.6,0.3949999999999996
1340,2022-03-03 00:00:00,42.4,40.0,18.0,29.7,13.0,18.7,245.0,0.0,0.17,0.0,50.8,32.2,86.0,24.0,29.904,29.465,31.1,42.6,50.8,0.43900000000000006
1341,2022-03-04 00:00:00,25.4,62.0,12.7,29.9,8.0,11.7,253.0,0.03,0.2,0.0,35.8,18.9,90.0,31.0,30.309,29.593,25.3,35.7,35.8,0.7160000000000011
1342,2022-03-05 00:00:00,30.8,27.0,-1.9,30.2,8.5,11.6,210.0,0.04,0.21,0.0,48.0,18.3,51.0,10.0,30.342,30.06,19.6,27.6,48.0,0.28200000000000003
1343,2022-03-06 00:00:00,42.1,23.0,5.3,29.9,9.0,12.9,235.0,0.04,0.21,0.0,53.9,18.0,46.0,13.0,30.148,29.611,24.2,35.7,53.9,0.536999999999999
1344,2022-03-07 00:00:00,44.3,29.0,11.1,29.8,7.1,10.9,240.0,0.04,0.21,0.0,56.4,24.4,65.0,11.0,29.941,29.603,20.7,34.5,56.4,0.3379999999999974
1345,2022-03-08 00:00:00,31.2,59.0,17.0,29.8,2.6,4.1,51.0,0.04,0.21,0.0,48.3,19.5,88.0,26.0,30.014,29.633,12.7,17.3,48.3,0.3810000000000002
1346,2022-03-09 00:00:00,25.7,76.0,18.9,29.8,4.5,6.9,11.0,0.14,0.31,0.0,29.0,20.3,90.0,46.0,30.184,29.567,19.6,34.5,29.0,0.6170000000000009
1347,2022-03-10 00:00:00,29.6,39.0,6.4,30.2,5.3,8.4,290.0,0.15,0.32,0.0,45.4,11.6,63.0,21.0,30.295,30.013,18.4,27.6,45.4,0.28200000000000003
1348,2022-03-11 00:00:00,33.1,49.0,14.8,29.9,13.3,19.8,248.0,0.15,0.32,0.0,43.2,23.0,88.0,27.0,30.131,29.788,29.9,43.7,43.2,0.34299999999999997
1349,2022-03-12 00:00:00,31.4,66.0,19.6,30.2,7.3,10.5,204.0,0.19,0.36,0.0,44.5,20.3,88.0,32.0,30.357,30.1,19.6,32.2,44.5,0.2569999999999979
1350,2022-03-13 00:00:00,45.0,34.0,17.5,30.1,12.2,17.7,238.0,0.19,0.36,0.0,56.1,37.9,46.0,17.0,30.191,30.022,27.6,36.8,56.1,0.16900000000000048
1351,2022-03-14 00:00:00,49.7,23.0,13.0,30.1,8.1,12.2,253.0,0.19,0.36,0.0,59.5,41.5,33.0,14.0,30.154,29.922,21.9,29.9,59.5,0.23199999999999932
1352,2022-03-15 00:00:00,53.7,22.0,15.5,29.7,10.8,16.3,253.0,0.19,0.36,0.0,63.4,47.0,41.0,15.0,29.922,29.611,26.5,43.7,63.4,0.31099999999999994
1353,2022-03-16 00:00:00,40.9,48.0,21.8,29.7,5.8,8.9,260.0,0.19,0.36,0.0,50.8,31.2,72.0,27.0,29.874,29.601,21.9,29.9,50.8,0.2729999999999997
1354,2022-03-17 00:00:00,33.6,52.0,17.0,29.6,6.9,10.7,258.0,0.19,0.36,0.0,45.3,22.6,87.0,23.0,29.807,29.427,25.3,33.4,45.3,0.379999999999999
1355,2022-03-18 00:00:00,28.3,32.0,1.6,29.9,12.0,18.4,258.0,0.19,0.36,0.0,36.5,20.5,64.0,22.0,29.985,29.788,26.5,36.8,36.5,0.19699999999999918
1356,2022-03-19 00:00:00,32.2,19.0,-9.8,30.1,11.1,17.2,262.0,0.19,0.36,0.0,41.3,17.3,68.0,6.0,30.376,29.888,24.2,39.1,41.3,0.48799999999999955
1357,2022-03-20 00:00:00,33.5,42.0,9.2,30.0,8.7,12.8,241.0,0.19,0.36,0.0,51.6,9.3,77.0,15.0,30.372,29.566,26.5,38.0,51.6,0.8060000000000009
1358,2022-03-21 00:00:00,36.5,39.0,12.6,29.6,9.9,14.9,249.0,0.19,0.36,0.0,45.8,27.0,74.0,17.0,29.738,29.392,24.2,38.0,45.8,0.3460000000000001
1359,2022-03-22 00:00:00,26.2,52.0,7.9,29.8,7.7,11.4,231.0,0.19,0.36,0.0,38.6,17.5,87.0,18.0,29.942,29.658,21.9,31.1,38.6,0.2839999999999989
1360,2022-03-23 00:00:00,12.1,81.0,7.3,30.2,3.1,5.0,80.0,0.19,0.36,0.0,17.5,-0.6,85.0,75.0,30.506,29.9,10.4,13.8,17.5,0.6060000000000016
1361,2022-03-24 00:00:00,8.6,62.0,-2.5,30.4,3.1,5.0,289.0,0.23,0.4,0.0,22.9,-7.7,80.0,30.0,30.525,30.36,18.4,28.8,22.9,0.16499999999999915
1362,2022-03-25 00:00:00,16.0,57.0,2.2,30.4,2.3,3.9,87.0,0.29,0.46,0.0,29.7,-1.7,78.0,25.0,30.584,30.337,11.5,17.3,29.7,0.2469999999999999
1363,2022-03-26 00:00:00,30.4,51.0,13.5,30.1,6.3,9.3,257.0,0.29,0.46,0.0,46.2,5.4,77.0,32.0,30.39,29.908,19.6,27.6,46.2,0.4819999999999993
1364,2022-03-27 00:00:00,36.6,61.0,23.1,30.0,2.7,4.6,356.0,0.29,0.46,0.0,49.9,26.1,86.0,25.0,30.075,29.908,16.1,21.9,49.9,0.16699999999999804
1365,2022-03-28 00:00:00,37.8,58.0,22.0,30.1,2.0,3.4,11.0,0.29,0.46,0.0,56.1,21.0,88.0,20.0,30.195,29.989,12.7,17.3,56.1,0.20599999999999952
1366,2022-03-29 00:00:00,40.9,55.0,24.4,30.0,6.6,9.8,251.0,0.29,0.46,0.0,55.6,25.7,86.0,20.0,30.123,29.935,21.9,31.1,55.6,0.1880000000000024
1367,2022-03-30 00:00:00,43.0,47.0,22.6,30.0,6.3,9.6,248.0,0.29,0.46,0.0,54.8,30.7,82.0,21.0,30.106,29.866,20.7,34.5,54.8,0.240000000000002
1368,2022-03-31 00:00:00,42.1,39.0,11.5,30.0,7.9,11.6,254.0,0.29,0.46,0.0,58.9,22.1,89.0,7.0,30.173,29.807,26.5,35.7,58.9,0.36599999999999966
1369,2022-04-01 00:00:00,34.0,68.0,23.9,30.0,2.4,3.8,45.0,0.02,0.48,0.0,49.4,20.8,91.0,40.0,30.135,29.936,12.7,17.3,49.4,0.19900000000000162
1370,2022-04-02 00:00:00,31.8,91.0,29.6,30.1,1.6,2.5,70.0,0.17,0.63,0.0,36.9,29.7,92.0,86.0,30.139,29.947,10.4,12.7,36.9,0.19200000000000017
1371,2022-04-03 00:00:00,37.9,65.0,24.3,30.1,3.2,5.0,351.0,0.32,0.78,0.0,57.6,19.2,92.0,19.0,30.264,29.948,20.7,31.1,57.6,0.31599999999999895
1372,2022-04-04 00:00:00,47.5,39.0,22.4,29.9,7.0,10.1,244.0,0.32,0.78,0.0,58.7,36.3,62.0,21.0,30.072,29.843,19.6,27.6,58.7,0.2289999999999992
1373,2022-04-05 00:00:00,45.2,43.0,22.6,29.7,6.9,10.3,251.0,0.33,0.79,0.0,58.6,35.3,79.0,22.0,29.86,29.582,23.0,33.4,58.6,0.2779999999999987
1374,2022-04-06 00:00:00,44.0,37.0,18.4,29.8,7.2,10.6,240.0,0.33,0.79,0.0,55.1,36.5,63.0,21.0,29.867,29.651,18.4,26.5,55.1,0.21600000000000108
1375,2022-04-07 00:00:00,41.3,54.0,24.9,29.7,8.3,12.0,247.0,0.36,0.82,0.0,50.0,32.8,88.0,29.0,29.754,29.57,26.5,34.5,50.0,0.18400000000000105
1376,2022-04-08 00:00:00,39.0,61.0,24.8,29.5,3.3,5.4,86.0,0.37,0.83,0.0,55.6,27.0,92.0,25.0,29.687,29.31,17.3,20.7,55.6,0.37700000000000244
1377,2022-04-09 00:00:00,14.5,79.0,9.2,30.1,1.8,3.0,85.0,0.38,0.84,0.0,26.9,6.0,90.0,70.0,30.403,29.558,11.5,16.1,26.9,0.8449999999999989
1378,2022-04-10 00:00:00,15.1,69.0,6.2,30.3,4.5,7.0,53.0,0.48,0.94,0.0,29.4,-2.2,80.0,34.0,30.441,29.892,19.6,26.5,29.4,0.5489999999999995
1379,2022-04-11 00:00:00,37.7,46.0,18.5,29.8,8.6,12.7,248.0,0.5,0.96,0.0,48.6,28.7,69.0,31.0,29.894,29.663,26.5,34.5,48.6,0.2309999999999981
1380,2022-04-12 00:00:00,36.3,61.0,21.7,29.8,5.0,7.8,312.0,0.5,0.96,0.0,49.1,25.6,86.0,20.0,29.956,29.772,19.6,29.9,49.1,0.18400000000000105
1381,2022-04-13 00:00:00,38.8,55.0,20.5,29.5,10.6,15.2,243.0,0.58,1.04,0.0,54.1,22.2,90.0,20.0,29.864,29.325,31.1,46.0,54.1,0.5390000000000015
1382,2022-04-14 00:00:00,29.5,43.0,8.4,29.6,9.3,14.5,256.0,0.63,1.09,0.0,34.5,25.3,90.0,22.0,29.818,29.332,26.5,38.0,34.5,0.48600000000000065
1383,2022-04-15 00:00:00,22.3,83.0,17.7,29.9,1.6,2.7,62.0,0.69,1.15,0.0,28.5,16.2,88.0,45.0,30.143,29.741,10.4,19.6,28.5,0.402000000000001
1384,2022-04-16 00:00:00,21.7,86.0,18.1,30.0,2.5,3.9,70.0,0.75,1.21,0.0,26.6,15.7,88.0,83.0,30.175,29.951,9.2,11.5,26.6,0.2240000000000002
1385,2022-04-17 00:00:00,18.5,84.0,14.4,30.1,4.2,6.3,75.0,0.75,1.21,0.0,24.4,7.6,88.0,80.0,30.313,30.012,15.0,18.4,24.4,0.3009999999999984
1386,2022-04-18 00:00:00,13.9,58.0,0.9,30.4,7.6,11.2,235.0,0.76,1.22,0.0,26.9,-4.6,81.0,33.0,30.481,30.271,24.2,33.4,26.9,0.21000000000000085
1387,2022-04-19 00:00:00,31.3,47.0,13.4,30.1,11.7,16.2,224.0,0.86,1.32,0.0,38.8,22.4,54.0,39.0,30.275,29.924,25.3,34.5,38.8,0.3509999999999991
1388,2022-04-20 00:00:00,37.0,58.0,23.0,29.9,5.7,7.9,237.0,0.88,1.34,0.0,42.8,29.3,83.0,39.0,30.002,29.825,15.0,20.7,42.8,0.1769999999999996
1389,2022-04-21 00:00:00,38.3,50.0,20.3,30.0,7.4,10.6,245.0,0.88,1.34,0.0,46.2,28.1,84.0,33.0,30.065,29.912,21.9,27.6,46.2,0.15300000000000225
1390,2022-04-22 00:00:00,27.4,81.0,22.0,30.0,3.8,5.9,55.0,0.93,1.39,0.0,43.2,15.4,90.0,41.0,30.342,29.803,16.1,20.7,43.2,0.5389999999999979
1391,2022-04-23 00:00:00,20.5,74.0,13.4,30.3,2.6,4.3,56.0,1.21,1.67,0.0,29.0,12.4,84.0,46.0,30.443,30.222,12.7,17.3,29.0,0.22100000000000009
1392,2022-04-24 00:00:00,31.4,39.0,8.1,30.2,5.7,8.9,256.0,1.21,1.67,0.0,43.0,17.7,66.0,22.0,30.301,30.155,17.3,26.5,43.0,0.14599999999999724
1393,2022-04-25 00:00:00,42.0,32.0,11.7,30.0,5.9,8.6,241.0,1.21,1.67,0.0,58.4,23.2,71.0,15.0,30.242,29.747,19.6,27.6,58.4,0.495000000000001
1394,2022-04-26 00:00:00,42.0,45.0,18.6,30.1,2.5,4.4,66.0,1.21,1.67,0.0,57.0,25.1,78.0,17.0,30.151,29.939,16.1,20.7,57.0,0.21199999999999974
1395,2022-04-27 00:00:00,46.3,37.0,16.6,30.0,5.3,8.0,260.0,1.21,1.67,0.0,62.9,26.7,73.0,14.0,30.184,29.885,18.4,25.3,62.9,0.2989999999999995
1396,2022-04-28 00:00:00,52.6,29.0,19.8,29.7,7.1,10.7,255.0,1.21,1.67,0.0,66.8,38.0,56.0,15.0,29.934,29.578,20.7,29.9,72.9,0.35600000000000165
1397,2022-04-29 00:00:00,55.9,31.0,21.6,29.5,8.5,12.9,254.0,1.21,1.67,0.0,68.4,39.1,68.0,14.0,29.734,29.319,26.5,39.1,72.6,0.4150000000000027
1398,2022-04-30 00:00:00,46.5,57.0,29.5,29.5,6.3,9.4,36.0,1.36,1.82,0.0,57.3,32.6,93.0,21.0,29.875,29.259,23.0,38.0,57.3,0.6159999999999997
1399,2022-05-06 00:00:00,45.1,62.0,30.8,29.9,2.4,4.0,63.0,0.0,1.82,0.0,57.5,30.4,92.0,33.0,30.127,29.743,13.8,18.4,57.5,0.38400000000000034
1400,2022-05-07 00:00:00,48.4,50.0,29.2,29.8,5.7,8.4,264.0,0.0,1.82,0.0,62.0,33.4,82.0,24.0,29.838,29.679,19.6,27.6,62.0,0.15900000000000247
1401,2022-05-08 00:00:00,41.6,74.0,32.9,29.9,3.5,5.3,62.0,0.32,2.14,0.0,57.8,32.1,88.0,32.0,30.08,29.762,20.7,26.5,57.8,0.31799999999999784
1402,2022-05-09 00:00:00,38.6,85.0,34.2,30.0,2.0,3.0,345.0,0.6,2.42,0.0,47.3,33.1,93.0,62.0,30.242,29.753,21.9,28.8,47.3,0.48900000000000077
1403,2022-05-10 00:00:00,44.2,63.0,30.1,30.2,3.8,5.8,39.0,0.61,2.43,0.0,61.8,29.4,92.0,23.0,30.271,30.081,23.0,32.2,61.8,0.19000000000000128
1404,2022-05-11 00:00:00,46.0,60.0,31.4,30.2,3.5,5.7,55.0,0.61,2.43,0.0,61.2,30.7,89.0,23.0,30.342,30.044,19.6,26.5,61.2,0.29799999999999827
1405,2022-05-12 00:00:00,57.3,36.0,27.7,30.0,4.5,7.4,300.0,0.62,2.44,0.0,70.8,41.2,69.0,17.0,30.123,29.837,23.0,31.1,74.9,0.28600000000000136
1406,2022-05-13 00:00:00,62.6,32.0,30.6,29.8,4.3,6.8,280.0,0.62,2.44,0.0,75.8,46.8,58.0,16.0,29.947,29.731,13.8,19.6,78.0,0.21599999999999753
1407,2022-05-14 00:00:00,60.3,38.0,32.9,29.7,5.3,7.8,264.0,0.66,2.48,0.0,73.5,43.2,70.0,19.0,29.838,29.623,17.3,24.2,78.6,0.21499999999999986
1408,2022-05-15 00:00:00,54.6,51.0,35.6,29.7,3.0,4.9,287.0,0.66,2.48,0.0,72.5,43.2,80.0,21.0,29.813,29.621,13.8,21.9,78.7,0.19200000000000017
1409,2022-05-16 00:00:00,57.5,42.0,32.7,29.6,5.9,8.8,256.0,0.66,2.48,0.0,69.6,42.8,84.0,16.0,29.767,29.513,25.3,32.2,76.7,0.2539999999999978
1410,2022-05-17 00:00:00,58.1,36.0,25.8,29.6,4.4,6.7,260.0,0.66,2.48,0.0,74.0,37.6,77.0,12.0,29.752,29.502,19.6,26.5,75.9,0.25
1411,2022-05-18 00:00:00,51.3,39.0,25.6,29.6,6.2,9.2,279.0,0.72,2.54,0.0,63.2,38.5,82.0,19.0,29.843,29.498,23.0,28.8,63.2,0.34499999999999886
1412,2022-05-19 00:00:00,49.6,39.0,25.0,29.6,10.7,15.7,253.0,0.72,2.54,0.0,57.9,43.8,51.0,25.0,29.71,29.548,18.4,28.8,57.9,0.1620000000000026
1413,2022-05-20 00:00:00,47.4,48.0,28.1,29.7,6.2,9.4,262.0,0.72,2.54,0.0,56.0,40.5,79.0,32.0,29.863,29.603,17.3,24.2,56.0,0.259999999999998
1414,2022-05-21 00:00:00,48.4,37.0,22.0,29.8,5.6,9.1,280.0,0.72,2.54,0.0,60.7,36.5,60.0,22.0,29.932,29.704,16.1,26.5,60.7,0.22799999999999798
1415,2022-05-22 00:00:00,50.4,52.0,31.2,29.8,3.3,5.9,100.0,0.82,2.64,0.0,64.8,32.5,88.0,21.0,29.86,29.671,13.8,18.4,76.2,0.18900000000000006
1416,2022-05-23 00:00:00,50.1,77.0,42.9,29.8,2.4,4.5,107.0,0.82,2.64,0.0,57.8,43.3,91.0,61.0,29.885,29.767,9.2,12.7,57.8,0.1180000000000021
1417,2022-05-24 00:00:00,56.8,46.0,31.1,29.8,4.0,6.3,243.0,0.82,2.64,0.0,73.6,36.6,91.0,12.0,29.87,29.639,16.1,25.3,76.8,0.23100000000000165
1418,2022-05-25 00:00:00,58.5,33.0,22.8,29.7,4.3,6.4,216.0,0.82,2.64,0.0,75.4,35.2,81.0,8.0,29.863,29.587,18.4,25.3,76.9,0.2759999999999998
1419,2022-05-26 00:00:00,57.4,31.0,24.7,29.7,3.3,5.2,282.0,0.82,2.64,0.0,74.4,42.9,48.0,10.0,29.744,29.585,16.1,21.9,75.9,0.15899999999999892
1420,2022-05-27 00:00:00,59.8,23.0,19.3,29.5,5.1,8.1,268.0,0.82,2.64,0.0,70.8,43.1,57.0,12.0,29.633,29.424,19.6,26.5,74.5,0.20899999999999963
1421,2022-05-28 00:00:00,54.0,39.0,27.0,29.5,3.8,6.0,151.0,0.82,2.64,0.0,68.1,33.7,72.0,15.0,29.679,29.312,19.6,26.5,78.2,0.36699999999999733
1422,2022-05-29 00:00:00,47.4,55.0,31.1,29.4,7.7,11.3,249.0,1.01,2.83,0.0,57.6,39.9,88.0,28.0,29.6,29.239,25.3,34.5,57.6,0.36100000000000065
1423,2022-05-30 00:00:00,48.4,37.0,22.6,29.5,13.9,19.9,253.0,1.01,2.83,0.0,55.9,42.4,56.0,21.0,29.645,29.422,33.4,49.5,55.9,0.22299999999999898
1424,2022-05-31 00:00:00,50.3,28.0,16.7,29.7,10.6,14.3,259.0,1.01,2.83,0.0,58.9,40.2,47.0,18.0,29.826,29.501,27.6,40.3,58.9,0.3249999999999993
1425,2022-06-01 00:00:00,50.2,44.0,28.7,30.0,4.8,7.1,253.0,0.0,2.85,0.0,58.9,43.3,64.0,23.0,30.075,29.821,17.3,26.5,58.9,0.2539999999999978
1426,2022-06-02 00:00:00,55.4,43.0,29.0,29.8,2.8,4.1,82.0,0.0,2.85,0.0,74.1,28.5,86.0,16.0,30.107,29.402,19.6,20.7,76.2,0.7049999999999983
1427,2022-06-03 00:00:00,58.4,34.0,26.3,29.6,5.5,8.3,252.0,0.0,2.85,0.0,76.3,36.5,65.0,13.0,29.886,29.354,31.1,43.7,76.7,0.532
1428,2022-06-04 00:00:00,52.3,51.0,34.0,29.8,4.3,6.8,85.0,0.0,2.85,0.0,66.5,34.2,75.0,16.0,29.969,29.603,18.4,20.7,79.1,0.36599999999999966
1429,2022-06-05 00:00:00,48.5,72.0,39.3,29.9,3.7,5.9,81.0,0.01,2.86,0.0,59.0,39.9,91.0,47.0,30.061,29.884,13.8,19.6,59.0,0.1769999999999996
1430,2022-06-06 00:00:00,51.8,58.0,34.1,29.9,3.0,4.5,60.0,0.02,2.87,0.0,68.6,33.4,92.0,25.0,30.027,29.835,24.2,24.2,77.6,0.19200000000000017
1431,2022-06-07 00:00:00,55.9,52.0,35.8,29.8,3.2,4.9,325.0,0.02,2.87,0.0,71.7,36.9,88.0,22.0,29.958,29.484,20.7,27.6,78.8,0.47399999999999665
1432,2022-06-08 00:00:00,62.0,38.0,34.4,29.6,5.5,9.0,277.0,0.02,2.87,0.0,73.2,45.7,67.0,16.0,29.827,29.372,19.6,35.7,79.1,0.45500000000000185
1433,2022-06-09 00:00:00,64.7,38.0,30.9,29.7,3.2,4.8,298.0,0.02,2.87,0.0,83.6,35.6,87.0,13.0,29.925,29.424,16.1,24.2,80.8,0.5010000000000012
1434,2022-06-10 00:00:00,70.7,25.0,29.7,29.6,2.9,4.1,273.0,0.02,2.87,0.0,85.6,48.0,52.0,11.0,29.856,29.352,23.0,28.8,82.3,0.5040000000000013
1435,2022-06-11 00:00:00,68.6,21.0,21.8,29.5,8.4,11.6,252.0,0.02,2.87,0.0,82.2,44.6,56.0,8.0,29.909,29.322,27.6,38.0,79.7,0.5869999999999997
1436,2022-06-12 00:00:00,68.2,23.0,26.6,29.7,4.4,7.0,119.0,0.02,2.87,0.0,82.6,46.1,61.0,9.0,29.857,29.534,19.6,26.5,80.1,0.3230000000000004
1437,2022-06-13 00:00:00,65.4,45.0,37.5,29.7,4.6,6.9,229.0,0.02,2.87,0.0,84.1,46.5,83.0,11.0,29.821,29.518,21.9,34.5,81.2,0.3030000000000008
1438,2022-06-14 00:00:00,64.3,38.0,32.3,29.6,6.0,8.8,231.0,0.02,2.87,0.0,82.4,44.6,71.0,8.0,29.74,29.531,23.0,29.9,79.9,0.20899999999999963
1439,2022-06-15 00:00:00,59.3,55.0,42.0,29.7,3.0,4.9,49.0,0.02,2.87,0.0,74.8,41.5,85.0,28.0,29.83,29.629,16.1,21.9,79.1,0.20229999999999696
1440,2022-06-16 00:00:00,58.2,50.0,35.8,29.8,4.8,7.3,271.0,0.05,2.9,0.0,75.4,42.1,85.0,13.0,30.033,29.721,28.8,36.8,78.2,0.31200000000000117
1441,2022-06-17 00:00:00,57.5,54.0,39.6,29.9,3.8,5.9,32.0,0.08,2.93,0.0,70.8,39.9,85.0,28.0,30.044,29.778,16.1,20.7,79.1,0.2660000000000018
1442,2022-06-18 00:00:00,59.4,55.0,40.2,29.8,2.6,4.6,77.0,0.1,2.95,0.0,77.0,40.8,92.0,17.0,29.945,29.539,17.3,21.9,79.1,0.4059999999999988
1443,2022-06-19 00:00:00,65.0,36.0,25.3,29.5,4.4,7.2,239.0,0.1,2.95,0.0,82.6,41.2,91.0,6.0,29.745,29.325,18.4,32.2,80.1,0.4200000000000017
1444,2022-06-20 00:00:00,61.8,24.0,23.1,29.6,3.3,6.0,106.0,0.1,2.95,0.0,77.6,40.6,50.0,13.0,29.658,29.448,17.3,20.7,76.7,0.21000000000000085
1445,2022-06-21 00:00:00,64.3,30.0,24.1,29.6,6.0,9.0,252.0,0.1,2.95,0.0,83.6,40.5,72.0,7.0,29.704,29.448,23.0,31.1,80.8,0.2560000000000002
1446,2022-06-22 00:00:00,62.0,37.0,30.7,29.6,3.8,6.4,308.0,0.1,2.95,0.0,77.9,41.5,78.0,10.0,29.674,29.495,18.4,29.9,78.8,0.1789999999999985
1447,2022-06-23 00:00:00,58.7,41.0,34.5,29.7,2.9,5.2,100.0,0.1,2.95,0.0,73.2,37.5,65.0,27.0,29.781,29.539,13.8,19.6,79.1,0.24199999999999733
1448,2022-06-24 00:00:00,63.7,32.0,24.9,29.6,6.3,9.5,244.0,0.1,2.95,0.0,79.4,40.5,86.0,8.0,29.715,29.422,23.0,32.2,78.6,0.29299999999999926
1449,2022-06-25 00:00:00,67.8,23.0,28.3,29.5,6.3,9.8,262.0,0.1,2.95,0.0,78.0,54.1,45.0,17.0,29.733,29.425,21.9,29.9,77.4,0.30799999999999983
1450,2022-06-26 00:00:00,66.9,34.0,32.5,29.8,3.5,5.6,258.0,0.1,2.95,0.0,86.3,40.9,79.0,13.0,29.87,29.653,13.8,19.6,82.9,0.2170000000000023
1451,2022-06-27 00:00:00,71.1,29.0,32.5,29.8,3.4,5.7,315.0,0.1,2.95,0.0,89.3,48.2,59.0,9.0,29.896,29.717,16.1,19.6,85.3,0.17900000000000205
1452,2022-06-28 00:00:00,68.7,43.0,42.6,29.8,4.4,6.7,62.0,0.1,2.95,0.0,88.4,48.2,73.0,11.0,29.923,29.687,21.9,27.6,84.6,0.2359999999999971
1453,2022-06-29 00:00:00,62.8,60.0,47.0,29.9,2.5,4.1,52.0,0.13,2.98,0.0,78.1,47.4,86.0,26.0,29.939,29.733,16.1,26.5,78.9,0.20599999999999952
1454,2022-06-30 00:00:00,59.6,73.0,50.5,29.9,2.7,4.2,47.0,0.26,3.11,0.0,69.9,52.2,86.0,51.0,29.972,29.782,16.1,19.6,78.0,0.19000000000000128
1455,2022-07-25 00:00:00,59.8,68.0,48.6,29.9,3.2,4.7,26.0,0.05,3.16,0.0,74.6,53.3,89.0,31.0,30.01,29.766,19.6,25.3,79.1,0.24400000000000333
1456,2022-07-26 00:00:00,63.3,56.0,45.9,29.9,2.3,3.5,43.0,0.07,3.18,0.0,76.0,50.5,78.0,28.0,30.032,29.675,17.3,24.2,79.1,0.3569999999999993
1457,2022-07-27 00:00:00,58.4,70.0,47.0,29.8,4.3,6.3,41.0,0.21,3.32,0.0,78.1,42.8,92.0,22.0,29.923,29.646,18.4,24.2,79.1,0.27699999999999747
1458,2022-07-28 00:00:00,58.2,83.0,52.6,29.7,2.1,3.2,80.0,0.26,3.37,0.0,72.1,52.9,94.0,41.0,29.738,29.577,17.3,19.6,78.3,0.1609999999999978
1459,2022-07-29 00:00:00,60.6,63.0,46.9,29.7,3.2,4.3,264.0,0.38,3.49,0.0,71.4,51.2,91.0,35.0,30.007,29.491,15.0,17.3,79.0,0.5160000000000018
1460,2022-07-30 00:00:00,64.0,54.0,44.5,29.9,4.6,6.6,269.0,0.4,3.51,0.0,80.7,48.6,93.0,23.0,30.101,29.709,17.3,26.5,79.5,0.39199999999999946
1461,2022-07-31 00:00:00,61.7,52.0,41.2,30.0,1.4,2.0,313.0,0.4,3.51,0.0,77.4,48.0,79.0,22.0,30.083,29.882,23.0,27.6,77.8,0.20229999999999696
1462,2022-08-01 00:00:00,59.2,63.0,44.3,29.9,1.9,2.9,0.0,0.12,5.06,0.0,75.6,45.4,90.0,26.0,30.139,29.625,16.1,21.9,79.1,0.5139999999999993
1463,2022-08-02 00:00:00,72.1,33.0,40.6,29.6,7.7,9.9,0.0,0.12,5.06,0.0,82.4,63.9,44.0,21.0,29.679,29.558,24.2,29.9,80.2,0.12099999999999866
1464,2022-08-03 00:00:00,68.2,47.0,45.0,29.8,2.9,3.8,0.0,0.16,5.1,0.0,78.0,54.2,80.0,22.0,30.017,29.537,21.9,29.9,78.5,0.4800000000000004
1465,2022-08-04 00:00:00,63.2,54.0,45.3,29.9,0.7,1.0,0.0,0.23,5.17,0.0,72.1,47.7,90.0,36.0,30.069,29.699,12.7,13.8,78.3,0.36999999999999744
1466,2022-08-05 00:00:00,65.3,44.0,42.2,29.8,4.3,6.3,355.0,0.23,5.17,0.0,73.7,52.6,66.0,32.0,29.956,29.699,15.0,19.6,78.8,0.2569999999999979
1467,2022-08-06 00:00:00,67.0,33.0,35.8,29.7,6.9,10.3,297.0,0.23,5.17,0.0,79.8,52.2,54.0,16.0,29.751,29.596,20.7,28.8,78.9,0.15500000000000114
1468,2022-08-07 00:00:00,57.0,56.0,40.6,29.8,2.1,3.5,348.0,0.23,5.17,0.0,69.6,46.0,81.0,32.0,29.884,29.72,16.1,20.7,79.1,0.16400000000000148
1469,2022-08-08 00:00:00,55.1,66.0,43.1,29.9,2.7,4.4,26.0,0.24,5.18,0.0,71.6,40.3,87.0,38.0,29.982,29.806,12.7,20.7,78.9,0.17599999999999838
1470,2022-08-09 00:00:00,53.5,71.0,43.3,30.0,2.4,4.2,343.0,0.41,5.35,0.0,68.3,41.1,91.0,33.0,30.136,29.858,13.8,20.7,79.2,0.2779999999999987
1471,2022-08-10 00:00:00,60.0,50.0,35.5,30.0,1.0,1.4,275.0,0.41,5.35,0.0,74.9,40.2,94.0,23.0,30.166,29.678,17.3,19.6,79.0,0.48799999999999955
1472,2022-08-11 00:00:00,56.2,71.0,46.5,30.0,0.9,1.4,292.0,0.61,5.55,0.0,68.9,48.3,91.0,23.0,30.115,29.696,9.2,13.8,74.7,0.41899999999999693
1473,2022-08-12 00:00:00,51.8,76.0,44.1,30.1,2.4,3.5,317.0,0.69,5.63,0.0,64.7,41.2,92.0,52.0,30.206,29.883,18.4,25.3,78.9,0.3230000000000004
1474,2022-08-13 00:00:00,53.1,75.0,45.1,30.1,2.4,3.5,5.0,0.78,5.72,0.0,60.5,41.6,93.0,50.0,30.172,29.963,11.5,18.4,60.5,0.20899999999999963
1475,2022-08-14 00:00:00,56.8,60.0,40.6,30.1,1.5,2.3,293.0,0.83,5.77,0.0,72.8,39.3,92.0,27.0,30.251,29.88,18.4,26.5,78.4,0.3710000000000022
1476,2022-08-15 00:00:00,61.7,44.0,34.0,30.0,1.3,1.9,359.0,0.83,5.77,0.0,80.0,39.4,83.0,15.0,30.206,29.722,15.0,20.7,78.4,0.4839999999999982
1477,2022-08-16 00:00:00,54.3,63.0,40.5,30.1,0.7,1.3,350.0,0.83,5.77,0.0,77.4,41.1,85.0,20.0,30.249,29.889,5.8,6.9,79.2,0.35999999999999943
1478,2022-08-17 00:00:00,55.7,59.0,40.1,30.0,0.8,1.4,317.0,0.83,5.77,0.0,76.1,43.3,79.0,16.0,30.157,29.665,23.0,29.9,77.1,0.4920000000000009
1479,2022-08-18 00:00:00,67.2,34.0,36.0,29.8,4.3,6.4,313.0,0.83,5.77,0.0,83.9,49.8,53.0,14.0,30.008,29.68,18.4,27.6,81.1,0.3279999999999994
1480,2022-08-19 00:00:00,67.5,38.0,37.4,29.8,2.2,3.9,328.0,0.83,5.77,0.0,86.1,47.6,69.0,12.0,29.902,29.639,11.5,17.3,82.7,0.2630000000000017
1481,2022-08-20 00:00:00,66.8,37.0,35.6,29.7,2.6,4.2,345.0,0.83,5.77,0.0,86.7,46.0,73.0,12.0,29.816,29.617,20.7,34.5,83.2,0.19899999999999807
1482,2022-08-21 00:00:00,67.1,41.0,41.3,29.7,2.8,4.7,357.0,0.83,5.77,0.0,78.9,55.0,64.0,23.0,29.807,29.667,12.7,19.6,79.1,0.13999999999999702
1483,2022-08-22 00:00:00,59.5,70.0,48.8,29.9,2.2,3.7,325.0,0.91,5.85,0.0,75.8,48.5,92.0,37.0,30.039,29.788,13.8,20.7,78.5,0.2510000000000012
1484,2022-08-23 00:00:00,64.3,57.0,46.6,29.8,3.5,5.6,322.0,0.96,5.9,0.0,80.9,51.3,92.0,25.0,29.928,29.651,16.1,25.3,79.7,0.277000000000001
1485,2022-08-24 00:00:00,61.6,60.0,44.4,29.8,3.6,5.7,309.0,1.03,5.97,0.0,76.8,45.4,94.0,22.0,29.875,29.684,17.3,26.5,79.0,0.19099999999999895
1486,2022-08-25 00:00:00,61.3,66.0,47.6,29.9,2.0,3.5,278.0,1.06,6.0,0.0,78.3,45.8,92.0,27.0,29.985,29.783,17.3,19.6,78.1,0.20229999999999818
1487,2022-08-26 00:00:00,65.7,59.0,48.2,29.8,5.1,7.9,151.0,1.16,6.1,0.0,82.2,49.2,91.0,27.0,29.927,29.734,16.1,26.5,80.4,0.19299999999999784
1488,2022-08-27 00:00:00,63.3,66.0,49.8,29.8,1.6,2.8,307.0,1.25,6.19,0.0,79.9,49.4,94.0,29.0,29.983,29.729,17.3,25.3,79.2,0.25400000000000134
1489,2022-08-28 00:00:00,64.5,59.0,46.7,29.8,2.6,4.3,330.0,1.27,6.21,0.0,82.5,48.8,94.0,27.0,29.9,29.734,18.4,27.6,80.8,0.16599999999999682
1490,2022-08-29 00:00:00,62.6,59.0,45.3,29.9,3.3,5.1,254.0,1.36,6.3,0.0,84.0,46.4,84.0,22.0,30.095,29.788,19.6,31.1,81.6,0.3069999999999986
1491,2022-08-30 00:00:00,62.2,64.0,47.3,29.9,3.1,4.7,299.0,1.38,6.32,0.0,82.0,46.2,93.0,26.0,30.081,29.677,21.9,29.9,80.3,0.4039999999999999
1492,2022-08-31 00:00:00,64.5,51.0,44.7,29.8,3.4,5.3,287.0,1.39,6.33,0.0,84.1,49.5,83.0,22.0,29.921,29.623,19.6,26.5,81.7,0.29799999999999827
1493,2022-09-16 00:00:00,54.1,78.0,46.3,30.0,2.7,4.3,256.0,0.0,6.33,0.0,69.5,45.1,95.0,36.0,30.096,29.773,16.1,21.9,79.1,0.3230000000000004
1494,2022-09-17 00:00:00,61.4,48.0,39.2,29.7,4.9,7.5,246.0,0.0,6.33,0.0,75.1,43.2,92.0,17.0,29.904,29.573,16.1,24.2,79.0,0.3309999999999995
1495,2022-09-18 00:00:00,55.1,63.0,41.6,29.6,5.0,7.8,258.0,0.1,6.43,0.0,67.4,46.8,90.0,34.0,29.787,29.488,23.0,34.5,79.1,0.2989999999999995
1496,2022-09-19 00:00:00,49.7,70.0,39.8,29.9,2.9,4.9,77.0,0.1,6.43,0.0,57.5,38.6,91.0,46.0,30.153,29.623,10.4,13.8,57.5,0.5299999999999976
1497,2022-09-20 00:00:00,47.9,71.0,37.6,30.0,1.7,2.9,51.0,0.11,6.44,0.0,65.6,31.9,94.0,30.0,30.177,29.893,11.5,13.8,79.2,0.2839999999999989
1498,2022-09-21 00:00:00,56.9,49.0,34.2,29.7,4.5,7.0,235.0,0.11,6.44,0.0,73.3,37.2,91.0,17.0,29.909,29.551,19.6,29.9,78.7,0.35800000000000054
1499,2022-09-22 00:00:00,49.7,72.0,40.2,29.6,3.2,5.2,267.0,0.35,6.68,0.0,63.4,41.3,94.0,40.0,29.66,29.387,23.0,34.5,63.4,0.2729999999999997
1500,2022-09-23 00:00:00,49.0,52.0,31.2,29.6,10.0,15.7,249.0,0.48,6.81,0.0,55.6,43.6,93.0,33.0,29.914,29.327,26.5,41.4,55.6,0.5869999999999997
1501,2022-09-24 00:00:00,55.7,31.0,23.1,29.8,7.9,11.7,243.0,0.48,6.81,0.0,67.9,43.9,58.0,10.0,30.0,29.568,17.3,27.6,73.6,0.4319999999999986
1502,2022-09-25 00:00:00,63.0,20.0,20.8,29.3,5.1,8.2,247.0,0.48,6.81,0.0,72.8,48.2,44.0,13.0,29.59,29.141,18.4,27.6,75.7,0.4490000000000016
1503,2022-09-26 00:00:00,49.2,63.0,36.2,29.5,2.3,4.0,55.0,0.48,6.81,0.0,64.0,38.3,89.0,41.0,29.648,29.298,13.8,19.6,64.0,0.3500000000000014
1504,2022-09-27 00:00:00,42.2,78.0,35.2,29.7,5.1,8.0,252.0,0.56,6.89,0.0,46.8,35.8,93.0,41.0,29.918,29.53,21.9,34.5,46.8,0.3879999999999981
1505,2022-09-28 00:00:00,49.6,36.0,23.8,30.0,9.2,13.8,243.0,0.56,6.89,0.0,55.7,35.6,51.0,28.0,30.04,29.887,21.9,34.5,55.7,0.1529999999999987
1506,2022-09-29 00:00:00,54.8,24.0,18.3,29.8,10.5,15.6,242.0,0.56,6.89,0.0,64.2,45.1,40.0,19.0,29.958,29.666,23.0,34.5,64.2,0.29199999999999804
1507,2022-10-01 00:00:00,52.3,52.0,33.9,29.8,2.1,3.9,97.0,0.0,15.17,0.0,66.3,38.9,87.0,31.0,29.89,29.67,10.4,16.1,78.4,0.21999999999999886
1508,2022-10-02 00:00:00,49.7,59.0,32.0,29.8,3.0,5.0,127.0,0.0,15.17,0.0,68.9,32.2,91.0,16.0,29.974,29.683,12.7,19.6,77.6,0.29100000000000037
1509,2022-10-03 00:00:00,46.2,70.0,35.6,29.6,4.2,6.4,62.0,0.23,15.4,0.0,63.1,34.0,93.0,24.0,29.701,29.537,13.8,17.3,63.1,0.16400000000000148
1510,2022-10-04 00:00:00,33.9,67.0,22.9,29.9,6.0,9.4,276.0,0.43,15.6,0.0,42.7,28.7,93.0,36.0,30.219,29.521,21.9,34.5,42.7,0.6980000000000004
1511,2022-10-05 00:00:00,38.8,28.0,7.3,30.1,11.9,18.7,261.0,0.43,15.6,0.0,48.5,29.8,47.0,15.0,30.243,30.077,25.3,35.7,48.5,0.16599999999999682
1512,2022-10-06 00:00:00,50.2,35.0,22.0,30.1,5.2,8.4,259.0,0.43,15.6,0.0,65.3,34.4,64.0,16.0,30.204,29.944,15.0,24.2,75.9,0.26000000000000156
1513,2022-10-07 00:00:00,57.5,21.0,16.0,29.8,6.7,10.2,249.0,0.43,15.6,0.0,70.6,40.9,43.0,10.0,30.086,29.6,18.4,26.5,72.7,0.4859999999999971
1514,2022-10-08 00:00:00,57.2,25.0,18.2,29.6,9.0,13.6,251.0,0.43,15.6,0.0,69.4,38.5,65.0,13.0,29.691,29.4,25.3,33.4,73.9,0.29100000000000037
1515,2022-10-09 00:00:00,48.3,54.0,31.3,29.7,2.8,4.6,76.0,0.43,15.6,0.0,61.3,36.3,82.0,30.0,29.895,29.514,10.4,16.1,61.3,0.3810000000000002
1516,2022-10-10 00:00:00,43.0,70.0,33.4,29.6,4.6,7.2,249.0,0.5,15.67,0.0,51.9,34.9,90.0,45.0,29.763,29.369,23.0,32.2,51.9,0.3940000000000019
1517,2022-10-11 00:00:00,41.9,51.0,24.8,29.7,11.4,17.0,247.0,0.5,15.67,0.0,48.9,33.1,63.0,37.0,30.003,29.297,31.1,46.0,48.9,0.7059999999999995
1518,2022-10-12 00:00:00,38.0,71.0,28.4,30.1,2.0,3.5,55.0,0.5,15.67,0.0,53.5,27.8,91.0,28.0,30.176,29.972,12.7,17.3,53.5,0.20399999999999707
1519,2022-10-13 00:00:00,40.8,70.0,30.0,30.0,1.5,3.0,84.0,0.51,15.68,0.0,59.3,24.8,91.0,29.0,30.23,29.683,8.1,13.8,59.3,0.5470000000000006
1520,2022-10-14 00:00:00,40.1,64.0,28.3,29.8,5.1,8.2,271.0,0.53,15.7,0.0,50.3,32.5,90.0,38.0,30.085,29.655,16.1,25.3,50.3,0.4299999999999997
1521,2022-10-15 00:00:00,30.3,81.0,25.0,30.2,2.6,4.3,73.0,0.53,15.7,0.0,38.8,26.6,89.0,60.0,30.258,30.04,11.5,13.8,38.8,0.21799999999999997
1522,2022-10-16 00:00:00,34.3,51.0,14.8,30.1,6.1,9.5,262.0,0.54,15.71,0.0,46.7,18.6,88.0,23.0,30.249,29.932,18.4,28.8,46.7,0.31700000000000017
1523,2022-10-17 00:00:00,36.1,56.0,20.9,30.0,6.8,9.7,285.0,0.54,15.71,0.0,45.7,29.4,89.0,29.0,30.039,29.874,18.4,31.1,45.7,0.1650000000000027
1524,2022-10-18 00:00:00,31.1,60.0,16.8,30.2,5.8,9.0,265.0,0.68,15.85,0.0,39.9,19.2,90.0,31.0,30.266,29.962,16.1,27.6,39.9,0.3039999999999985
1525,2022-10-19 00:00:00,42.7,32.0,14.7,30.0,12.7,18.8,255.0,0.68,15.85,0.0,53.3,34.3,44.0,22.0,30.102,29.748,27.6,39.1,53.3,0.3539999999999992
1526,2022-10-20 00:00:00,37.5,60.0,23.0,29.9,5.6,8.2,225.0,0.7,15.87,0.0,45.2,24.4,91.0,31.0,30.126,29.72,24.2,34.5,45.2,0.40600000000000236
1527,2022-10-21 00:00:00,35.4,59.0,20.2,30.2,5.3,7.8,257.0,0.74,15.91,0.0,49.5,18.3,90.0,30.0,30.348,30.04,18.4,26.5,49.5,0.30799999999999983
1528,2022-10-22 00:00:00,49.6,33.0,21.5,30.0,7.3,11.1,260.0,0.74,15.91,0.0,60.4,41.9,43.0,24.0,30.093,29.906,15.0,21.9,60.4,0.18700000000000117
1529,2022-10-23 00:00:00,47.8,41.0,23.1,30.0,4.6,7.1,224.0,0.74,15.91,0.0,62.2,28.8,81.0,18.0,30.176,29.885,16.1,20.7,62.2,0.2909999999999968
1530,2022-10-24 00:00:00,38.2,64.0,24.1,30.2,1.7,2.9,52.0,0.74,15.91,0.0,61.3,21.9,90.0,22.0,30.359,30.09,12.7,16.1,61.3,0.2690000000000019
1531,2022-10-25 00:00:00,40.3,57.0,23.0,30.2,2.1,3.3,342.0,0.75,15.92,0.0,63.4,23.0,86.0,17.0,30.32,30.016,13.8,19.6,63.4,0.30400000000000205
1532,2022-10-26 00:00:00,38.3,62.0,24.7,30.3,1.4,2.7,73.0,0.75,15.92,0.0,58.0,23.5,84.0,27.0,30.458,30.075,9.2,11.5,58.0,0.3829999999999991
1533,2022-10-27 00:00:00,48.4,32.0,18.9,29.8,6.5,9.6,246.0,0.75,15.92,0.0,58.7,33.8,60.0,20.0,30.075,29.656,20.7,26.5,58.7,0.4190000000000005
1534,2022-10-28 00:00:00,30.4,80.0,24.7,29.9,2.9,4.4,52.0,0.75,15.92,0.0,34.7,26.1,91.0,59.0,30.068,29.781,8.1,11.5,34.7,0.2870000000000026
1535,2022-10-29 00:00:00,33.6,76.0,25.5,30.0,3.1,5.0,7.0,0.77,15.94,0.0,53.6,24.4,91.0,26.0,30.084,29.741,13.8,19.6,53.6,0.34299999999999997
1536,2022-10-30 00:00:00,35.4,55.0,20.1,29.8,9.7,14.4,251.0,0.81,15.98,0.0,42.6,29.4,93.0,35.0,29.897,29.648,25.3,35.7,42.6,0.24899999999999878
1537,2022-10-31 00:00:00,35.1,44.0,15.0,29.8,14.3,20.9,248.0,0.81,15.98,0.0,40.6,31.8,60.0,33.0,29.898,29.755,29.9,42.6,40.6,0.14300000000000068
1538,2022-11-01 00:00:00,37.0,46.0,17.4,30.1,6.9,10.7,265.0,0.0,15.98,0.0,42.9,32.9,70.0,27.0,30.214,29.849,17.3,26.5,42.9,0.36499999999999844
1539,2022-11-02 00:00:00,47.8,19.0,5.1,29.9,12.3,17.9,245.0,0.0,15.98,0.0,56.6,37.0,38.0,7.0,30.144,29.511,26.5,38.0,56.6,0.6329999999999991
1540,2022-11-03 00:00:00,46.9,27.0,11.7,29.5,12.0,17.1,229.0,0.0,15.98,0.0,54.1,29.4,69.0,7.0,29.716,29.347,26.5,41.4,54.1,0.3689999999999998
1541,2022-11-04 00:00:00,29.0,50.0,12.2,29.9,6.7,10.7,231.0,0.0,15.98,0.0,34.6,23.2,70.0,34.0,30.041,29.652,34.5,35.7,34.6,0.38899999999999935
1542,2022-11-05 00:00:00,26.3,40.0,3.2,30.1,8.2,12.7,264.0,0.0,15.98,0.0,33.4,20.3,84.0,20.0,30.252,29.938,26.5,39.1,33.4,0.31400000000000006
1543,2022-11-06 00:00:00,31.6,40.0,9.7,30.3,13.4,20.4,243.0,0.0,15.98,0.0,38.0,23.2,54.0,31.0,30.332,30.157,27.6,44.9,38.0,0.1750000000000007
1544,2022-11-07 00:00:00,42.8,35.0,16.1,30.2,9.9,13.7,239.0,0.0,15.98,0.0,53.3,33.1,49.0,23.0,30.373,29.812,23.0,27.6,53.3,0.5609999999999999
1545,2022-11-08 00:00:00,47.8,25.0,13.2,29.7,15.4,22.3,248.0,0.0,15.98,0.0,56.9,38.2,39.0,19.0,29.948,29.562,39.1,55.2,56.9,0.38599999999999923
1546,2022-11-09 00:00:00,42.7,39.0,17.8,30.0,4.6,6.7,251.0,0.0,15.98,0.0,56.5,28.8,73.0,22.0,30.209,29.857,17.3,24.2,56.5,0.3520000000000003
1547,2022-11-10 00:00:00,45.1,33.0,15.6,30.1,6.4,9.2,250.0,0.0,15.98,0.0,59.5,28.7,74.0,16.0,30.216,29.955,16.1,21.9,59.5,0.2610000000000028
1548,2022-11-11 00:00:00,42.8,45.0,19.1,30.2,6.5,9.8,262.0,0.0,15.98,0.0,59.9,27.6,87.0,15.0,30.469,29.998,20.7,31.1,59.9,0.4710000000000001
1549,2022-11-12 00:00:00,36.9,57.0,20.4,30.5,1.9,3.5,306.0,0.0,15.98,0.0,55.6,22.2,88.0,15.0,30.774,30.147,11.5,18.4,55.6,0.6270000000000024
1550,2022-11-13 00:00:00,49.0,20.0,8.4,30.1,8.3,11.9,250.0,0.0,15.98,0.0,56.9,42.1,35.0,12.0,30.325,29.829,19.6,26.5,56.9,0.49599999999999866
1551,2022-11-14 00:00:00,42.7,32.0,14.1,29.8,6.4,9.6,256.0,0.0,15.98,0.0,51.0,32.5,57.0,18.0,29.969,29.607,16.1,24.2,51.0,0.3620000000000019
1552,2022-11-15 00:00:00,40.2,40.0,14.9,29.5,9.1,13.3,250.0,0.0,15.98,0.0,49.8,31.9,84.0,18.0,29.636,29.33,24.2,35.7,49.8,0.30600000000000094
1553,2022-11-16 00:00:00,33.8,55.0,18.4,29.4,12.3,18.5,253.0,0.0,15.98,0.0,41.6,25.8,86.0,32.0,29.535,29.242,32.2,47.2,41.6,0.29299999999999926
1554,2022-11-17 00:00:00,33.3,46.0,13.9,29.8,14.0,20.9,257.0,0.0,15.98,0.0,41.3,25.7,84.0,29.0,30.107,29.476,36.8,50.6,41.3,0.6310000000000002
1555,2022-11-18 00:00:00,38.0,35.0,11.4,30.1,8.8,12.7,254.0,0.0,15.98,0.0,54.7,22.2,58.0,14.0,30.224,29.91,29.9,39.1,54.7,0.31400000000000006
1556,2022-11-19 00:00:00,42.3,36.0,15.8,29.8,8.4,12.1,246.0,0.0,15.98,0.0,49.8,24.4,69.0,16.0,30.07,29.567,20.7,29.9,49.8,0.5030000000000001
1557,2022-11-20 00:00:00,40.1,45.0,19.7,29.7,8.3,12.3,258.0,0.0,15.98,0.0,48.5,31.8,76.0,28.0,29.843,29.656,23.0,36.8,48.5,0.18700000000000117
1558,2022-11-21 00:00:00,13.4,79.0,8.0,30.4,4.0,5.9,66.0,0.0,15.98,0.0,31.5,6.3,86.0,69.0,30.857,29.843,10.4,12.7,31.5,1.0139999999999993
1559,2022-11-22 00:00:00,17.3,81.0,12.6,30.8,0.8,1.4,78.0,0.1,16.08,0.0,29.8,7.4,88.0,74.0,30.912,30.647,6.9,8.1,29.8,0.26500000000000057
1560,2022-11-23 00:00:00,20.1,79.0,14.6,30.6,0.6,1.2,40.0,0.2,16.18,0.0,31.3,11.4,86.0,64.0,30.759,30.48,4.6,6.9,31.3,0.2789999999999999
1561,2022-11-24 00:00:00,25.9,74.0,18.0,30.2,1.3,2.4,355.0,0.26,16.24,0.0,39.8,10.7,90.0,22.0,30.496,29.962,20.7,32.2,39.8,0.5339999999999989
1562,2022-11-25 00:00:00,30.3,58.0,16.9,30.2,2.0,3.4,1.0,0.26,16.24,0.0,39.6,16.9,83.0,35.0,30.414,29.958,15.0,21.9,39.6,0.45600000000000307
1563,2022-11-26 00:00:00,26.6,61.0,13.2,30.4,2.1,3.8,359.0,0.26,16.24,0.0,45.8,14.3,84.0,26.0,30.566,30.277,17.3,26.5,45.8,0.2889999999999979
1564,2022-11-27 00:00:00,40.1,36.0,13.7,30.1,8.1,11.4,250.0,0.26,16.24,0.0,51.4,24.0,70.0,21.0,30.277,29.922,19.6,26.5,51.4,0.3550000000000004
1565,2022-11-28 00:00:00,28.7,66.0,17.8,30.2,1.1,1.8,39.0,0.26,16.24,0.0,50.5,17.2,82.0,27.0,30.397,30.079,10.4,12.7,50.5,0.31799999999999784
1566,2022-11-29 00:00:00,39.9,38.0,15.2,30.1,9.8,14.1,253.0,0.26,16.24,0.0,47.7,24.5,77.0,26.0,30.224,30.015,23.0,34.5,47.7,0.20899999999999963
1567,2022-11-30 00:00:00,39.0,34.0,12.6,30.1,10.4,14.7,246.0,0.26,16.24,0.0,45.5,34.0,45.0,24.0,30.159,30.022,20.7,28.8,45.5,0.13700000000000045
1568,2022-12-01 00:00:00,37.2,43.0,16.8,29.9,13.2,19.6,247.0,0.0,16.24,0.0,44.9,28.5,59.0,28.0,30.119,29.719,31.1,47.2,44.9,0.3999999999999986
1569,2022-12-02 00:00:00,37.9,51.0,21.3,29.6,21.1,30.3,252.0,0.0,16.24,0.0,40.8,34.4,64.0,44.0,29.817,29.525,34.5,50.6,40.8,0.2920000000000016
1570,2022-12-03 00:00:00,27.9,64.0,16.5,29.5,5.0,8.0,252.0,0.0,16.24,0.0,38.0,5.2,83.0,43.0,29.765,29.385,19.6,33.4,38.0,0.379999999999999
1571,2022-12-04 00:00:00,0.5,75.0,-5.6,30.1,2.1,3.4,63.0,0.0,16.24,0.0,6.5,-10.5,78.0,68.0,30.417,29.764,11.5,13.8,6.5,0.6530000000000022
1572,2022-12-05 00:00:00,-4.4,71.0,-11.3,30.4,3.1,4.6,45.0,0.09,16.33,0.0,10.7,-12.8,75.0,67.0,30.557,30.294,13.8,17.3,10.7,0.2629999999999981
1573,2022-12-06 00:00:00,-4.3,71.0,-11.3,30.6,2.9,4.1,31.0,0.09,16.33,0.0,8.1,-13.0,74.0,68.0,30.693,30.414,13.8,17.3,8.1,0.2789999999999999
1574,2022-12-07 00:00:00,3.4,72.0,-3.5,30.3,2.4,3.8,33.0,0.09,16.33,0.0,17.5,-7.7,75.0,66.0,30.493,30.023,12.7,16.1,17.5,0.46999999999999886
1575,2022-12-08 00:00:00,7.7,57.0,-5.2,30.1,4.4,6.8,274.0,0.09,16.33,0.0,18.8,-7.7,81.0,33.0,30.253,29.869,21.9,33.4,18.8,0.38400000000000034
1576,2022-12-09 00:00:00,6.5,47.0,-10.8,30.4,15.5,22.2,247.0,0.1,16.34,0.0,17.2,-7.7,75.0,26.0,30.498,30.253,36.8,47.2,17.2,0.245000000000001
1577,2022-12-10 00:00:00,21.8,44.0,3.4,30.2,21.6,30.5,250.0,0.1,16.34,0.0,25.6,13.5,54.0,38.0,30.373,30.065,38.0,54.1,25.6,0.30799999999999983
1578,2022-12-11 00:00:00,28.4,32.0,1.1,30.3,12.5,17.9,237.0,0.1,16.34,0.0,35.9,10.5,73.0,17.0,30.453,30.254,25.3,40.3,35.9,0.19899999999999807
1579,2022-12-12 00:00:00,41.3,17.0,-0.1,30.1,13.3,18.6,246.0,0.1,16.34,0.0,49.9,34.1,23.0,12.0,30.27,29.789,24.2,36.8,49.9,0.4809999999999981
1580,2022-12-13 00:00:00,34.9,30.0,5.4,29.8,10.2,14.9,252.0,0.1,16.34,0.0,41.5,25.7,45.0,15.0,30.093,29.709,18.4,28.8,41.5,0.38400000000000034
1581,2022-12-14 00:00:00,29.0,38.0,5.8,30.2,11.8,17.1,248.0,0.1,16.34,0.0,36.9,17.5,56.0,25.0,30.301,30.076,28.8,42.6,36.9,0.22499999999999787
1582,2022-12-15 00:00:00,36.2,36.0,11.5,30.1,18.3,25.6,238.0,0.1,16.34,0.0,43.6,28.8,50.0,24.0,30.231,30.043,28.8,42.6,43.6,0.1880000000000024
1583,2022-12-16 00:00:00,40.5,29.0,10.5,30.1,16.6,25.6,258.0,0.1,16.34,0.0,47.4,36.2,38.0,20.0,30.189,30.018,28.8,44.9,47.4,0.17099999999999937
1584,2022-12-17 00:00:00,44.3,23.0,8.2,30.1,11.2,16.1,238.0,0.1,16.34,0.0,51.4,38.8,28.0,17.0,30.245,29.937,27.6,36.8,51.4,0.30799999999999983
1585,2022-12-18 00:00:00,46.1,20.0,7.0,29.7,12.3,17.1,237.0,0.1,16.34,0.0,53.2,41.8,28.0,15.0,29.948,29.557,24.2,33.4,53.2,0.3910000000000018
1586,2022-12-19 00:00:00,37.7,46.0,15.8,29.5,8.6,12.5,234.0,0.1,16.34,0.0,48.8,15.2,86.0,21.0,29.74,29.327,28.8,39.1,48.8,0.4129999999999967
1587,2022-12-20 00:00:00,24.2,59.0,10.0,29.8,5.4,8.1,246.0,0.1,16.34,0.0,37.7,11.2,88.0,30.0,29.903,29.563,18.4,27.6,37.7,0.33999999999999986
1588,2022-12-21 00:00:00,22.3,61.0,9.1,29.7,6.3,9.4,259.0,0.1,16.34,0.0,27.5,1.6,85.0,29.0,29.967,29.503,18.4,27.6,27.5,0.46399999999999864
1589,2022-12-22 00:00:00,19.6,58.0,6.3,30.1,5.7,9.2,276.0,0.1,16.34,0.0,27.6,6.3,83.0,34.0,30.287,29.967,19.6,28.8,27.6,0.3200000000000003
1590,2022-12-23 00:00:00,26.3,57.0,12.0,30.3,12.5,18.0,229.0,0.1,16.34,0.0,35.7,11.2,83.0,34.0,30.379,30.044,32.2,44.9,35.7,0.33500000000000085
1591,2022-12-24 00:00:00,29.1,51.0,12.9,30.1,11.8,17.1,250.0,0.1,16.34,0.0,37.3,18.4,85.0,34.0,30.366,29.979,29.9,44.9,37.3,0.38700000000000045
1592,2022-12-25 00:00:00,29.3,30.0,1.3,30.4,10.0,14.5,246.0,0.1,16.34,0.0,37.6,20.6,45.0,22.0,30.493,30.268,20.7,27.6,37.6,0.22499999999999787
1593,2022-12-26 00:00:00,36.0,27.0,4.6,30.2,10.0,14.4,250.0,0.1,16.34,0.0,43.2,27.3,45.0,18.0,30.347,30.169,25.3,33.4,43.2,0.17800000000000082
1594,2022-12-27 00:00:00,37.8,42.0,15.1,30.2,4.2,6.2,251.0,0.1,16.34,0.0,52.5,23.2,72.0,24.0,30.371,30.036,15.0,25.3,52.5,0.3349999999999973
1595,2022-12-28 00:00:00,33.9,52.0,15.7,30.0,7.2,10.2,228.0,0.1,16.34,0.0,44.6,17.8,85.0,24.0,30.167,29.755,17.3,20.7,44.6,0.4120000000000026
1596,2022-12-29 00:00:00,21.4,59.0,6.9,30.2,6.1,9.3,241.0,0.17,16.41,0.0,31.6,8.6,85.0,25.0,30.427,29.989,24.2,38.0,31.6,0.43799999999999883
1597,2022-12-30 00:00:00,30.3,39.0,8.4,30.1,10.8,15.9,241.0,0.17,16.41,0.0,35.9,24.8,52.0,28.0,30.232,29.957,27.6,35.7,35.9,0.2749999999999986
1598,2022-12-31 00:00:00,35.6,45.0,16.1,30.0,13.3,19.7,244.0,0.17,16.41,0.0,40.7,31.5,58.0,34.0,30.088,29.868,35.7,46.0,40.7,0.22000000000000242
1599,2022-01-01 00:00:00,26.9,57.0,13.4,30.1,5.6,8.7,268.0,0.0,0.0,0.0,34.6,15.9,88.0,33.0,30.383,29.843,18.4,29.9,34.6,0.5399999999999991
1600,2022-01-02 00:00:00,35.2,30.0,6.3,30.2,12.5,17.8,237.0,0.0,0.0,0.0,44.6,18.0,70.0,19.0,30.338,29.886,24.2,34.5,44.6,0.45200000000000173
1601,2022-01-03 00:00:00,39.4,30.0,10.3,29.7,16.3,23.0,243.0,0.0,0.0,0.0,45.8,31.9,64.0,20.0,29.902,29.474,33.4,43.7,45.8,0.4280000000000008
1602,2022-01-04 00:00:00,12.0,80.0,7.1,30.0,2.5,4.2,81.0,0.0,0.0,0.0,31.9,-5.4,87.0,64.0,30.427,29.556,13.8,21.9,31.9,0.8709999999999987
1603,2022-01-05 00:00:00,3.3,71.0,-4.1,30.5,3.3,5.5,346.0,0.01,0.01,0.0,13.4,-5.2,78.0,56.0,30.723,30.34,16.1,26.5,13.4,0.3829999999999991
1604,2022-01-06 00:00:00,22.0,40.0,0.9,30.3,13.1,18.8,238.0,0.03,0.03,0.0,55.4,5.6,90.0,30.0,30.558,29.914,29.9,39.1,55.4,0.6439999999999984
1605,2022-01-07 00:00:00,32.1,35.0,6.1,30.0,6.9,10.3,253.0,0.03,0.03,0.0,41.7,25.6,67.0,20.0,30.173,29.869,21.9,31.1,41.7,0.3039999999999985
1606,2022-01-08 00:00:00,27.5,54.0,12.2,30.0,6.0,8.7,259.0,0.03,0.03,0.0,36.3,13.6,78.0,35.0,30.172,29.889,18.4,24.2,36.3,0.28300000000000125
1607,2022-01-09 00:00:00,29.9,47.0,11.7,29.8,12.6,18.6,252.0,0.03,0.03,0.0,34.1,22.2,84.0,36.0,29.912,29.692,26.5,34.5,34.1,0.21999999999999886
1608,2022-01-10 00:00:00,24.2,47.0,6.6,29.8,13.8,21.2,260.0,0.03,0.03,0.0,30.9,18.4,64.0,36.0,29.869,29.694,32.2,49.5,30.9,0.1750000000000007
1609,2022-01-11 00:00:00,38.1,42.0,17.0,29.8,15.2,22.4,244.0,0.03,0.03,0.0,45.4,30.7,52.0,35.0,29.94,29.507,29.9,43.7,45.4,0.43299999999999983
1610,2022-01-12 00:00:00,28.0,50.0,11.0,29.7,9.4,14.8,263.0,0.03,0.03,0.0,39.9,21.1,87.0,35.0,30.013,29.46,26.5,40.3,39.9,0.5530000000000008
1611,2022-01-13 00:00:00,26.0,44.0,6.9,30.0,21.3,33.5,265.0,0.03,0.03,0.0,32.4,21.1,50.0,37.0,30.015,29.911,33.4,52.9,32.4,0.1039999999999992
1612,2022-01-14 00:00:00,31.7,39.0,9.3,30.3,8.3,13.3,274.0,0.03,0.03,0.0,35.5,28.4,48.0,28.0,30.388,29.924,27.6,39.1,35.5,0.4640000000000022
1613,2022-01-15 00:00:00,35.4,36.0,10.8,30.1,18.4,25.3,220.0,0.03,0.03,0.0,41.6,30.3,49.0,22.0,30.223,29.953,31.1,44.9,41.6,0.2699999999999996
1614,2022-01-16 00:00:00,34.6,25.0,2.0,30.1,8.8,14.9,280.0,0.03,0.03,0.0,40.6,28.8,42.0,18.0,30.229,29.997,20.7,34.5,40.6,0.23199999999999932
1615,2022-01-17 00:00:00,34.7,32.0,7.3,30.1,12.9,18.1,239.0,0.03,0.03,0.0,43.2,28.4,45.0,24.0,30.187,29.979,25.3,38.0,43.2,0.20800000000000196
1616,2022-01-18 00:00:00,39.3,23.0,3.7,30.1,9.5,14.3,261.0,0.03,0.03,0.0,47.6,31.6,32.0,13.0,30.146,29.993,24.2,32.2,47.6,0.15300000000000225
1617,2022-01-19 00:00:00,41.5,25.0,8.1,30.0,16.2,22.6,244.0,0.03,0.03,0.0,47.9,37.3,28.0,20.0,30.024,29.874,31.1,43.7,47.9,0.15000000000000213
1618,2022-01-20 00:00:00,37.3,22.0,1.7,30.1,8.6,12.0,239.0,0.03,0.03,0.0,44.8,32.9,29.0,12.0,30.346,29.87,21.9,28.8,44.8,0.4759999999999991
1619,2022-01-21 00:00:00,41.4,9.0,-13.9,30.1,17.5,24.8,246.0,0.03,0.03,0.0,49.4,19.9,75.0,5.0,30.248,29.916,33.4,49.5,49.4,0.33200000000000074
1620,2022-01-22 00:00:00,18.6,80.0,13.5,30.1,3.4,5.4,71.0,0.03,0.03,0.0,19.9,17.3,83.0,75.0,30.171,30.088,8.1,11.5,19.9,0.08299999999999841
1621,2022-01-23 00:00:00,16.3,65.0,5.0,30.6,2.3,3.7,27.0,0.09,0.09,0.0,30.1,1.5,83.0,15.0,30.78,30.171,16.1,25.3,30.1,0.6090000000000018
1622,2022-01-24 00:00:00,37.4,18.0,-3.2,30.2,14.1,20.4,254.0,0.09,0.09,0.0,46.9,29.4,28.0,11.0,30.45,30.08,28.8,38.0,46.9,0.370000000000001
1623,2022-01-25 00:00:00,42.9,26.0,9.8,30.0,11.9,17.9,256.0,0.09,0.09,0.0,51.1,36.8,34.0,19.0,30.114,29.808,23.0,33.4,51.1,0.30600000000000094
1624,2022-01-26 00:00:00,33.3,43.0,10.6,29.8,10.7,15.4,234.0,0.09,0.09,0.0,46.8,10.3,80.0,20.0,30.115,29.633,28.8,36.8,46.8,0.4819999999999993
1625,2022-01-27 00:00:00,8.4,78.0,3.0,30.3,1.5,2.6,58.0,0.09,0.09,0.0,12.4,-2.0,80.0,74.0,30.513,30.066,8.1,11.5,12.4,0.44700000000000273
1626,2022-01-28 00:00:00,13.7,45.0,-6.9,30.4,4.9,8.1,266.0,0.27,0.27,0.0,29.1,-9.3,76.0,20.0,30.6,30.08,19.6,31.1,29.1,0.5200000000000031
1627,2022-01-29 00:00:00,32.3,44.0,12.1,29.8,19.8,28.2,241.0,0.27,0.27,0.0,37.5,25.6,74.0,22.0,30.08,29.413,39.1,52.9,37.5,0.666999999999998
1628,2022-01-30 00:00:00,28.8,74.0,21.5,29.6,5.4,8.0,253.0,0.27,0.27,0.0,34.9,20.3,89.0,57.0,29.772,29.441,15.0,21.9,34.9,0.3309999999999995
1629,2022-01-31 00:00:00,18.8,84.0,14.8,29.8,1.3,2.1,79.0,0.38,0.38,0.0,27.5,6.3,87.0,79.0,29.961,29.708,6.9,10.4,27.5,0.2530000000000001
1630,2022-02-01 00:00:00,13.1,79.0,7.9,30.1,2.0,3.2,74.0,0.04,0.42,0.0,22.3,-0.2,87.0,71.0,30.493,29.835,11.5,16.1,22.3,0.6579999999999977
1631,2022-02-02 00:00:00,13.8,56.0,0.2,30.2,4.2,6.5,269.0,0.09,0.47,0.0,29.7,-2.6,81.0,27.0,30.396,30.029,23.0,29.9,29.7,0.3670000000000009
1632,2022-02-03 00:00:00,20.9,52.0,5.0,30.0,5.6,8.5,229.0,0.1,0.48,0.0,28.8,14.3,81.0,31.0,30.089,29.853,20.7,26.5,28.8,0.2359999999999971
1633,2022-02-04 00:00:00,5.9,74.0,-0.7,30.2,3.4,5.2,65.0,0.1,0.48,0.0,15.2,-12.0,80.0,65.0,30.59,29.976,11.5,16.1,15.2,0.6140000000000008
1634,2022-02-05 00:00:00,-9.1,66.0,-17.5,30.7,2.0,3.0,42.0,0.13,0.51,0.0,7.2,-22.5,71.0,60.0,30.888,30.477,12.7,17.3,7.2,0.41100000000000136
1635,2022-02-06 00:00:00,10.3,64.0,0.0,30.3,3.9,5.8,243.0,0.13,0.51,0.0,24.4,-6.5,73.0,44.0,30.554,29.854,17.3,24.2,24.4,0.6999999999999993
1636,2022-02-07 00:00:00,26.0,56.0,12.4,29.8,6.5,9.6,241.0,0.15,0.53,0.0,32.8,18.0,78.0,39.0,29.922,29.738,17.3,26.5,32.8,0.18400000000000105
1637,2022-02-08 00:00:00,31.5,60.0,18.6,29.8,8.6,12.9,247.0,0.16,0.54,0.0,37.3,20.3,88.0,42.0,29.947,29.757,20.7,31.1,37.3,0.18999999999999773
1638,2022-02-09 00:00:00,29.7,76.0,22.6,29.9,4.4,6.6,259.0,0.27,0.65,0.0,40.5,17.0,89.0,49.0,30.063,29.737,19.6,26.5,40.5,0.3260000000000005
1639,2022-02-10 00:00:00,28.6,66.0,17.8,30.0,3.7,5.7,281.0,0.29,0.67,0.0,40.5,14.0,86.0,31.0,30.228,29.877,11.5,19.6,40.5,0.35100000000000264
1640,2022-02-11 00:00:00,28.3,43.0,7.9,30.1,8.8,13.1,244.0,0.29,0.67,0.0,35.8,13.6,85.0,31.0,30.223,29.933,20.7,34.5,35.8,0.28999999999999915
1641,2022-02-12 00:00:00,32.1,48.0,14.2,29.9,14.0,20.9,250.0,0.29,0.67,0.0,38.1,26.9,72.0,35.0,30.153,29.759,29.9,42.6,38.1,0.39399999999999835
1642,2022-02-13 00:00:00,39.0,51.0,21.9,29.8,13.0,20.4,262.0,0.29,0.67,0.0,44.9,32.8,76.0,36.0,29.865,29.659,26.5,42.6,44.9,0.20599999999999952
1643,2022-02-14 00:00:00,37.1,38.0,12.8,29.8,12.8,20.3,257.0,0.3,0.68,0.0,43.2,30.0,61.0,14.0,29.99,29.705,28.8,42.6,43.2,0.28500000000000014
1644,2022-02-15 00:00:00,45.6,37.0,20.4,29.7,13.7,21.0,257.0,0.31,0.69,0.0,49.4,39.5,67.0,26.0,29.819,29.633,31.1,43.7,49.4,0.18599999999999994
1645,2022-02-16 00:00:00,40.9,45.0,18.8,29.7,10.5,15.4,253.0,0.31,0.69,0.0,49.3,24.5,90.0,24.0,29.944,29.566,38.0,42.6,49.3,0.3780000000000001
1646,2022-02-17 00:00:00,34.8,27.0,2.7,30.0,18.2,26.3,252.0,0.31,0.69,0.0,44.3,22.4,51.0,17.0,30.166,29.702,33.4,50.6,44.3,0.46399999999999864
1647,2022-02-18 00:00:00,39.9,26.0,6.5,29.8,14.0,20.3,254.0,0.31,0.69,0.0,46.1,29.0,54.0,15.0,29.916,29.658,32.2,44.9,46.1,0.2579999999999991
1648,2022-02-19 00:00:00,36.7,37.0,10.5,29.6,11.7,16.9,243.0,0.31,0.69,0.0,46.4,22.2,87.0,19.0,29.873,29.384,29.9,38.0,46.4,0.48900000000000077
1649,2022-02-20 00:00:00,19.8,36.0,-2.9,30.0,12.9,20.2,263.0,0.31,0.69,0.0,24.4,16.2,50.0,27.0,30.102,29.647,33.4,49.5,24.4,0.45500000000000185
1650,2022-02-21 00:00:00,27.5,41.0,6.4,29.9,12.0,18.5,261.0,0.31,0.69,0.0,32.4,20.5,61.0,27.0,30.005,29.856,26.5,39.1,32.4,0.14899999999999736
1651,2022-02-22 00:00:00,28.2,56.0,13.9,29.9,4.5,7.1,248.0,0.31,0.69,0.0,34.0,19.5,81.0,31.0,30.034,29.786,16.1,26.5,34.0,0.24799999999999756
1652,2022-02-23 00:00:00,34.5,44.0,13.0,29.9,12.1,18.0,253.0,0.31,0.69,0.0,44.2,19.4,84.0,24.0,30.034,29.711,33.4,49.5,44.2,0.3230000000000004
1653,2022-02-24 00:00:00,39.1,24.0,5.5,29.7,19.9,29.5,253.0,0.31,0.69,0.0,40.5,37.2,28.0,19.0,29.723,29.671,38.0,47.2,40.5,0.0519999999999996
1654,2022-02-25 00:00:00,3.6,76.0,-2.6,30.3,0.8,1.5,325.0,0.31,0.69,0.0,40.5,1.4,77.0,23.0,30.432,29.707,3.5,4.6,40.5,0.7249999999999979
1655,2022-02-26 00:00:00,29.6,35.0,0.4,30.1,5.8,9.1,255.0,0.37,0.75,0.0,46.8,-0.8,82.0,12.0,30.48,29.843,18.4,26.5,46.8,0.6370000000000005
1656,2022-02-27 00:00:00,40.4,42.0,18.4,29.6,6.3,9.2,251.0,0.37,0.75,0.0,50.4,27.8,60.0,24.0,29.843,29.454,17.3,25.3,50.4,0.38899999999999935
1657,2022-02-28 00:00:00,38.6,46.0,19.2,29.6,13.2,19.8,246.0,0.37,0.75,0.0,42.6,30.3,67.0,31.0,29.646,29.479,26.5,36.8,42.6,0.1670000000000016
1658,2022-03-01 00:00:00,20.8,74.0,13.7,29.8,5.9,8.4,19.0,0.06,0.81,0.0,43.2,9.3,87.0,50.0,30.229,29.474,25.3,29.9,43.2,0.754999999999999
1659,2022-03-02 00:00:00,32.6,54.0,17.0,30.0,4.9,7.3,259.0,0.08,0.83,0.0,40.6,22.7,82.0,34.0,30.271,29.751,20.7,32.2,40.6,0.5199999999999996
1660,2022-03-03 00:00:00,38.1,44.0,17.1,29.9,6.2,9.7,237.0,0.08,0.83,0.0,48.1,25.1,75.0,25.0,30.163,29.824,20.7,29.9,48.1,0.33899999999999864
1661,2022-03-04 00:00:00,38.1,53.0,20.9,29.8,7.8,11.3,242.0,0.08,0.83,0.0,50.5,26.7,91.0,25.0,29.988,29.656,19.6,28.8,50.5,0.33200000000000074
1662,2022-03-05 00:00:00,34.0,54.0,16.0,30.1,6.5,9.9,251.0,0.17,0.92,0.0,46.4,17.3,91.0,23.0,30.278,29.936,20.7,32.2,46.4,0.34199999999999875
1663,2022-03-06 00:00:00,44.5,27.0,11.6,29.8,9.6,14.0,239.0,0.17,0.92,0.0,55.7,38.3,39.0,16.0,29.945,29.635,26.5,34.5,55.7,0.3099999999999987
1664,2022-03-07 00:00:00,31.3,79.0,25.0,29.9,3.1,4.9,144.0,0.3,1.05,0.0,41.3,22.9,91.0,39.0,30.294,29.613,13.8,20.7,41.3,0.6810000000000009
1665,2022-03-08 00:00:00,31.4,63.0,18.5,30.3,1.9,3.3,215.0,0.39,1.14,0.0,45.4,17.0,90.0,27.0,30.45,30.193,18.4,19.6,45.4,0.2569999999999979
1666,2022-03-09 00:00:00,46.8,16.0,1.6,30.0,13.8,19.8,243.0,0.39,1.14,0.0,55.9,38.0,28.0,9.0,30.221,29.904,29.9,44.9,55.9,0.31700000000000017
1667,2022-03-10 00:00:00,49.4,16.0,3.9,29.7,11.8,17.5,242.0,0.39,1.14,0.0,58.7,42.2,25.0,9.0,29.922,29.376,26.5,40.3,58.7,0.5459999999999994
1668,2022-03-11 00:00:00,31.1,51.0,13.6,29.9,9.1,13.3,314.0,0.39,1.14,0.0,48.6,14.8,77.0,18.0,30.455,29.376,27.6,34.5,48.6,1.078999999999997
1669,2022-03-12 00:00:00,27.4,42.0,2.2,30.4,2.7,4.5,260.0,0.39,1.14,0.0,50.5,5.0,77.0,9.0,30.616,30.115,16.1,21.9,50.5,0.5010000000000012
1670,2022-03-13 00:00:00,40.8,21.0,3.0,29.9,11.7,18.0,256.0,0.39,1.14,0.0,50.1,24.4,47.0,14.0,30.115,29.697,28.8,44.9,50.1,0.41799999999999926
1671,2022-03-14 00:00:00,39.8,25.0,5.5,29.9,6.2,9.4,247.0,0.39,1.14,0.0,51.9,22.0,48.0,13.0,30.062,29.745,19.6,26.5,51.9,0.31700000000000017
1672,2022-03-15 00:00:00,33.3,44.0,12.8,30.0,5.4,8.5,269.0,0.39,1.14,0.0,41.1,25.8,79.0,23.0,30.356,29.72,18.4,27.6,41.1,0.6360000000000028
1673,2022-03-16 00:00:00,39.1,30.0,9.3,30.1,12.5,17.3,222.0,0.39,1.14,0.0,53.5,28.8,43.0,16.0,30.306,29.825,29.9,36.8,53.5,0.48100000000000165
1674,2022-03-17 00:00:00,41.5,32.0,11.5,29.5,11.5,17.0,236.0,0.39,1.14,0.0,52.0,25.3,79.0,17.0,29.825,29.18,25.3,36.8,52.0,0.6449999999999996
1675,2022-03-18 00:00:00,27.1,44.0,7.6,29.8,9.4,13.9,275.0,0.39,1.14,0.0,34.3,21.6,69.0,25.0,30.15,29.313,27.6,39.1,34.3,0.8369999999999997
1676,2022-03-19 00:00:00,30.9,37.0,5.0,30.1,8.5,13.1,254.0,0.39,1.14,0.0,44.2,14.0,76.0,18.0,30.187,29.913,27.6,42.6,44.2,0.2740000000000009
1677,2022-03-20 00:00:00,41.3,18.0,0.1,29.8,17.1,25.4,254.0,0.39,1.14,0.0,52.0,32.8,27.0,12.0,29.927,29.692,28.8,41.4,52.0,0.23499999999999943
1678,2022-03-21 00:00:00,35.2,38.0,9.7,29.9,6.5,10.2,211.0,0.39,1.14,0.0,41.8,25.6,73.0,15.0,30.151,29.691,18.4,26.5,41.8,0.46000000000000085
1679,2022-03-22 00:00:00,19.4,82.0,14.8,30.2,3.2,5.3,75.0,0.39,1.14,0.0,25.6,10.4,85.0,69.0,30.535,30.048,9.2,12.7,25.6,0.4870000000000019
1680,2022-03-23 00:00:00,29.2,45.0,6.7,30.2,8.1,12.0,246.0,0.44,1.19,0.0,46.7,2.8,87.0,16.0,30.541,29.971,27.6,43.7,46.7,0.5700000000000003
1681,2022-03-24 00:00:00,30.6,54.0,12.9,30.1,6.5,10.3,15.0,0.44,1.19,0.0,45.8,19.7,83.0,19.0,30.306,30.016,18.4,27.6,45.8,0.2900000000000027
1682,2022-03-25 00:00:00,37.6,47.0,13.5,30.0,5.6,8.4,242.0,0.44,1.19,0.0,57.6,19.4,87.0,11.0,30.309,29.676,23.0,28.8,57.6,0.6330000000000027
1683,2022-03-26 00:00:00,43.0,36.0,15.9,29.4,10.3,15.0,240.0,0.44,1.19,0.0,53.0,27.5,81.0,18.0,29.676,29.194,24.2,35.7,53.0,0.4819999999999993
1684,2022-03-27 00:00:00,34.9,51.0,16.1,29.6,7.7,11.9,256.0,0.44,1.19,0.0,45.7,26.0,90.0,16.0,29.868,29.194,20.7,36.8,45.7,0.6739999999999995
1685,2022-03-28 00:00:00,32.0,43.0,10.9,30.0,9.7,14.9,257.0,0.46,1.21,0.0,41.1,25.6,84.0,25.0,30.168,29.819,20.7,31.1,41.1,0.3490000000000002
1686,2022-03-29 00:00:00,42.3,25.0,8.9,30.0,12.1,17.3,238.0,0.46,1.21,0.0,51.1,33.1,35.0,18.0,30.151,29.751,26.5,42.6,51.1,0.3999999999999986
1687,2022-03-30 00:00:00,46.2,31.0,15.0,29.5,10.2,14.7,233.0,0.47,1.22,0.0,56.6,33.1,86.0,16.0,29.751,29.293,26.5,43.7,56.6,0.45800000000000196
1688,2022-03-31 00:00:00,34.8,39.0,11.1,29.7,13.6,20.2,250.0,0.47,1.22,0.0,42.9,27.0,69.0,19.0,30.004,29.277,34.5,49.5,42.9,0.7270000000000003
1689,2022-04-01 00:00:00,34.1,59.0,20.2,29.8,4.0,6.3,236.0,0.0,1.22,0.0,44.1,23.2,87.0,32.0,29.979,29.658,18.4,26.5,44.1,0.32099999999999795
1690,2022-04-02 00:00:00,33.7,63.0,20.6,29.7,5.9,9.1,244.0,0.0,1.22,0.0,45.9,23.3,86.0,24.0,29.75,29.55,23.0,31.1,45.9,0.1999999999999993
1691,2022-04-03 00:00:00,30.5,59.0,16.7,29.9,5.4,7.9,358.0,0.05,1.27,0.0,39.9,23.2,89.0,26.0,30.151,29.678,20.7,25.3,39.9,0.472999999999999
1692,2022-04-04 00:00:00,31.9,45.0,11.3,30.0,4.7,6.9,255.0,0.05,1.27,0.0,45.9,16.7,78.0,22.0,30.167,29.906,19.6,20.7,45.9,0.2610000000000028
1693,2022-04-05 00:00:00,35.7,51.0,18.2,29.8,4.4,6.6,250.0,0.05,1.27,0.0,48.0,26.0,87.0,23.0,29.93,29.737,17.3,25.3,48.0,0.1930000000000014
1694,2022-04-06 00:00:00,34.2,52.0,15.4,29.9,5.7,9.0,274.0,0.05,1.27,0.0,45.7,21.1,88.0,17.0,30.112,29.831,18.4,29.9,45.7,0.2809999999999988
1695,2022-04-07 00:00:00,35.4,53.0,17.7,30.1,5.2,8.5,300.0,0.08,1.3,0.0,45.8,24.4,87.0,23.0,30.192,29.941,18.4,29.9,45.8,0.2510000000000012
1696,2022-04-08 00:00:00,48.1,32.0,18.0,30.0,8.7,13.4,265.0,0.08,1.3,0.0,59.5,38.3,51.0,16.0,30.141,29.916,16.1,26.5,59.5,0.22499999999999787
1697,2022-04-09 00:00:00,54.0,23.0,16.4,29.8,11.9,18.0,247.0,0.08,1.3,0.0,65.5,46.1,36.0,14.0,29.916,29.585,23.0,40.3,65.5,0.3309999999999995
1698,2022-04-10 00:00:00,50.4,32.0,20.4,29.7,8.8,14.1,261.0,0.08,1.3,0.0,60.5,39.8,60.0,17.0,29.865,29.578,24.2,38.0,60.5,0.28699999999999903
1699,2022-04-11 00:00:00,48.5,37.0,18.4,29.8,5.1,7.8,250.0,0.08,1.3,0.0,65.8,27.2,76.0,11.0,30.041,29.591,17.3,26.5,65.8,0.4499999999999993
1700,2022-04-12 00:00:00,52.7,26.0,16.5,29.5,6.6,9.7,248.0,0.11,1.33,0.0,62.6,40.5,76.0,13.0,29.639,29.376,20.7,31.1,62.6,0.2629999999999981
1701,2022-04-13 00:00:00,23.9,85.0,20.1,29.9,4.2,7.1,84.0,0.17,1.39,0.0,40.3,12.6,91.0,76.0,30.417,29.527,13.8,19.6,40.3,0.8900000000000006
1702,2022-04-14 00:00:00,22.6,53.0,5.9,30.4,4.8,7.5,256.0,0.35,1.57,0.0,35.3,2.8,81.0,26.0,30.61,30.143,18.4,25.3,35.3,0.46699999999999875
1703,2022-04-15 00:00:00,41.1,28.0,10.0,29.8,12.0,18.1,249.0,0.37,1.59,0.0,50.8,30.0,38.0,20.0,30.143,29.488,26.5,40.3,50.8,0.6550000000000011
1704,2022-04-16 00:00:00,38.0,43.0,14.4,29.8,7.7,12.3,251.0,0.37,1.59,0.0,49.6,31.5,84.0,14.0,30.042,29.486,20.7,29.9,49.6,0.5560000000000009
1705,2022-04-21 00:00:00,47.3,54.0,30.6,30.0,1.9,3.8,74.0,0.37,1.59,0.0,57.0,37.0,73.0,20.0,30.045,29.9,8.1,13.8,57.0,0.14500000000000313
1706,2022-04-22 00:00:00,47.4,53.0,28.1,29.8,3.3,5.2,251.0,0.37,1.59,0.0,66.6,30.9,85.0,20.0,30.023,29.397,19.6,31.1,66.6,0.6260000000000012
1707,2022-04-23 00:00:00,46.9,35.0,19.8,29.5,10.2,15.2,248.0,0.37,1.59,0.0,55.7,35.9,68.0,24.0,29.78,29.255,26.5,43.7,55.7,0.5250000000000021
1708,2022-04-24 00:00:00,43.4,25.0,9.0,29.8,11.5,16.9,249.0,0.37,1.59,0.0,57.8,30.9,32.0,16.0,29.935,29.728,24.2,33.4,57.8,0.2069999999999972
1709,2022-04-25 00:00:00,50.2,28.0,17.1,29.6,4.3,7.0,207.0,0.37,1.59,0.0,60.6,39.2,50.0,14.0,29.746,29.461,17.3,26.5,60.6,0.28500000000000014
1710,2022-04-26 00:00:00,51.8,32.0,21.0,29.2,5.5,8.8,231.0,0.37,1.59,0.0,64.6,32.7,60.0,14.0,29.501,29.014,20.7,26.5,64.6,0.4870000000000019
1711,2022-04-27 00:00:00,38.6,41.0,16.8,29.3,14.8,21.8,246.0,0.37,1.59,0.0,43.0,35.5,50.0,36.0,29.536,29.055,29.9,48.3,43.0,0.48100000000000165
1712,2022-04-28 00:00:00,35.3,34.0,9.0,29.7,11.5,17.8,254.0,0.37,1.59,0.0,43.2,31.2,48.0,17.0,29.988,29.536,31.1,40.3,43.2,0.4519999999999982
1713,2022-04-29 00:00:00,34.6,41.0,12.5,30.1,5.8,9.6,294.0,0.37,1.59,0.0,41.6,29.5,75.0,27.0,30.241,29.956,20.7,32.2,41.6,0.28500000000000014
1714,2022-04-30 00:00:00,36.1,37.0,11.4,30.2,6.6,11.0,315.0,0.37,1.59,0.0,46.5,27.9,54.0,22.0,30.307,30.164,25.3,36.8,46.5,0.14299999999999713
1715,2022-05-01 00:00:00,41.9,27.0,8.1,30.1,4.9,8.4,295.0,0.0,1.59,0.0,55.9,26.3,47.0,11.0,30.271,29.946,19.6,29.9,55.9,0.3249999999999993
1716,2022-05-02 00:00:00,53.5,27.0,19.3,29.8,5.7,9.5,284.0,0.0,1.59,0.0,66.2,35.5,44.0,17.0,29.953,29.686,16.1,26.5,66.2,0.26699999999999946
1717,2022-05-03 00:00:00,58.7,21.0,17.1,29.7,7.8,12.0,258.0,0.0,1.59,0.0,71.5,44.1,42.0,9.0,29.798,29.579,25.3,33.4,72.9,0.21899999999999764
1718,2022-05-04 00:00:00,58.3,18.0,11.8,29.6,6.4,10.2,262.0,0.0,1.59,0.0,72.8,41.5,38.0,7.0,29.692,29.508,23.0,34.5,72.9,0.18400000000000105
1719,2022-05-05 00:00:00,54.4,19.0,10.6,29.6,4.8,7.0,238.0,0.0,1.59,0.0,68.3,40.5,38.0,8.0,29.734,29.474,19.6,26.5,70.3,0.26000000000000156
1720,2022-05-06 00:00:00,54.9,23.0,15.7,29.4,4.8,7.8,223.0,0.0,1.59,0.0,67.1,38.4,59.0,11.0,29.514,29.265,21.9,26.5,67.1,0.24899999999999878
1721,2022-05-07 00:00:00,43.2,65.0,31.0,29.5,3.3,5.4,75.0,0.25,1.84,0.0,53.6,34.7,88.0,21.0,29.633,29.314,15.0,18.4,53.6,0.31899999999999906
1722,2022-05-08 00:00:00,39.0,72.0,29.7,29.7,3.4,5.7,75.0,0.28,1.87,0.0,49.2,31.5,92.0,35.0,29.864,29.633,16.1,24.2,49.2,0.23100000000000165
1723,2022-05-09 00:00:00,42.5,53.0,25.7,29.8,6.9,10.4,241.0,0.29,1.88,0.0,54.5,32.8,87.0,30.0,29.842,29.632,25.3,40.3,54.5,0.2099999999999973
1724,2022-05-10 00:00:00,43.3,58.0,28.8,29.7,6.3,9.3,239.0,0.35,1.94,0.0,52.8,34.6,88.0,34.0,29.782,29.594,20.7,27.6,52.8,0.18799999999999883
1725,2022-05-11 00:00:00,31.2,90.0,28.5,29.9,0.6,1.0,74.0,0.78,2.37,0.0,40.6,25.8,93.0,85.0,30.151,29.575,10.4,17.3,40.6,0.5760000000000005
1726,2022-05-12 00:00:00,26.8,75.0,19.6,30.3,3.9,5.7,47.0,0.99,2.58,0.0,32.2,18.8,89.0,57.0,30.558,30.126,18.4,24.2,32.2,0.4319999999999986
1727,2022-05-13 00:00:00,29.1,58.0,15.1,30.5,1.8,3.3,277.0,1.06,2.65,0.0,42.1,12.9,83.0,31.0,30.618,30.457,11.5,16.1,42.1,0.1609999999999978
1728,2022-05-14 00:00:00,39.0,44.0,17.7,30.3,5.0,8.1,297.0,1.06,2.65,0.0,50.9,29.4,72.0,21.0,30.457,30.187,21.9,32.2,50.9,0.2699999999999996
1729,2022-05-15 00:00:00,40.0,63.0,27.6,30.2,2.3,4.0,41.0,1.06,2.65,0.0,52.8,26.4,86.0,33.0,30.29,30.022,17.3,26.5,52.8,0.2680000000000007
1730,2022-05-16 00:00:00,47.2,60.0,31.6,29.9,4.1,7.1,285.0,1.23,2.82,0.0,58.3,34.0,90.0,22.0,30.025,29.802,15.0,25.3,58.3,0.22299999999999898
1731,2022-05-17 00:00:00,49.0,68.0,37.0,29.8,3.1,5.3,288.0,1.28,2.87,0.0,62.5,36.9,94.0,26.0,30.03,29.738,17.3,27.6,62.5,0.2920000000000016
1732,2022-05-18 00:00:00,56.1,44.0,26.7,29.6,4.7,7.1,237.0,1.28,2.87,0.0,72.7,33.8,92.0,13.0,29.828,29.341,21.9,28.8,74.6,0.4869999999999983
1733,2022-05-19 00:00:00,55.8,34.0,22.6,29.5,6.6,9.9,240.0,1.28,2.87,0.0,71.5,34.7,68.0,11.0,29.653,29.424,24.2,34.5,73.2,0.2289999999999992
1734,2022-05-20 00:00:00,54.2,62.0,41.0,29.7,2.8,5.5,116.0,1.28,2.87,0.0,62.8,44.2,81.0,45.0,29.784,29.616,11.5,19.6,62.8,0.16799999999999926
1735,2022-05-21 00:00:00,50.0,74.0,41.8,29.9,1.9,3.6,71.0,1.34,2.93,0.0,61.5,40.9,89.0,48.0,29.998,29.782,12.7,19.6,61.5,0.21600000000000108
1736,2022-05-22 00:00:00,52.2,69.0,41.2,29.9,1.7,3.4,116.0,1.34,2.93,0.0,68.6,39.8,89.0,22.0,30.029,29.838,10.4,16.1,75.8,0.19099999999999895
1737,2022-05-23 00:00:00,49.9,73.0,40.7,29.9,2.6,4.7,69.0,1.45,3.04,0.0,64.0,37.0,92.0,37.0,30.03,29.815,11.5,19.6,64.0,0.21499999999999986
1738,2022-05-24 00:00:00,49.8,78.0,42.5,29.8,3.4,5.5,108.0,1.76,3.35,0.0,61.6,39.9,94.0,54.0,29.895,29.73,13.8,18.4,61.6,0.16499999999999915
1739,2022-05-25 00:00:00,46.6,81.0,40.7,29.8,2.7,4.5,326.0,2.04,3.63,0.0,58.7,37.3,93.0,47.0,29.984,29.76,18.4,26.5,58.7,0.2240000000000002
1740,2022-05-28 00:00:00,41.9,65.0,30.6,29.7,0.8,1.6,276.0,2.04,3.63,0.0,58.6,17.0,72.0,46.0,29.921,29.457,3.5,4.6,58.6,0.46399999999999864
1741,2022-05-29 00:00:00,52.3,55.0,34.2,29.7,3.4,5.2,280.0,2.06,3.65,0.0,77.0,13.3,80.0,19.0,29.911,29.386,19.6,28.8,77.4,0.5250000000000021
1742,2022-05-30 00:00:00,52.7,78.0,45.7,29.8,1.9,3.1,66.0,2.33,3.92,0.0,64.2,25.2,92.0,46.0,29.985,29.665,13.8,19.6,64.2,0.3200000000000003
1743,2022-05-31 00:00:00,57.4,59.0,41.0,29.8,4.2,6.5,286.0,2.33,3.92,0.0,73.2,42.3,93.0,22.0,29.985,29.619,16.1,26.5,77.2,0.36599999999999966
1744,2022-06-01 00:00:00,59.4,44.0,32.6,29.6,5.5,8.8,270.0,0.0,3.92,0.0,75.1,43.6,87.0,13.0,29.769,29.518,24.2,31.1,75.6,0.25099999999999767
1745,2022-06-02 00:00:00,59.2,55.0,39.5,29.7,3.2,5.4,86.0,0.0,3.92,0.0,76.0,45.4,86.0,12.0,29.81,29.649,13.8,20.7,77.4,0.1609999999999978
1746,2022-06-03 00:00:00,62.2,35.0,27.5,29.6,7.0,10.5,248.0,0.0,3.92,0.0,76.8,40.6,76.0,11.0,29.704,29.458,28.8,47.2,76.4,0.24600000000000222
1747,2022-06-04 00:00:00,57.8,39.0,31.9,29.7,2.8,5.1,87.0,0.0,3.92,0.0,71.9,37.0,62.0,17.0,29.8,29.554,12.7,19.6,77.0,0.24600000000000222
1748,2022-06-05 00:00:00,54.6,58.0,38.7,29.8,2.4,4.1,51.0,0.0,3.92,0.0,68.1,37.8,85.0,22.0,29.833,29.659,20.7,28.8,77.2,0.1739999999999995
1749,2022-06-06 00:00:00,54.3,59.0,37.5,29.7,3.1,5.1,14.0,0.02,3.94,0.0,72.1,36.9,92.0,17.0,29.836,29.598,19.6,27.6,76.3,0.23799999999999955
1750,2022-06-07 00:00:00,50.9,78.0,44.0,29.8,2.3,4.3,93.0,0.02,3.94,0.0,61.0,41.3,92.0,48.0,29.907,29.748,11.5,16.1,61.0,0.15899999999999892
1751,2022-06-08 00:00:00,47.0,75.0,39.3,29.8,2.9,4.7,2.0,0.04,3.96,0.0,56.9,37.8,93.0,48.0,29.98,29.698,17.3,26.5,56.9,0.28200000000000003
1752,2022-06-09 00:00:00,50.5,40.0,25.5,29.9,3.5,6.1,46.0,0.04,3.96,0.0,62.6,33.8,76.0,17.0,30.094,29.787,20.7,26.5,62.6,0.30700000000000216
1753,2022-06-10 00:00:00,59.4,36.0,29.1,29.7,5.8,9.3,264.0,0.04,3.96,0.0,76.5,37.0,78.0,11.0,29.874,29.496,23.0,35.7,76.1,0.3780000000000001
1754,2022-06-11 00:00:00,57.5,51.0,36.3,29.6,4.4,7.1,274.0,0.12,4.04,0.0,74.4,45.4,89.0,18.0,29.825,29.472,18.4,27.6,75.7,0.352999999999998
1755,2022-06-12 00:00:00,54.5,76.0,46.8,29.9,2.5,4.6,80.0,0.12,4.04,0.0,65.3,45.5,94.0,57.0,30.0,29.76,15.0,21.9,65.3,0.23999999999999844
1756,2022-06-13 00:00:00,60.6,44.0,29.8,29.6,7.2,10.7,249.0,0.12,4.04,0.0,77.4,38.9,93.0,10.0,29.836,29.323,25.3,35.7,76.6,0.5129999999999981
1757,2022-06-14 00:00:00,53.7,43.0,28.7,29.5,4.7,7.7,255.0,0.12,4.04,0.0,69.9,38.3,76.0,15.0,29.656,29.36,27.6,34.5,74.6,0.2959999999999994
1758,2022-06-15 00:00:00,52.8,43.0,27.1,29.7,5.8,8.9,251.0,0.12,4.04,0.0,68.8,34.3,80.0,15.0,29.787,29.587,23.0,33.4,73.2,0.1999999999999993
1759,2022-06-16 00:00:00,59.1,30.0,21.6,29.5,7.3,10.7,232.0,0.12,4.04,0.0,75.6,35.6,72.0,12.0,29.616,29.383,24.2,34.5,75.4,0.23300000000000054
1760,2022-06-17 00:00:00,59.6,30.0,25.0,29.5,4.8,7.8,217.0,0.12,4.04,0.0,74.6,36.5,68.0,15.0,29.628,29.337,16.1,24.2,75.8,0.29100000000000037
1761,2022-06-18 00:00:00,56.4,42.0,31.1,29.6,5.3,8.5,258.0,0.12,4.04,0.0,67.8,43.6,84.0,20.0,29.746,29.414,16.1,24.2,67.8,0.3319999999999972
1762,2022-06-19 00:00:00,56.4,37.0,25.7,29.9,6.9,10.5,244.0,0.12,4.04,0.0,72.3,40.8,89.0,12.0,29.981,29.744,19.6,29.9,74.2,0.23700000000000188
1763,2022-06-20 00:00:00,59.0,38.0,28.7,29.8,3.6,5.6,208.0,0.12,4.04,0.0,78.3,35.2,77.0,9.0,29.983,29.664,16.1,19.6,77.1,0.31899999999999906
1764,2022-06-21 00:00:00,58.5,44.0,34.9,29.7,2.7,4.6,2.0,0.12,4.04,0.0,75.4,39.8,71.0,17.0,29.849,29.587,26.5,34.5,76.9,0.26200000000000045
1765,2022-06-22 00:00:00,58.1,47.0,35.9,29.7,3.9,6.4,229.0,0.12,4.04,0.0,72.8,45.4,77.0,17.0,29.859,29.631,19.6,27.6,77.4,0.22800000000000153
1766,2022-06-23 00:00:00,55.9,66.0,43.5,29.8,4.0,6.6,55.0,0.12,4.04,0.0,68.6,39.1,91.0,35.0,29.923,29.749,15.0,21.9,77.5,0.1739999999999995
1767,2022-06-24 00:00:00,58.7,65.0,46.2,29.8,3.5,6.0,66.0,0.12,4.04,0.0,69.8,47.4,92.0,41.0,29.892,29.745,16.1,19.6,77.5,0.14699999999999847
1768,2022-06-25 00:00:00,62.0,52.0,41.5,29.7,2.6,4.5,58.0,0.12,4.04,0.0,80.2,46.0,88.0,13.0,29.836,29.593,13.8,19.6,78.5,0.24299999999999855
1769,2022-06-26 00:00:00,65.5,39.0,32.4,29.5,4.6,7.3,245.0,0.12,4.04,0.0,84.4,42.2,91.0,11.0,29.688,29.237,18.4,27.6,81.4,0.4510000000000005
1770,2022-06-27 00:00:00,61.9,34.0,32.4,29.4,5.6,9.0,258.0,0.12,4.04,0.0,73.3,51.4,60.0,21.0,29.52,29.302,23.0,50.6,77.4,0.21799999999999997
1771,2022-06-28 00:00:00,60.6,32.0,28.7,29.6,8.3,13.1,253.0,0.12,4.04,0.0,74.0,50.2,69.0,15.0,29.719,29.49,21.9,33.4,75.4,0.22900000000000276
1772,2022-06-29 00:00:00,65.0,30.0,28.8,29.6,4.7,7.4,250.0,0.12,4.04,0.0,83.9,38.9,68.0,12.0,29.784,29.487,20.7,31.1,81.0,0.2970000000000006
1773,2022-06-30 00:00:00,65.1,32.0,29.9,29.6,4.8,8.3,292.0,0.12,4.04,0.0,83.2,45.1,64.0,11.0,29.751,29.507,15.0,27.6,80.5,0.24399999999999977
1774,2022-07-01 00:00:00,56.0,49.0,36.1,29.9,2.8,5.1,105.0,0.0,4.04,0.0,67.8,38.3,77.0,33.0,30.012,29.751,15.0,20.7,67.8,0.26099999999999923
1775,2022-07-02 00:00:00,60.4,53.0,42.7,29.9,2.8,5.2,102.0,0.0,4.04,0.0,71.6,49.6,76.0,36.0,29.996,29.813,11.5,19.6,77.5,0.18299999999999983
1776,2022-07-03 00:00:00,62.1,54.0,41.8,29.8,2.5,4.4,52.0,0.13,4.17,0.0,81.1,41.8,90.0,17.0,29.954,29.706,18.4,24.2,79.4,0.2480000000000011
1777,2022-07-04 00:00:00,61.7,54.0,41.3,29.9,4.7,7.3,267.0,0.24,4.28,0.0,80.9,47.3,87.0,18.0,29.963,29.767,18.4,27.6,79.1,0.1960000000000015
1778,2022-07-05 00:00:00,64.4,47.0,39.1,29.9,3.7,5.9,260.0,0.25,4.29,0.0,82.2,45.4,92.0,16.0,30.039,29.715,20.7,27.6,80.1,0.3240000000000016
1779,2022-07-06 00:00:00,67.4,37.0,36.8,29.8,2.9,4.9,335.0,0.25,4.29,0.0,86.7,46.8,67.0,13.0,29.919,29.597,16.1,21.9,83.2,0.3219999999999992
1780,2022-07-07 00:00:00,68.1,46.0,38.5,29.7,4.6,7.6,321.0,0.37,4.41,0.0,91.6,45.5,90.0,9.0,29.83,29.606,19.6,29.9,87.3,0.22399999999999665
1781,2022-07-08 00:00:00,61.9,67.0,50.0,29.8,3.0,5.3,72.0,0.38,4.42,0.0,74.9,53.9,87.0,43.0,29.984,29.704,11.5,17.3,77.6,0.28000000000000114
1782,2022-07-09 00:00:00,65.6,49.0,42.7,29.7,3.8,6.2,276.0,0.38,4.42,0.0,84.0,45.7,90.0,15.0,29.861,29.551,21.9,32.2,81.1,0.3100000000000023
1783,2022-07-10 00:00:00,72.2,32.0,38.9,29.6,4.8,7.8,252.0,0.4,4.44,0.0,83.4,59.7,80.0,17.0,29.641,29.495,15.0,21.9,80.8,0.14599999999999724
1784,2022-07-11 00:00:00,66.0,58.0,49.2,29.7,4.4,6.8,255.0,0.49,4.53,0.0,78.0,57.2,89.0,28.0,29.843,29.593,13.8,19.6,78.0,0.25
1785,2022-07-12 00:00:00,60.3,79.0,53.3,29.9,3.2,5.3,44.0,1.44,5.48,0.0,70.3,52.3,91.0,51.0,30.041,29.795,18.4,24.2,76.3,0.24599999999999866
1786,2022-07-13 00:00:00,59.6,75.0,50.8,30.0,2.4,4.1,45.0,1.66,5.7,0.0,75.6,45.1,94.0,44.0,30.149,29.882,17.3,26.5,77.8,0.26699999999999946
1787,2022-07-14 00:00:00,59.6,72.0,49.2,30.0,1.8,3.3,82.0,1.73,5.77,0.0,71.9,47.4,95.0,36.0,30.089,29.909,10.4,17.3,77.5,0.17999999999999972
1788,2022-07-15 00:00:00,58.6,74.0,49.9,29.8,3.1,5.1,57.0,1.92,5.96,0.0,71.1,47.6,93.0,49.0,30.0,29.679,20.7,31.1,77.1,0.3210000000000015
1789,2022-07-16 00:00:00,55.0,84.0,49.8,29.8,2.3,4.0,70.0,2.19,6.23,0.0,68.4,49.6,94.0,51.0,29.865,29.673,13.8,18.4,77.2,0.19200000000000017
1790,2022-07-17 00:00:00,55.7,78.0,48.5,29.8,1.7,3.3,112.0,2.2,6.24,0.0,67.1,43.3,95.0,57.0,29.963,29.766,10.4,13.8,67.1,0.19700000000000273
1791,2022-07-18 00:00:00,60.7,58.0,42.7,29.8,2.7,4.7,296.0,2.21,6.25,0.0,78.1,44.1,94.0,21.0,29.826,29.629,15.0,24.2,77.7,0.19699999999999918
1792,2022-07-19 00:00:00,65.4,44.0,37.3,29.7,2.7,4.7,287.0,2.21,6.25,0.0,84.3,43.9,83.0,12.0,29.838,29.583,13.8,19.6,81.5,0.25500000000000256
1793,2022-07-20 00:00:00,66.5,41.0,38.0,29.7,3.5,5.6,255.0,2.21,6.25,0.0,87.4,44.9,74.0,15.0,29.841,29.636,17.3,25.3,83.9,0.20500000000000185
1794,2022-07-21 00:00:00,68.4,39.0,39.9,29.7,3.5,5.6,275.0,2.21,6.25,0.0,86.1,52.6,65.0,17.0,29.822,29.659,13.8,20.7,83.1,0.16300000000000026
1795,2022-07-22 00:00:00,67.3,45.0,42.6,29.9,3.0,5.2,52.0,2.21,6.25,0.0,82.8,46.1,73.0,12.0,29.986,29.817,13.8,21.9,80.8,0.16900000000000048
1796,2022-07-23 00:00:00,64.4,63.0,50.7,29.9,2.9,4.9,18.0,2.26,6.3,0.0,81.2,48.6,87.0,33.0,30.036,29.782,17.3,21.9,81.9,0.25400000000000134
1797,2022-07-24 00:00:00,72.5,35.0,42.0,29.7,7.7,11.9,259.0,2.26,6.3,0.0,81.8,55.4,64.0,24.0,29.865,29.507,24.2,33.4,80.0,0.357999999999997
1798,2022-07-25 00:00:00,71.0,39.0,43.7,29.6,7.0,10.5,244.0,2.39,6.43,0.0,84.3,59.9,85.0,20.0,29.752,29.524,18.4,27.6,81.7,0.22799999999999798
1799,2022-07-26 00:00:00,67.7,46.0,45.2,29.7,4.3,6.7,255.0,2.45,6.49,0.0,79.8,53.8,79.0,27.0,29.892,29.578,17.3,24.2,79.1,0.31400000000000006
1800,2022-07-27 00:00:00,59.2,74.0,50.6,30.0,3.0,4.8,27.0,2.62,6.66,0.0,71.8,44.6,91.0,54.0,30.143,29.836,15.0,18.4,76.8,0.30700000000000216
1801,2022-07-28 00:00:00,61.7,72.0,51.4,30.0,2.1,3.6,33.0,2.64,6.68,0.0,75.1,47.6,95.0,36.0,30.12,29.858,10.4,17.3,77.7,0.26200000000000045
1802,2022-07-29 00:00:00,56.9,83.0,51.4,29.9,1.3,2.5,190.0,3.08,7.12,0.0,71.6,50.0,93.0,48.0,29.991,29.82,10.4,13.8,77.0,0.17099999999999937
1803,2022-07-30 00:00:00,62.9,58.0,44.8,29.8,3.3,5.5,286.0,4.0,8.04,0.0,91.6,38.3,95.0,9.0,30.149,29.495,24.2,33.4,87.3,0.6539999999999999
1804,2022-07-31 00:00:00,56.2,71.0,46.0,30.0,1.2,2.5,183.0,4.0,8.04,0.0,68.3,45.2,92.0,44.0,30.107,29.935,10.4,12.7,77.5,0.1720000000000006
1805,2022-08-01 00:00:00,60.6,55.0,43.4,30.0,2.0,3.8,134.0,0.0,8.04,0.0,67.9,46.4,82.0,40.0,30.067,29.963,10.4,16.1,67.9,0.1039999999999992
1806,2022-08-02 00:00:00,65.7,43.0,40.1,30.0,3.0,6.1,69.0,0.0,8.04,0.0,74.2,39.2,91.0,20.0,30.137,29.909,11.5,16.1,76.9,0.22800000000000153
1807,2022-08-03 00:00:00,61.2,56.0,43.3,29.9,1.7,3.2,57.0,0.0,8.04,0.0,77.2,42.9,89.0,25.0,30.005,29.778,10.4,13.8,78.0,0.2270000000000003
1808,2022-08-04 00:00:00,59.1,65.0,46.3,29.8,2.3,3.8,302.0,0.05,8.09,0.0,74.4,45.7,86.0,31.0,30.021,29.764,13.8,19.6,77.5,0.25700000000000145
1809,2022-08-05 00:00:00,58.3,74.0,48.9,29.9,2.7,4.5,300.0,0.16,8.2,0.0,73.0,49.2,89.0,34.0,29.954,29.786,20.7,26.5,77.5,0.16799999999999926
1810,2022-08-06 00:00:00,64.0,51.0,42.3,29.8,5.7,8.7,251.0,0.16,8.2,0.0,78.1,49.4,85.0,15.0,29.914,29.694,17.3,25.3,77.4,0.22000000000000242
1811,2022-08-07 00:00:00,58.7,62.0,44.5,29.8,2.3,3.9,360.0,0.2,8.24,0.0,76.5,46.1,88.0,28.0,29.949,29.719,15.0,19.6,77.6,0.23000000000000043
1812,2022-08-08 00:00:00,58.0,56.0,39.7,29.9,2.5,4.2,279.0,0.2,8.24,0.0,74.2,39.6,91.0,22.0,29.977,29.766,17.3,31.1,77.5,0.21100000000000207
1813,2022-08-09 00:00:00,59.1,57.0,40.7,29.9,2.8,4.7,234.0,0.2,8.24,0.0,79.6,42.5,89.0,20.0,29.987,29.799,16.1,26.5,78.7,0.18799999999999883
1814,2022-08-10 00:00:00,56.0,71.0,46.2,30.0,1.6,2.9,5.0,0.31,8.35,0.0,66.8,43.6,91.0,50.0,30.158,29.925,10.4,12.7,66.8,0.23300000000000054
1815,2022-08-11 00:00:00,58.5,59.0,41.6,30.1,1.8,3.4,96.0,0.32,8.36,0.0,74.4,40.1,94.0,27.0,30.234,29.999,11.5,18.4,77.4,0.23500000000000298
1816,2022-08-12 00:00:00,61.7,51.0,39.8,30.0,1.7,3.1,139.0,0.32,8.36,0.0,79.4,40.9,88.0,19.0,30.09,29.824,9.2,24.2,78.5,0.26599999999999824
1817,2022-08-13 00:00:00,62.0,59.0,46.2,29.8,2.0,3.4,277.0,0.37,8.41,0.0,80.9,47.9,81.0,26.0,29.952,29.669,17.3,21.9,79.7,0.28300000000000125
1818,2022-08-14 00:00:00,63.1,61.0,48.9,29.7,1.7,3.0,276.0,0.38,8.42,0.0,74.2,53.8,81.0,36.0,29.778,29.621,12.7,20.7,77.5,0.15700000000000003
1819,2022-08-15 00:00:00,64.1,48.0,42.9,29.8,5.4,8.2,244.0,0.38,8.42,0.0,77.1,49.9,76.0,27.0,29.871,29.71,16.1,25.3,77.8,0.1609999999999978
1820,2022-08-16 00:00:00,67.8,34.0,35.5,29.8,3.4,5.8,281.0,0.38,8.42,0.0,83.4,51.4,57.0,14.0,29.894,29.693,12.7,19.6,80.7,0.20229999999999696
1821,2022-08-17 00:00:00,63.8,40.0,34.0,29.8,2.3,4.1,283.0,0.38,8.42,0.0,84.5,42.9,74.0,10.0,29.926,29.719,12.7,20.7,81.5,0.2069999999999972
1822,2022-08-18 00:00:00,61.4,44.0,36.6,29.8,2.6,4.3,223.0,0.38,8.42,0.0,79.9,42.1,76.0,13.0,29.868,29.669,17.3,29.9,78.3,0.19899999999999807
1823,2022-08-19 00:00:00,61.5,49.0,39.0,29.7,3.7,6.0,261.0,0.38,8.42,0.0,77.7,43.2,86.0,20.0,29.763,29.481,17.3,26.5,77.6,0.28200000000000003
1824,2022-08-20 00:00:00,64.8,44.0,41.1,29.6,6.0,9.1,263.0,0.38,8.42,0.0,77.0,53.2,72.0,24.0,29.681,29.474,20.7,27.6,77.4,0.20700000000000074
1825,2022-08-21 00:00:00,64.3,43.0,40.1,29.7,5.6,8.5,265.0,0.38,8.42,0.0,77.6,53.9,60.0,22.0,29.783,29.6,15.0,21.9,77.5,0.18299999999999983
1826,2022-08-22 00:00:00,58.8,71.0,48.5,29.8,1.5,2.9,112.0,0.44,8.48,0.0,67.2,50.7,91.0,44.0,29.925,29.675,8.1,13.8,67.2,0.25
1827,2022-08-23 00:00:00,57.2,56.0,40.1,29.7,7.5,11.5,258.0,0.53,8.57,0.0,68.1,48.2,93.0,32.0,29.729,29.6,21.9,33.4,77.4,0.12899999999999778
1828,2022-08-24 00:00:00,59.2,36.0,31.1,29.7,8.1,11.7,258.0,0.53,8.57,0.0,70.6,49.5,62.0,20.0,29.849,29.675,19.6,27.6,75.9,0.1739999999999995
1829,2022-08-25 00:00:00,56.7,64.0,43.9,29.9,1.9,3.6,126.0,0.6,8.64,0.0,70.9,45.5,90.0,36.0,29.985,29.783,9.2,11.5,77.5,0.20229999999999818
1830,2022-08-26 00:00:00,55.0,71.0,44.3,29.9,1.9,3.4,320.0,0.6,8.64,0.0,73.9,42.1,93.0,26.0,30.05,29.835,15.0,18.4,77.5,0.21499999999999986
1831,2022-08-27 00:00:00,57.1,63.0,42.6,29.9,4.0,6.4,274.0,0.68,8.72,0.0,70.3,49.2,92.0,28.0,29.941,29.771,19.6,28.8,77.4,0.16999999999999815
1832,2022-08-28 00:00:00,56.8,51.0,38.6,29.8,4.3,7.0,275.0,0.68,8.72,0.0,67.1,51.6,67.0,34.0,29.951,29.764,13.8,19.6,67.1,0.18700000000000117
1833,2022-08-29 00:00:00,58.0,53.0,39.9,29.8,3.8,6.1,288.0,0.68,8.72,0.0,73.0,45.7,82.0,25.0,29.904,29.747,17.3,21.9,77.4,0.15700000000000003
1834,2022-08-30 00:00:00,56.3,60.0,38.9,29.8,3.8,6.0,272.0,0.73,8.77,0.0,77.2,39.9,90.0,21.0,29.971,29.66,19.6,29.9,77.3,0.31099999999999994
1835,2022-08-31 00:00:00,54.6,63.0,40.4,29.7,4.0,6.4,269.0,0.79,8.83,0.0,71.1,44.2,92.0,27.0,29.786,29.587,19.6,33.4,77.4,0.19900000000000162
1836,2022-09-01 00:00:00,54.4,50.0,31.4,29.8,3.4,5.8,283.0,0.0,8.83,0.0,71.3,36.0,92.0,19.0,29.898,29.741,15.0,25.3,75.3,0.15700000000000003
1837,2022-09-02 00:00:00,58.3,44.0,30.6,29.8,3.6,6.0,291.0,0.0,8.83,0.0,82.6,33.4,84.0,13.0,29.986,29.634,20.7,28.8,80.2,0.3520000000000003
1838,2022-09-03 00:00:00,63.0,38.0,30.6,29.6,5.1,7.6,273.0,0.0,8.83,0.0,82.7,39.6,78.0,11.0,29.745,29.464,20.7,31.1,80.1,0.28100000000000236
1839,2022-09-04 00:00:00,57.6,51.0,38.0,29.7,3.1,5.3,50.0,0.09,8.92,0.0,70.4,48.6,91.0,27.0,29.903,29.523,15.0,19.6,77.5,0.379999999999999
1840,2022-09-05 00:00:00,48.8,88.0,45.3,30.1,2.3,4.1,68.0,0.2,9.03,0.0,54.7,45.1,92.0,70.0,30.194,29.9,11.5,12.7,54.7,0.2940000000000005
1841,2022-09-06 00:00:00,52.7,74.0,43.6,30.1,1.7,3.2,98.0,0.2,9.03,0.0,67.3,37.5,95.0,42.0,30.248,29.989,10.4,13.8,67.3,0.25900000000000034
1842,2022-09-07 00:00:00,56.3,57.0,37.2,29.9,3.4,5.3,278.0,0.21,9.04,0.0,77.2,37.9,93.0,15.0,30.054,29.733,17.3,26.5,77.1,0.32099999999999795
1843,2022-09-08 00:00:00,56.9,56.0,40.1,29.8,3.8,6.2,259.0,0.21,9.04,0.0,72.8,42.3,82.0,27.0,29.909,29.639,13.8,24.2,77.3,0.2699999999999996
1844,2022-09-09 00:00:00,57.0,64.0,44.3,29.6,4.6,7.0,263.0,0.35,9.18,0.0,68.6,49.8,92.0,40.0,29.687,29.493,18.4,24.2,77.4,0.19400000000000261
1845,2022-09-10 00:00:00,54.4,63.0,39.2,29.8,3.1,5.1,285.0,0.49,9.32,0.0,68.4,46.2,94.0,23.0,29.891,29.689,16.1,25.3,75.8,0.20229999999999818
1846,2022-09-11 00:00:00,44.8,79.0,38.2,30.0,4.5,7.5,56.0,0.52,9.35,0.0,54.7,30.9,92.0,55.0,30.298,29.746,12.7,16.1,54.7,0.5519999999999996
1847,2022-09-12 00:00:00,34.8,78.0,28.1,30.4,2.0,3.8,67.0,0.53,9.36,0.0,48.3,26.9,90.0,45.0,30.485,30.26,8.1,11.5,48.3,0.22499999999999787
1848,2022-09-13 00:00:00,52.9,44.0,26.4,30.0,4.0,6.6,283.0,0.53,9.36,0.0,74.1,25.7,89.0,13.0,30.302,29.765,17.3,25.3,75.6,0.536999999999999
1849,2022-09-14 00:00:00,53.8,52.0,31.5,29.9,3.1,5.1,275.0,0.53,9.36,0.0,78.1,32.7,91.0,15.0,30.136,29.81,21.9,29.9,77.1,0.3260000000000005
1850,2022-09-15 00:00:00,52.7,62.0,38.7,30.0,2.2,3.7,39.0,0.53,9.36,0.0,69.9,36.3,87.0,35.0,30.158,29.865,11.5,16.1,77.4,0.2930000000000028
1851,2022-09-16 00:00:00,57.4,50.0,33.6,30.0,2.3,4.1,327.0,0.53,9.36,0.0,80.7,36.5,87.0,14.0,30.151,29.815,13.8,20.7,78.9,0.3359999999999985
1852,2022-09-17 00:00:00,55.8,52.0,35.2,29.8,2.3,3.9,97.0,0.54,9.37,0.0,80.1,38.5,77.0,14.0,29.999,29.748,21.9,27.6,78.4,0.25099999999999767
1853,2022-09-20 00:00:00,65.1,46.0,42.6,30.0,3.9,6.6,84.0,0.54,9.37,0.0,75.1,53.9,67.0,25.0,30.057,29.898,16.1,19.6,77.3,0.15899999999999892
1854,2022-09-21 00:00:00,56.0,60.0,42.1,30.0,2.6,4.4,50.0,0.54,9.37,0.0,68.6,46.2,83.0,41.0,30.113,29.914,11.5,17.3,77.5,0.19899999999999807
1855,2022-09-22 00:00:00,54.1,70.0,43.4,29.9,3.6,5.8,265.0,0.69,9.52,0.0,67.8,44.1,91.0,32.0,30.025,29.776,15.0,21.9,67.8,0.24899999999999878
1856,2022-09-23 00:00:00,57.2,55.0,39.4,29.9,3.4,5.8,288.0,0.7,9.53,0.0,73.2,45.1,91.0,28.0,29.986,29.804,20.7,31.1,76.8,0.18200000000000216
1857,2022-09-24 00:00:00,58.0,51.0,37.3,30.0,1.7,3.3,135.0,0.7,9.53,0.0,74.6,42.6,78.0,21.0,30.089,29.917,8.1,12.7,77.0,0.17199999999999704
1858,2022-09-25 00:00:00,58.2,52.0,36.9,29.9,1.6,3.0,154.0,0.7,9.53,0.0,79.1,37.6,89.0,21.0,30.146,29.781,9.2,12.7,78.2,0.365000000000002
1859,2022-09-26 00:00:00,60.6,48.0,37.2,29.8,1.8,3.3,124.0,0.7,9.53,0.0,82.2,40.1,85.0,17.0,29.956,29.65,13.8,17.3,80.0,0.30600000000000094
1860,2022-09-27 00:00:00,58.4,48.0,35.6,29.7,2.2,4.0,85.0,0.7,9.53,0.0,77.6,39.8,82.0,21.0,29.839,29.595,11.5,18.4,77.6,0.24399999999999977
1861,2022-09-28 00:00:00,49.5,73.0,40.9,29.8,2.2,3.8,107.0,1.03,9.86,0.0,64.2,37.2,93.0,50.0,29.949,29.687,11.5,18.4,64.2,0.26200000000000045
1862,2022-09-29 00:00:00,48.4,79.0,42.1,29.7,2.6,4.5,283.0,1.13,9.96,0.0,56.2,41.6,94.0,56.0,29.875,29.596,11.5,19.6,56.2,0.2789999999999999
1863,2022-09-30 00:00:00,47.3,51.0,29.7,29.7,9.9,15.3,255.0,1.13,9.96,0.0,55.6,43.6,64.0,37.0,29.738,29.585,23.0,34.5,55.6,0.1529999999999987
1864,2022-10-01 00:00:00,45.6,60.0,31.8,29.7,3.2,5.7,259.0,0.15,10.11,0.0,54.4,38.1,89.0,38.0,29.884,29.619,13.8,25.3,54.4,0.26500000000000057
1865,2022-10-02 00:00:00,44.2,39.0,19.9,30.0,7.6,12.4,271.0,0.16,10.12,0.0,53.5,36.6,80.0,27.0,30.058,29.879,21.9,34.5,53.5,0.1789999999999985
1866,2022-10-03 00:00:00,44.6,43.0,18.8,30.2,7.1,11.1,320.0,0.16,10.12,0.0,58.7,26.6,86.0,15.0,30.295,30.022,18.4,34.5,58.7,0.27300000000000324
1867,2022-10-04 00:00:00,54.9,25.0,19.6,29.9,8.7,14.4,298.0,0.16,10.12,0.0,68.3,47.3,33.0,15.0,30.023,29.747,19.6,34.5,73.5,0.2759999999999998
1868,2022-10-05 00:00:00,55.0,32.0,24.3,29.8,6.9,11.1,287.0,0.16,10.12,0.0,66.9,45.8,46.0,17.0,29.88,29.699,17.3,26.5,66.9,0.18099999999999739
1869,2022-10-06 00:00:00,58.8,27.0,24.4,29.7,11.9,18.9,291.0,0.16,10.12,0.0,64.5,56.7,28.0,22.0,29.794,29.662,19.6,33.4,64.5,0.13200000000000145
1870,2022-10-07 00:00:00,57.5,31.0,25.4,29.8,7.8,11.8,272.0,0.16,10.12,0.0,70.4,38.6,62.0,18.0,29.937,29.656,29.9,34.5,75.2,0.28100000000000236
1871,2022-10-08 00:00:00,50.4,49.0,29.4,29.9,1.2,2.3,144.0,0.16,10.12,0.0,71.6,34.9,74.0,15.0,30.063,29.749,10.4,16.1,74.9,0.31400000000000006
1872,2022-10-09 00:00:00,43.5,76.0,36.2,30.0,1.5,2.6,115.0,0.73,10.69,0.0,53.1,38.3,92.0,54.0,30.131,29.767,11.5,18.4,53.1,0.36400000000000077
1873,2022-10-10 00:00:00,43.1,83.0,37.9,30.1,1.3,2.6,141.0,0.74,10.7,0.0,53.1,36.5,94.0,57.0,30.187,30.011,8.1,12.7,53.1,0.17600000000000193
1874,2022-10-11 00:00:00,49.4,55.0,30.5,29.9,5.5,8.8,276.0,0.74,10.7,0.0,65.0,34.4,93.0,23.0,30.068,29.523,18.4,28.8,65.0,0.5450000000000017
1875,2022-10-12 00:00:00,44.1,50.0,26.0,29.7,5.7,9.1,314.0,0.75,10.71,0.0,54.2,34.6,76.0,31.0,30.017,29.41,25.3,32.2,54.2,0.6069999999999993
1876,2022-10-13 00:00:00,41.4,41.0,18.2,30.1,6.5,10.7,284.0,0.75,10.71,0.0,52.5,27.8,70.0,23.0,30.161,30.012,15.0,26.5,52.5,0.1490000000000009
1877,2022-10-14 00:00:00,49.3,38.0,21.4,30.0,2.1,3.8,120.0,0.75,10.71,0.0,70.9,32.4,70.0,11.0,30.159,29.842,11.5,17.3,74.0,0.31700000000000017
1878,2022-10-15 00:00:00,58.6,22.0,11.3,29.8,8.1,12.5,274.0,0.75,10.71,0.0,75.1,26.9,76.0,7.0,29.969,29.509,21.9,31.1,74.3,0.46000000000000085
1879,2022-10-16 00:00:00,54.6,34.0,24.6,29.7,7.0,10.3,243.0,0.75,10.71,0.0,67.8,36.5,76.0,17.0,29.919,29.473,23.0,34.5,67.8,0.4460000000000015
1880,2022-10-17 00:00:00,41.0,64.0,28.0,30.1,1.7,3.2,96.0,0.75,10.71,0.0,59.6,27.0,91.0,28.0,30.226,29.886,10.4,16.1,59.6,0.33999999999999986
1881,2022-10-18 00:00:00,44.1,57.0,26.4,30.0,1.2,2.4,97.0,0.75,10.71,0.0,66.6,26.1,91.0,19.0,30.243,29.887,9.2,12.7,66.6,0.3559999999999981
1882,2022-10-19 00:00:00,46.1,54.0,27.5,30.0,1.2,2.4,157.0,0.75,10.71,0.0,66.7,29.3,82.0,23.0,30.173,29.896,8.1,12.7,66.7,0.27699999999999747
1883,2022-10-20 00:00:00,46.9,56.0,29.1,30.0,1.8,3.0,188.0,0.75,10.71,0.0,71.5,28.2,89.0,20.0,30.22,29.812,15.0,19.6,75.2,0.4079999999999977
1884,2022-10-21 00:00:00,49.2,54.0,31.1,29.8,4.4,6.8,263.0,0.75,10.71,0.0,66.9,33.1,83.0,24.0,30.011,29.673,17.3,25.3,66.9,0.33800000000000097
1885,2022-10-22 00:00:00,49.3,50.0,30.7,29.9,6.4,9.2,242.0,0.75,10.71,0.0,58.3,40.8,67.0,29.0,30.053,29.673,24.2,29.9,58.3,0.38000000000000256
1886,2022-10-23 00:00:00,52.5,36.0,26.0,29.9,5.2,7.8,254.0,0.75,10.71,0.0,64.7,44.6,52.0,23.0,30.042,29.837,16.1,26.5,64.7,0.20500000000000185
1887,2022-10-24 00:00:00,55.4,27.0,20.1,29.9,6.6,10.1,277.0,0.75,10.71,0.0,70.8,34.7,50.0,12.0,30.135,29.81,24.2,41.4,73.0,0.32500000000000284
1888,2022-10-25 00:00:00,56.0,21.0,14.2,29.9,4.7,7.3,250.0,0.75,10.71,0.0,72.7,34.3,50.0,6.0,30.126,29.751,17.3,25.3,73.2,0.375
1889,2022-10-26 00:00:00,57.4,31.0,25.6,29.5,11.5,16.9,271.0,0.81,10.77,0.0,66.6,41.8,81.0,16.0,29.732,29.395,25.3,38.0,66.6,0.33699999999999974
1890,2022-10-27 00:00:00,37.0,50.0,18.1,29.8,8.3,12.8,268.0,0.86,10.82,0.0,42.0,33.4,86.0,23.0,30.08,29.548,21.9,33.4,42.0,0.532
1891,2022-10-28 00:00:00,42.4,22.0,5.2,30.1,7.0,10.2,255.0,0.86,10.82,0.0,52.2,33.1,34.0,12.0,30.142,29.985,18.4,27.6,52.2,0.15700000000000003
1892,2022-10-29 00:00:00,49.3,22.0,11.7,30.0,9.8,15.0,244.0,0.86,10.82,0.0,58.7,38.6,28.0,17.0,30.088,29.891,23.0,38.0,58.7,0.19700000000000273
1893,2022-10-30 00:00:00,43.6,43.0,21.5,30.2,3.2,5.4,165.0,0.86,10.82,0.0,54.4,27.8,76.0,27.0,30.455,29.972,12.7,19.6,54.4,0.482999999999997
1894,2022-10-31 00:00:00,35.0,67.0,23.6,30.2,2.5,3.8,27.0,0.86,10.82,0.0,56.6,21.3,89.0,30.0,30.44,30.004,16.1,19.6,56.6,0.43599999999999994
1895,2022-11-01 00:00:00,51.0,37.0,23.7,29.7,4.7,7.0,257.0,0.0,10.83,0.0,64.3,27.9,78.0,20.0,30.004,29.479,18.4,26.5,64.3,0.5250000000000021
1896,2022-11-02 00:00:00,44.2,47.0,23.1,29.7,4.8,7.4,273.0,0.0,10.83,0.0,58.6,29.3,86.0,22.0,29.77,29.559,19.6,26.5,58.6,0.21099999999999852
1897,2022-11-03 00:00:00,33.1,78.0,26.8,30.0,3.4,5.6,250.0,0.13,10.96,0.0,38.5,25.7,91.0,47.0,30.279,29.65,13.8,20.7,38.5,0.6290000000000013
1898,2022-11-04 00:00:00,39.2,33.0,10.4,30.2,7.4,11.1,251.0,0.14,10.97,0.0,52.3,22.2,62.0,14.0,30.447,29.995,20.7,31.1,52.3,0.4519999999999982
1899,2022-11-05 00:00:00,43.4,39.0,18.0,30.2,5.7,8.8,256.0,0.14,10.97,0.0,58.6,25.6,74.0,17.0,30.367,29.947,24.2,34.5,58.6,0.4200000000000017
1900,2022-11-06 00:00:00,46.4,40.0,17.2,30.2,6.0,9.2,262.0,0.14,10.97,0.0,65.3,21.5,82.0,14.0,30.527,29.791,24.2,39.1,65.3,0.7360000000000007
1901,2022-11-07 00:00:00,49.8,34.0,19.0,29.9,8.0,12.2,233.0,0.23,11.06,0.0,61.2,32.5,90.0,15.0,30.207,29.749,25.3,40.3,61.2,0.45800000000000196
1902,2022-11-08 00:00:00,44.6,46.0,16.5,30.1,8.7,12.9,248.0,0.25,11.08,0.0,60.2,25.1,94.0,8.0,30.345,29.827,23.0,34.5,60.2,0.5179999999999971
1903,2022-11-09 00:00:00,52.8,22.0,14.4,29.6,11.0,16.2,214.0,0.25,11.08,0.0,63.8,47.7,26.0,16.0,29.827,29.249,25.3,34.5,63.8,0.578000000000003
1904,2022-11-10 00:00:00,31.0,58.0,15.5,29.6,6.6,10.3,215.0,0.25,11.08,0.0,50.1,6.3,89.0,23.0,30.159,29.155,27.6,47.2,50.1,1.0039999999999978
1905,2022-11-11 00:00:00,4.9,72.0,-2.0,30.4,3.3,5.6,54.0,0.25,11.08,0.0,10.2,-2.8,78.0,65.0,30.653,30.17,9.2,12.7,10.2,0.482999999999997
1906,2022-11-12 00:00:00,-6.7,69.0,-14.1,30.8,2.1,3.9,73.0,0.25,11.08,0.0,-0.2,-19.6,72.0,64.0,31.032,30.663,6.9,11.5,-0.2,0.3689999999999998
1907,2022-11-13 00:00:00,-0.6,71.0,-7.9,30.7,1.2,2.3,47.0,0.28,11.11,0.0,27.0,-22.5,86.0,62.0,31.048,30.063,11.5,18.4,27.0,0.9849999999999994
1908,2022-11-14 00:00:00,35.2,50.0,18.3,29.8,11.1,17.1,247.0,0.29,11.12,0.0,39.5,27.6,72.0,38.0,30.048,29.67,29.9,40.3,39.5,0.37799999999999656
1909,2022-11-15 00:00:00,16.4,72.0,8.9,30.0,4.0,6.5,47.0,0.29,11.12,0.0,34.4,-2.9,84.0,53.0,30.458,29.633,20.7,28.8,34.4,0.8249999999999993
1910,2022-11-16 00:00:00,13.1,45.0,-6.5,30.4,6.0,9.5,242.0,0.3,11.13,0.0,28.4,-10.5,76.0,23.0,30.554,30.231,19.6,27.6,28.4,0.32299999999999685
1911,2022-11-17 00:00:00,24.1,23.0,-9.2,30.2,8.6,13.7,247.0,0.3,11.13,0.0,33.1,17.0,37.0,16.0,30.302,30.16,19.6,28.8,33.1,0.14199999999999946
1912,2022-11-18 00:00:00,30.4,31.0,2.9,30.1,14.6,21.3,216.0,0.3,11.13,0.0,39.5,22.5,42.0,22.0,30.232,29.996,27.6,39.1,39.5,0.23600000000000065
1913,2022-11-19 00:00:00,36.0,25.0,3.5,30.0,11.2,16.2,213.0,0.3,11.13,0.0,42.6,31.0,30.0,18.0,30.083,29.921,23.0,34.5,42.6,0.16199999999999903
1914,2022-11-20 00:00:00,39.8,25.0,5.8,29.9,8.6,12.5,240.0,0.3,11.13,0.0,48.8,35.9,41.0,16.0,29.941,29.825,17.3,24.2,48.8,0.11599999999999966
1915,2022-11-21 00:00:00,37.6,36.0,12.7,29.9,8.6,12.5,243.0,0.3,11.13,0.0,45.2,26.6,54.0,26.0,29.979,29.807,19.6,27.6,45.2,0.1720000000000006
1916,2022-11-22 00:00:00,39.6,38.0,14.9,29.6,15.9,23.2,241.0,0.3,11.13,0.0,48.5,34.1,73.0,25.0,29.843,29.452,34.5,48.3,48.5,0.39099999999999824
1917,2022-11-23 00:00:00,27.7,40.0,6.1,29.8,9.0,13.9,245.0,0.3,11.13,0.0,35.9,20.8,68.0,26.0,29.996,29.408,19.6,32.2,35.9,0.5879999999999974
1918,2022-11-24 00:00:00,23.3,44.0,4.0,30.1,9.2,14.7,261.0,0.3,11.13,0.0,31.5,18.9,75.0,27.0,30.383,29.858,25.3,36.8,31.5,0.5249999999999986
1919,2022-11-25 00:00:00,29.4,51.0,13.2,30.0,14.0,21.2,253.0,0.3,11.13,0.0,38.0,21.0,76.0,32.0,30.238,29.843,42.6,49.5,38.0,0.3949999999999996
1920,2022-11-26 00:00:00,40.5,50.0,22.8,30.0,8.3,13.1,253.0,0.3,11.13,0.0,47.6,31.2,68.0,35.0,30.08,29.88,24.2,41.4,47.6,0.1999999999999993
1921,2022-11-27 00:00:00,46.5,26.0,13.4,30.0,15.6,23.4,241.0,0.3,11.13,0.0,52.8,40.5,39.0,19.0,30.13,29.798,28.8,47.2,52.8,0.33200000000000074
1922,2022-11-28 00:00:00,49.4,18.0,7.4,29.7,17.7,25.7,242.0,0.3,11.13,0.0,56.3,44.3,23.0,14.0,29.804,29.564,31.1,48.3,56.3,0.23999999999999844
1923,2022-11-29 00:00:00,46.0,18.0,5.1,29.5,10.0,15.3,248.0,0.3,11.13,0.0,53.9,41.3,23.0,13.0,29.617,29.431,24.2,36.8,53.9,0.18599999999999994
1924,2022-11-30 00:00:00,33.9,43.0,9.8,29.8,6.7,10.3,254.0,0.3,11.13,0.0,47.9,14.0,83.0,21.0,30.286,29.49,19.6,32.2,47.9,0.7960000000000029
1925,2022-12-01 00:00:00,29.9,59.0,15.7,30.3,9.5,13.8,242.0,0.05,11.18,0.0,44.1,12.8,84.0,34.0,30.527,29.991,27.6,41.4,44.1,0.5360000000000014
1926,2022-12-02 00:00:00,39.9,32.0,11.2,29.9,12.4,17.6,242.0,0.05,11.18,0.0,48.4,27.8,49.0,19.0,30.046,29.803,27.6,39.1,48.4,0.24299999999999855
1927,2022-12-03 00:00:00,35.9,51.0,18.9,30.0,7.4,11.1,244.0,0.05,11.18,0.0,49.3,24.2,67.0,38.0,30.122,29.768,26.5,46.0,49.3,0.3539999999999992
1928,2022-12-04 00:00:00,43.4,42.0,21.4,29.8,9.8,14.2,240.0,0.05,11.18,0.0,48.6,38.2,55.0,34.0,29.895,29.734,28.8,40.3,48.6,0.1609999999999978
1929,2022-12-05 00:00:00,36.5,47.0,17.2,30.1,4.6,7.1,249.0,0.05,11.18,0.0,48.8,22.4,73.0,24.0,30.383,29.856,18.4,27.6,48.8,0.5269999999999975
1930,2022-12-06 00:00:00,33.4,54.0,16.3,30.3,3.1,4.7,224.0,0.05,11.18,0.0,51.8,21.4,78.0,20.0,30.506,30.126,18.4,26.5,51.8,0.379999999999999
1931,2022-12-07 00:00:00,41.5,34.0,15.0,30.1,11.1,16.6,241.0,0.05,11.18,0.0,48.3,38.0,43.0,24.0,30.252,30.046,26.5,36.8,48.3,0.20599999999999952
1932,2022-12-08 00:00:00,38.2,32.0,8.7,30.2,4.0,6.3,289.0,0.05,11.18,0.0,55.3,21.6,53.0,10.0,30.41,30.076,13.8,20.7,55.3,0.33399999999999963
1933,2022-12-09 00:00:00,38.1,20.0,-2.7,30.2,4.4,6.5,253.0,0.05,11.18,0.0,57.6,20.3,49.0,8.0,30.452,29.943,17.3,26.5,57.6,0.5090000000000003
1934,2022-12-10 00:00:00,38.1,29.0,6.5,30.1,1.9,3.2,327.0,0.05,11.18,0.0,57.6,22.1,61.0,16.0,30.262,29.957,13.8,18.4,57.6,0.3049999999999997
1935,2022-12-11 00:00:00,35.9,41.0,9.6,30.1,3.9,6.0,253.0,0.05,11.18,0.0,56.2,16.5,75.0,9.0,30.317,29.979,18.4,26.5,56.2,0.33800000000000097
1936,2022-12-12 00:00:00,44.0,28.0,9.6,29.9,2.6,4.0,244.0,0.05,11.18,0.0,65.6,24.7,56.0,9.0,30.066,29.773,11.5,16.1,65.6,0.29299999999999926
1937,2022-12-13 00:00:00,37.5,38.0,12.9,29.8,1.3,2.4,358.0,0.05,11.18,0.0,53.2,21.3,64.0,18.0,29.942,29.601,10.4,16.1,53.2,0.3410000000000011
1938,2022-12-14 00:00:00,28.6,73.0,20.5,29.8,3.4,5.4,255.0,0.13,11.26,0.0,32.5,19.7,90.0,47.0,29.865,29.662,18.4,25.3,32.5,0.2029999999999994
1939,2022-12-15 00:00:00,28.0,42.0,7.8,30.0,11.6,16.9,240.0,0.13,11.26,0.0,32.8,19.5,50.0,31.0,30.243,29.858,21.9,33.4,32.8,0.384999999999998
1940,2022-12-16 00:00:00,28.5,50.0,12.1,30.2,3.6,5.6,251.0,0.14,11.27,0.0,43.3,11.7,63.0,31.0,30.35,29.919,15.0,19.6,43.3,0.43100000000000094
1941,2022-12-17 00:00:00,30.8,65.0,19.6,29.9,2.1,3.5,237.0,0.14,11.27,0.0,39.2,18.8,86.0,39.0,30.047,29.81,11.5,18.4,39.2,0.23700000000000188
1942,2022-12-18 00:00:00,26.5,59.0,12.5,30.1,4.8,7.4,259.0,0.15,11.28,0.0,38.2,12.8,86.0,33.0,30.233,30.023,18.4,21.9,38.2,0.21000000000000085
1943,2022-12-19 00:00:00,30.2,39.0,7.7,30.1,12.5,18.0,239.0,0.15,11.28,0.0,35.8,25.6,45.0,28.0,30.158,29.978,24.2,34.5,35.8,0.17999999999999972
1944,2022-12-20 00:00:00,33.2,46.0,14.6,30.0,6.0,8.8,227.0,0.15,11.28,0.0,42.3,27.0,61.0,30.0,30.056,29.844,20.7,27.6,42.3,0.21199999999999974
1945,2022-12-21 00:00:00,33.4,63.0,21.5,29.6,10.1,15.8,254.0,0.15,11.28,0.0,39.6,27.3,90.0,44.0,29.844,29.453,29.9,42.6,39.6,0.3910000000000018
1946,2022-12-22 00:00:00,24.6,61.0,12.7,29.8,4.8,7.9,287.0,0.19,11.32,0.0,30.8,16.7,87.0,41.0,29.997,29.662,18.4,33.4,30.8,0.33500000000000085
1947,2022-12-23 00:00:00,19.7,40.0,-0.8,30.2,6.0,9.5,262.0,0.2,11.33,0.0,26.7,7.6,60.0,28.0,30.349,29.977,15.0,26.5,26.7,0.3719999999999999
1948,2022-12-24 00:00:00,30.8,38.0,7.8,29.9,12.5,18.1,238.0,0.2,11.33,0.0,40.8,7.6,54.0,24.0,30.298,29.363,25.3,35.7,40.8,0.9349999999999987
1949,2022-12-25 00:00:00,27.7,66.0,16.9,29.5,5.8,9.6,232.0,0.21,11.34,0.0,37.3,12.1,88.0,40.0,29.947,29.283,20.7,33.4,37.3,0.6639999999999979
1950,2022-12-26 00:00:00,9.4,79.0,4.2,30.2,1.4,2.6,73.0,0.22,11.35,0.0,15.1,-0.5,82.0,75.0,30.443,29.922,6.9,10.4,15.1,0.5210000000000008
1951,2022-12-27 00:00:00,10.3,52.0,-5.0,30.4,9.7,13.9,235.0,0.22,11.35,0.0,20.5,-11.0,80.0,32.0,30.635,30.172,23.0,33.4,20.5,0.46300000000000097
1952,2022-12-28 00:00:00,19.9,45.0,1.4,30.1,10.5,15.7,244.0,0.22,11.35,0.0,24.4,13.7,68.0,26.0,30.172,29.921,25.3,42.6,24.4,0.2510000000000012
1953,2022-12-29 00:00:00,4.9,73.0,-1.9,30.4,3.0,5.4,62.0,0.22,11.35,0.0,13.6,-3.9,79.0,65.0,30.753,30.108,10.4,12.7,13.6,0.6449999999999996
1954,2022-12-30 00:00:00,-9.6,67.0,-17.5,30.9,1.9,3.5,43.0,0.22,11.35,0.0,-0.0,-20.6,71.0,62.0,31.107,30.739,8.1,11.5,-0.0,0.36799999999999855
1955,2022-12-31 00:00:00,-1.1,61.0,-12.2,30.8,0.8,1.5,21.0,0.26,11.39,0.0,26.2,-21.1,76.0,32.0,31.135,30.422,6.9,11.5,26.2,0.713000000000001
1956,2022-01-01 00:00:00,8.1,65.0,-2.1,30.4,1.2,2.3,28.0,0.01,0.01,0.0,31.3,-9.0,78.0,31.0,30.606,30.23,10.4,13.8,31.3,0.3760000000000012
1957,2022-01-02 00:00:00,20.8,61.0,8.6,30.1,3.1,4.8,275.0,0.01,0.01,0.0,36.2,8.8,80.0,34.0,30.383,29.882,13.8,20.7,36.2,0.5009999999999977
1958,2022-01-03 00:00:00,24.2,56.0,10.1,29.9,7.4,10.9,242.0,0.01,0.01,0.0,34.4,7.9,79.0,43.0,30.266,29.742,18.4,28.8,34.4,0.5239999999999974
1959,2022-01-04 00:00:00,26.4,47.0,8.7,30.3,11.3,18.0,237.0,0.01,0.01,0.0,33.1,12.3,77.0,36.0,30.364,30.139,28.8,43.7,33.1,0.22500000000000142
1960,2022-01-05 00:00:00,38.9,50.0,21.9,30.0,20.7,30.8,247.0,0.02,0.02,0.0,46.8,32.2,71.0,39.0,30.253,29.855,36.8,56.4,46.8,0.3979999999999997
1961,2022-01-06 00:00:00,44.0,48.0,25.4,30.2,9.9,15.5,247.0,0.02,0.02,0.0,49.5,40.3,58.0,37.0,30.296,30.086,24.2,34.5,49.5,0.21000000000000085
1962,2022-01-07 00:00:00,28.3,63.0,15.2,30.5,3.6,5.9,195.0,0.02,0.02,0.0,46.7,11.2,87.0,20.0,30.735,30.115,20.7,27.6,46.7,0.620000000000001
1963,2022-01-08 00:00:00,40.4,46.0,17.4,30.0,8.2,12.7,214.0,0.02,0.02,0.0,53.3,16.5,89.0,21.0,30.258,29.792,24.2,34.5,53.3,0.4659999999999975
1964,2022-01-09 00:00:00,26.1,71.0,16.7,30.3,2.6,4.3,199.0,0.02,0.02,0.0,40.6,15.4,87.0,28.0,30.451,29.916,19.6,27.6,40.6,0.5350000000000001
1965,2022-01-10 00:00:00,39.0,43.0,18.2,29.9,8.5,12.5,236.0,0.02,0.02,0.0,43.5,34.0,52.0,38.0,30.015,29.803,19.6,29.9,43.5,0.21199999999999974
1966,2022-01-11 00:00:00,34.8,66.0,23.9,29.9,4.2,6.4,256.0,0.02,0.02,0.0,39.3,26.1,90.0,47.0,30.208,29.777,13.8,19.6,39.3,0.4309999999999974
1967,2022-01-12 00:00:00,24.5,81.0,19.3,30.3,2.2,3.5,41.0,0.02,0.02,0.0,36.5,13.8,90.0,61.0,30.384,30.186,11.5,13.8,36.5,0.1980000000000004
1968,2022-01-13 00:00:00,24.2,82.0,19.2,30.3,1.5,2.8,66.0,0.02,0.02,0.0,36.0,13.5,88.0,59.0,30.415,30.23,9.2,13.8,36.0,0.18499999999999872
1969,2022-01-14 00:00:00,26.9,59.0,12.1,30.3,1.4,2.5,349.0,0.06,0.06,0.0,47.3,9.0,89.0,20.0,30.455,30.041,11.5,19.6,47.3,0.4139999999999979
1970,2022-01-15 00:00:00,40.5,22.0,3.1,30.2,7.1,10.6,245.0,0.06,0.06,0.0,52.6,19.7,56.0,12.0,30.375,30.002,17.3,24.2,52.6,0.3730000000000011
1971,2022-01-16 00:00:00,42.3,17.0,0.0,29.9,13.0,18.7,234.0,0.06,0.06,0.0,50.2,36.5,41.0,12.0,30.035,29.706,28.8,43.7,50.2,0.3290000000000006
1972,2022-01-17 00:00:00,35.0,30.0,3.0,30.1,11.7,18.2,247.0,0.06,0.06,0.0,43.3,29.1,74.0,7.0,30.266,29.835,28.8,42.6,43.3,0.4309999999999974
1973,2022-01-18 00:00:00,42.7,28.0,10.1,29.9,16.5,25.0,238.0,0.06,0.06,0.0,49.7,37.5,44.0,8.0,30.028,29.877,33.4,50.6,49.7,0.1509999999999998
1974,2022-01-19 00:00:00,37.7,52.0,20.8,30.0,15.3,21.9,242.0,0.06,0.06,0.0,42.5,28.3,89.0,35.0,30.013,29.863,28.8,41.4,42.5,0.15000000000000213
1975,2022-01-20 00:00:00,27.0,51.0,9.9,30.2,5.3,8.7,252.0,0.06,0.06,0.0,34.3,21.8,79.0,26.0,30.269,30.0,20.7,29.9,34.3,0.26899999999999835
1976,2022-01-21 00:00:00,16.7,77.0,10.5,30.4,1.6,3.0,112.0,0.06,0.06,0.0,21.8,2.8,83.0,66.0,30.653,30.215,8.1,13.8,21.8,0.43799999999999883
1977,2022-01-22 00:00:00,13.0,51.0,-4.2,30.6,1.4,2.2,248.0,0.12,0.12,0.0,37.5,-11.7,78.0,19.0,30.833,30.332,6.9,12.7,37.5,0.5009999999999977
1978,2022-01-23 00:00:00,27.8,53.0,12.0,30.3,1.7,2.9,281.0,0.12,0.12,0.0,43.2,16.2,73.0,27.0,30.418,30.196,11.5,16.1,43.2,0.22199999999999775
1979,2022-01-24 00:00:00,37.2,33.0,10.2,30.1,12.0,18.1,240.0,0.12,0.12,0.0,43.5,27.5,47.0,17.0,30.196,29.937,31.1,42.6,43.5,0.25900000000000034
1980,2022-01-25 00:00:00,42.0,40.0,19.0,30.1,13.0,19.4,237.0,0.12,0.12,0.0,47.4,35.5,48.0,29.0,30.121,29.967,24.2,34.5,47.4,0.15399999999999991
1981,2022-01-26 00:00:00,49.3,29.0,16.4,30.1,4.7,7.6,274.0,0.12,0.12,0.0,64.7,27.9,62.0,15.0,30.178,29.927,12.7,20.7,64.7,0.2510000000000012
1982,2022-01-27 00:00:00,46.5,33.0,14.4,30.0,6.0,8.9,252.0,0.12,0.12,0.0,64.2,25.7,66.0,12.0,30.212,29.763,19.6,28.8,64.2,0.44899999999999807
1983,2022-01-28 00:00:00,41.5,38.0,17.1,29.9,10.8,16.1,241.0,0.12,0.12,0.0,45.6,32.7,71.0,28.0,30.217,29.736,38.0,41.4,45.6,0.4809999999999981
1984,2022-01-29 00:00:00,31.4,71.0,22.5,30.4,1.9,3.6,77.0,0.12,0.12,0.0,42.6,23.9,84.0,44.0,30.47,30.217,8.1,11.5,42.6,0.2530000000000001
1985,2022-01-30 00:00:00,31.3,70.0,21.8,30.2,1.1,2.1,27.0,0.12,0.12,0.0,43.1,23.5,87.0,40.0,30.322,29.958,6.9,11.5,43.1,0.36400000000000077
1986,2022-01-31 00:00:00,30.6,76.0,23.3,29.9,2.1,3.6,11.0,0.14,0.14,0.0,43.2,23.2,90.0,37.0,29.961,29.696,20.7,28.8,43.2,0.264999999999997
1987,2022-02-01 00:00:00,24.2,57.0,8.7,30.1,5.6,8.9,260.0,0.09,0.23,0.0,32.7,12.6,89.0,21.0,30.238,29.955,24.2,33.4,32.7,0.28300000000000125
1988,2022-02-02 00:00:00,35.3,44.0,15.3,29.9,13.9,21.4,254.0,0.09,0.23,0.0,41.1,29.1,61.0,30.0,30.025,29.776,34.5,47.2,41.1,0.24899999999999878
1989,2022-02-03 00:00:00,40.4,45.0,20.1,29.8,15.4,23.4,254.0,0.09,0.23,0.0,46.3,33.5,73.0,29.0,29.88,29.713,29.9,46.0,46.3,0.16699999999999804
1990,2022-02-04 00:00:00,26.6,81.0,21.2,30.1,2.5,4.3,272.0,0.09,0.23,0.0,38.1,19.1,90.0,46.0,30.312,29.739,17.3,28.8,38.1,0.5730000000000004
1991,2022-02-05 00:00:00,44.5,28.0,12.1,30.0,11.2,16.7,232.0,0.24,0.38,0.0,52.5,35.8,46.0,16.0,30.213,29.877,27.6,42.6,52.5,0.3360000000000021
1992,2022-02-06 00:00:00,49.5,18.0,7.1,29.8,10.7,15.6,242.0,0.24,0.38,0.0,56.1,43.2,22.0,13.0,29.941,29.716,26.5,38.0,56.1,0.22499999999999787
1993,2022-02-07 00:00:00,49.5,21.0,9.8,29.7,12.2,17.8,246.0,0.24,0.38,0.0,57.0,43.3,35.0,12.0,29.874,29.58,36.8,40.3,57.0,0.2940000000000005
1994,2022-02-08 00:00:00,45.9,28.0,13.9,29.9,11.2,16.8,260.0,0.24,0.38,0.0,54.8,34.9,41.0,12.0,30.114,29.759,26.5,35.7,54.8,0.3550000000000004
1995,2022-02-09 00:00:00,45.7,33.0,17.3,29.9,7.3,10.9,248.0,0.24,0.38,0.0,55.9,28.1,57.0,23.0,30.095,29.742,23.0,35.7,55.9,0.352999999999998
1996,2022-02-10 00:00:00,36.9,55.0,20.1,30.0,5.5,8.4,260.0,0.29,0.43,0.0,48.5,23.8,90.0,23.0,30.239,29.77,23.0,34.5,48.5,0.4690000000000012
1997,2022-02-11 00:00:00,31.0,66.0,20.2,30.4,1.6,3.1,111.0,0.29,0.43,0.0,44.2,20.2,85.0,41.0,30.527,30.205,11.5,13.8,44.2,0.32200000000000273
1998,2022-02-12 00:00:00,40.1,35.0,11.0,30.2,9.8,14.2,257.0,0.29,0.43,0.0,51.6,18.8,86.0,15.0,30.399,30.03,26.5,38.0,51.6,0.3689999999999998
1999,2022-02-13 00:00:00,44.7,30.0,13.8,30.1,5.7,8.7,276.0,0.29,0.43,0.0,58.3,30.3,51.0,15.0,30.194,29.992,18.4,21.9,58.3,0.20229999999999818
2000,2022-02-14 00:00:00,48.0,22.0,8.9,30.0,7.2,10.7,246.0,0.29,0.43,0.0,60.5,26.9,45.0,10.0,30.158,29.739,19.6,26.5,60.5,0.4190000000000005
2001,2022-02-15 00:00:00,28.8,68.0,18.1,30.0,3.5,5.7,54.0,0.29,0.43,0.0,47.3,19.4,87.0,25.0,30.233,29.674,12.7,21.9,47.3,0.559000000000001
2002,2022-02-16 00:00:00,17.4,80.0,12.3,30.3,1.4,2.6,93.0,0.29,0.43,0.0,23.2,3.0,86.0,64.0,30.465,30.204,8.1,11.5,23.2,0.26099999999999923
2003,2022-02-17 00:00:00,18.9,49.0,0.8,30.3,5.2,9.0,289.0,0.45,0.59,0.0,30.1,0.9,79.0,26.0,30.465,30.008,21.9,34.5,30.1,0.45700000000000074
2004,2022-02-18 00:00:00,34.2,33.0,7.6,30.1,7.3,11.1,273.0,0.46,0.6,0.0,45.8,20.6,51.0,24.0,30.193,29.974,20.7,31.1,45.8,0.2190000000000012
2005,2022-02-19 00:00:00,43.8,27.0,11.7,29.8,14.7,22.5,264.0,0.46,0.6,0.0,52.0,38.3,36.0,19.0,29.975,29.644,28.8,42.6,52.0,0.33100000000000307
2006,2022-02-20 00:00:00,33.6,56.0,17.7,29.7,7.1,10.7,258.0,0.46,0.6,0.0,43.2,23.8,84.0,27.0,29.965,29.616,23.0,36.8,43.2,0.3490000000000002
2007,2022-02-21 00:00:00,19.2,82.0,14.7,30.1,2.8,4.7,76.0,0.52,0.66,0.0,26.6,5.8,87.0,75.0,30.451,29.916,13.8,19.6,26.6,0.5350000000000001
2008,2022-02-22 00:00:00,3.7,75.0,-2.4,30.6,2.2,3.8,82.0,0.52,0.66,0.0,6.5,0.5,79.0,72.0,30.768,30.451,6.9,11.5,6.5,0.31700000000000017
2009,2022-02-23 00:00:00,11.4,72.0,4.1,30.5,1.0,1.8,63.0,0.82,0.96,0.0,31.1,-3.3,82.0,54.0,30.754,30.292,6.9,11.5,31.1,0.46199999999999974
2010,2022-02-24 00:00:00,20.4,62.0,8.4,30.3,1.8,3.1,29.0,0.82,0.96,0.0,41.8,-1.2,80.0,31.0,30.587,29.814,15.0,24.2,41.8,0.7729999999999997
2011,2022-02-25 00:00:00,28.3,54.0,13.2,29.9,7.1,10.6,228.0,0.82,0.96,0.0,36.6,12.8,80.0,33.0,30.177,29.711,24.2,34.5,36.6,0.4660000000000011
2012,2022-02-26 00:00:00,8.8,74.0,2.1,30.3,2.8,4.9,79.0,0.82,0.96,0.0,17.3,2.4,82.0,63.0,30.464,30.172,11.5,16.1,17.3,0.29199999999999804
2013,2022-02-27 00:00:00,6.9,70.0,-0.9,30.3,1.7,2.8,52.0,0.89,1.03,0.0,22.2,-7.9,79.0,56.0,30.45,30.07,11.5,13.8,22.2,0.379999999999999
2014,2022-02-28 00:00:00,11.9,70.0,3.4,30.2,2.3,4.0,59.0,0.89,1.03,0.0,26.3,-2.0,81.0,45.0,30.352,30.123,10.4,13.8,26.3,0.2289999999999992
2015,2022-03-01 00:00:00,16.9,77.0,10.9,30.3,2.2,3.6,50.0,0.02,1.05,0.0,27.0,9.3,83.0,61.0,30.475,30.144,11.5,16.1,27.0,0.33100000000000307
2016,2022-03-02 00:00:00,33.3,66.0,21.4,29.8,4.1,6.2,262.0,0.16,1.19,0.0,48.9,17.0,87.0,31.0,30.287,29.409,24.2,36.8,48.9,0.8780000000000001
2017,2022-03-03 00:00:00,18.9,73.0,11.5,29.8,4.0,6.3,98.0,0.17,1.2,0.0,31.7,9.2,81.0,55.0,30.15,29.432,15.0,20.7,31.7,0.718
2018,2022-03-04 00:00:00,10.8,62.0,-1.3,30.4,5.2,8.4,282.0,0.17,1.2,0.0,17.2,0.1,80.0,23.0,30.49,30.112,19.6,34.5,17.2,0.3780000000000001
2019,2022-03-05 00:00:00,27.3,33.0,1.5,30.3,14.5,20.5,236.0,0.19,1.22,0.0,37.5,15.9,42.0,24.0,30.428,30.186,24.2,34.5,37.5,0.24200000000000088
2020,2022-03-06 00:00:00,36.3,30.0,7.1,30.2,7.8,12.1,257.0,0.19,1.22,0.0,46.5,26.0,51.0,20.0,30.354,30.148,20.7,34.5,46.5,0.20599999999999952
2021,2022-03-07 00:00:00,32.9,46.0,13.5,30.2,2.0,3.7,58.0,0.19,1.22,0.0,48.5,17.7,69.0,26.0,30.425,30.071,10.4,11.5,48.5,0.3539999999999992
2022,2022-03-08 00:00:00,31.4,57.0,17.6,30.1,1.6,3.0,74.0,0.19,1.22,0.0,43.9,19.1,81.0,35.0,30.318,30.052,6.9,11.5,43.9,0.2660000000000018
2023,2022-03-09 00:00:00,33.5,51.0,13.6,30.1,3.7,5.6,253.0,0.19,1.22,0.0,51.3,15.4,85.0,20.0,30.215,29.946,16.1,20.7,51.3,0.26899999999999835
2024,2022-03-10 00:00:00,39.3,38.0,13.9,30.0,2.3,4.0,166.0,0.19,1.22,0.0,54.9,25.8,68.0,17.0,30.188,29.845,11.5,13.8,54.9,0.34299999999999997
2025,2022-03-11 00:00:00,40.9,35.0,9.6,30.2,4.0,6.1,267.0,0.19,1.22,0.0,56.7,19.9,78.0,10.0,30.331,29.939,15.0,20.7,56.7,0.39199999999999946
2026,2022-03-12 00:00:00,46.6,28.0,12.6,30.0,5.1,7.8,256.0,0.19,1.22,0.0,55.9,36.6,68.0,15.0,30.175,29.914,12.7,19.6,55.9,0.26099999999999923
2027,2022-03-13 00:00:00,38.6,66.0,27.2,30.3,1.4,2.6,100.0,0.21,1.24,0.0,48.9,30.4,90.0,33.0,30.437,30.14,8.1,11.5,48.9,0.2970000000000006
2028,2022-03-14 00:00:00,41.0,47.0,16.8,30.3,5.1,7.4,246.0,0.21,1.24,0.0,58.9,18.9,87.0,15.0,30.518,29.953,17.3,26.5,58.9,0.5650000000000013
2029,2022-03-15 00:00:00,55.8,24.0,18.1,29.9,6.7,10.2,248.0,0.21,1.24,0.0,71.1,38.8,56.0,14.0,30.046,29.79,18.4,26.5,73.9,0.2560000000000002
2030,2022-03-16 00:00:00,55.4,30.0,19.3,29.8,8.1,12.2,267.0,0.21,1.24,0.0,69.4,35.2,70.0,10.0,30.038,29.657,18.4,28.8,72.0,0.3810000000000002
2031,2022-03-17 00:00:00,39.5,74.0,31.3,30.1,2.2,4.1,93.0,0.21,1.24,0.0,52.8,32.8,90.0,49.0,30.216,29.939,10.4,13.8,52.8,0.277000000000001
2032,2022-03-18 00:00:00,43.5,58.0,27.3,29.8,2.7,4.4,289.0,0.21,1.24,0.0,55.6,32.1,88.0,28.0,29.962,29.771,11.5,18.4,55.6,0.19099999999999895
2033,2022-03-19 00:00:00,34.5,81.0,29.1,30.0,2.4,3.9,51.0,0.24,1.27,0.0,41.9,23.3,90.0,67.0,30.284,29.783,10.4,12.7,41.9,0.5009999999999977
2034,2022-03-20 00:00:00,35.3,56.0,15.9,30.3,1.0,1.9,46.0,0.29,1.32,0.0,59.5,14.3,89.0,14.0,30.414,30.066,9.2,11.5,59.5,0.34800000000000253
2035,2022-03-21 00:00:00,41.7,40.0,13.0,30.0,2.6,4.2,270.0,0.29,1.32,0.0,63.4,21.4,78.0,9.0,30.365,29.861,17.3,27.6,63.4,0.5039999999999978
2036,2022-03-22 00:00:00,44.3,34.0,14.1,29.9,3.7,6.2,307.0,0.29,1.32,0.0,63.2,29.3,65.0,10.0,30.067,29.835,13.8,25.3,63.2,0.23199999999999932
2037,2022-03-23 00:00:00,40.9,56.0,22.9,29.8,5.9,8.9,241.0,0.29,1.32,0.0,56.2,27.0,87.0,18.0,29.972,29.64,25.3,34.5,56.2,0.33200000000000074
2038,2022-03-24 00:00:00,38.1,42.0,15.7,29.8,13.1,20.3,258.0,0.29,1.32,0.0,45.5,30.6,86.0,20.0,29.915,29.64,28.8,41.4,45.5,0.2749999999999986
2039,2022-03-25 00:00:00,32.4,67.0,22.0,30.1,3.2,5.3,319.0,0.33,1.36,0.0,39.1,24.2,88.0,31.0,30.301,29.842,18.4,25.3,39.1,0.45899999999999963
2040,2022-03-26 00:00:00,40.6,36.0,15.3,30.1,8.5,12.9,243.0,0.33,1.36,0.0,51.7,30.0,47.0,26.0,30.259,30.02,20.7,31.1,51.7,0.23900000000000077
2041,2022-03-27 00:00:00,49.1,38.0,23.8,30.0,7.9,11.7,237.0,0.33,1.36,0.0,62.1,37.9,59.0,22.0,30.052,29.867,23.0,32.2,62.1,0.18499999999999872
2042,2022-03-28 00:00:00,54.6,29.0,21.0,29.8,9.7,14.9,252.0,0.33,1.36,0.0,65.5,35.6,65.0,13.0,30.029,29.638,31.1,42.6,65.5,0.39099999999999824
2043,2022-03-29 00:00:00,47.3,29.0,15.4,30.0,5.2,8.4,253.0,0.33,1.36,0.0,57.6,30.3,63.0,14.0,30.076,29.759,18.4,29.9,57.6,0.31700000000000017
2044,2022-03-30 00:00:00,50.8,22.0,9.2,29.9,6.0,9.8,275.0,0.33,1.36,0.0,64.3,28.8,66.0,9.0,30.082,29.82,17.3,29.9,64.3,0.26200000000000045
2045,2022-03-31 00:00:00,47.6,31.0,13.3,29.9,4.3,6.8,273.0,0.33,1.36,0.0,68.3,24.5,63.0,10.0,30.061,29.576,20.7,28.8,70.7,0.48499999999999943
2046,2022-04-01 00:00:00,49.5,30.0,18.2,29.5,6.1,9.4,240.0,0.0,1.36,0.0,59.2,35.2,56.0,19.0,29.718,29.382,26.5,42.6,59.2,0.3359999999999985
2047,2022-04-02 00:00:00,28.9,77.0,22.4,29.9,3.5,5.8,78.0,0.0,1.36,0.0,35.2,21.3,90.0,56.0,30.245,29.712,10.4,13.8,35.2,0.5330000000000013
2048,2022-04-03 00:00:00,26.0,76.0,18.9,30.4,2.4,4.3,236.0,0.24,1.6,0.0,37.9,16.2,88.0,32.0,30.453,30.239,16.1,25.3,37.9,0.21399999999999864
2049,2022-04-04 00:00:00,36.5,39.0,8.6,30.1,6.7,9.9,239.0,0.24,1.6,0.0,55.1,14.6,86.0,9.0,30.392,29.765,23.0,29.9,55.1,0.6269999999999989
2050,2022-04-05 00:00:00,44.9,26.0,6.7,29.7,6.9,10.3,244.0,0.24,1.6,0.0,60.8,23.9,62.0,8.0,29.883,29.428,23.0,33.4,60.8,0.4549999999999983
2051,2022-04-06 00:00:00,52.9,13.0,2.1,29.5,8.9,13.2,240.0,0.24,1.6,0.0,62.7,41.1,21.0,6.0,29.599,29.388,21.9,32.2,62.7,0.21099999999999852
2052,2022-04-07 00:00:00,45.7,39.0,18.3,29.6,4.7,8.1,9.0,0.24,1.6,0.0,56.6,32.5,78.0,10.0,29.753,29.509,20.7,32.2,56.6,0.24399999999999977
2053,2022-04-08 00:00:00,40.7,58.0,26.2,29.6,4.0,6.7,252.0,0.24,1.6,0.0,48.9,34.4,86.0,25.0,29.699,29.431,20.7,32.2,48.9,0.2680000000000007
2054,2022-04-09 00:00:00,36.9,48.0,18.3,29.9,4.6,7.6,256.0,0.24,1.6,0.0,48.0,27.2,69.0,27.0,30.139,29.65,13.8,25.3,48.0,0.48900000000000077
2055,2022-04-10 00:00:00,36.3,56.0,19.6,30.1,2.5,4.3,224.0,0.24,1.6,0.0,54.6,19.2,86.0,16.0,30.231,29.932,17.3,24.2,54.6,0.29900000000000304
2056,2022-04-11 00:00:00,39.5,46.0,14.1,29.9,3.0,4.7,257.0,0.24,1.6,0.0,60.2,21.1,84.0,11.0,30.077,29.663,20.7,27.6,60.2,0.4140000000000015
2057,2022-04-12 00:00:00,45.7,22.0,6.9,29.7,7.3,11.7,267.0,0.24,1.6,0.0,55.2,30.9,47.0,10.0,29.983,29.486,23.0,34.5,55.2,0.4969999999999999
2058,2022-04-13 00:00:00,43.8,34.0,14.7,30.0,4.0,6.6,101.0,0.24,1.6,0.0,59.2,24.4,65.0,14.0,30.169,29.901,16.1,19.6,59.2,0.2680000000000007
2059,2022-04-14 00:00:00,46.3,37.0,15.5,29.8,3.8,6.2,243.0,0.24,1.6,0.0,66.0,23.8,74.0,8.0,30.059,29.463,19.6,27.6,66.0,0.5960000000000001
2060,2022-04-15 00:00:00,39.4,59.0,25.2,29.6,4.8,7.7,351.0,0.29,1.65,0.0,49.6,30.7,84.0,30.0,29.938,29.358,18.4,27.6,49.6,0.5799999999999983
2061,2022-04-16 00:00:00,31.4,87.0,28.0,30.1,1.0,2.0,114.0,0.6,1.96,0.0,33.0,29.1,94.0,74.0,30.198,29.92,10.4,11.5,33.0,0.2779999999999987
2062,2022-04-17 00:00:00,33.7,92.0,31.5,30.0,0.8,1.3,130.0,1.07,2.43,0.0,41.8,30.3,96.0,73.0,30.125,29.889,9.2,18.4,41.8,0.23600000000000065
2063,2022-04-18 00:00:00,32.6,79.0,26.5,29.9,1.1,2.0,20.0,1.47,2.83,0.0,44.0,23.2,91.0,48.0,30.049,29.806,8.1,11.5,44.0,0.24299999999999855
2064,2022-04-19 00:00:00,34.7,65.0,22.3,30.0,2.1,3.8,305.0,1.62,2.98,0.0,48.5,26.1,92.0,28.0,30.193,29.963,11.5,18.4,48.5,0.23000000000000043
2065,2022-04-20 00:00:00,35.0,64.0,22.6,29.9,3.0,5.1,334.0,1.64,3.0,0.0,47.2,24.2,86.0,27.0,30.019,29.826,21.9,29.9,47.2,0.19299999999999784
2066,2022-04-21 00:00:00,40.0,58.0,23.4,29.9,2.8,4.7,306.0,1.65,3.01,0.0,58.5,23.9,89.0,21.0,29.991,29.775,17.3,28.8,58.5,0.21600000000000108
2067,2022-04-22 00:00:00,41.1,62.0,27.3,29.8,2.2,3.6,278.0,1.65,3.01,0.0,60.4,25.3,89.0,18.0,29.946,29.677,19.6,27.6,60.4,0.2690000000000019
2068,2022-04-23 00:00:00,48.3,44.0,25.7,29.7,5.0,7.5,265.0,1.66,3.02,0.0,61.0,38.3,79.0,14.0,29.784,29.529,20.7,28.8,61.0,0.254999999999999
2069,2022-04-24 00:00:00,44.1,51.0,26.2,29.5,6.4,9.6,256.0,1.69,3.05,0.0,54.5,35.8,84.0,29.0,29.627,29.472,18.4,28.8,54.5,0.15499999999999758
2070,2022-04-25 00:00:00,45.5,52.0,27.4,29.6,7.1,11.0,254.0,1.77,3.13,0.0,56.0,38.2,88.0,26.0,29.642,29.492,19.6,29.9,56.0,0.14999999999999858
2071,2022-04-26 00:00:00,36.7,89.0,33.6,29.8,1.7,3.3,77.0,2.11,3.47,0.0,41.1,34.4,92.0,81.0,30.039,29.566,9.2,12.7,41.1,0.47300000000000253
2072,2022-04-27 00:00:00,36.4,84.0,31.9,30.2,2.5,4.6,76.0,2.11,3.47,0.0,42.7,32.8,92.0,69.0,30.319,30.034,11.5,13.8,42.7,0.28500000000000014
2073,2022-04-28 00:00:00,40.9,73.0,32.4,30.2,1.4,2.7,58.0,2.11,3.47,0.0,52.0,33.1,88.0,55.0,30.29,30.022,6.9,11.5,52.0,0.2680000000000007
2074,2022-04-29 00:00:00,49.7,50.0,26.9,29.9,3.9,6.2,267.0,2.12,3.48,0.0,69.8,27.3,92.0,14.0,30.138,29.672,18.4,25.3,75.8,0.4660000000000011
2075,2022-04-30 00:00:00,53.4,46.0,28.8,29.8,3.6,5.9,305.0,2.16,3.52,0.0,69.6,36.3,88.0,13.0,29.854,29.7,18.4,26.5,73.5,0.15399999999999991
2076,2022-05-15 00:00:00,45.1,51.0,27.8,29.6,6.2,8.9,269.0,0.27,3.79,0.0,49.1,41.5,64.0,41.0,29.704,29.592,15.0,20.7,49.1,0.11200000000000188
2077,2022-05-16 00:00:00,42.1,57.0,27.0,29.6,3.9,6.0,292.0,0.29,3.81,0.0,54.4,29.0,82.0,27.0,29.764,29.44,17.3,25.3,54.4,0.32399999999999807
2078,2022-05-17 00:00:00,46.3,53.0,28.7,29.8,4.3,7.0,285.0,0.29,3.81,0.0,59.5,35.0,83.0,24.0,30.013,29.172,16.1,24.2,59.5,0.8410000000000011
2079,2022-05-18 00:00:00,40.6,84.0,35.9,30.1,2.2,4.3,101.0,0.47,3.99,0.0,45.4,37.8,91.0,69.0,30.219,29.997,10.4,12.7,45.4,0.2220000000000013
2080,2022-05-19 00:00:00,35.7,91.0,33.2,30.1,1.2,2.3,55.0,1.19,4.71,0.0,40.5,32.5,93.0,87.0,30.122,29.969,10.4,16.1,40.5,0.1529999999999987
2081,2022-05-20 00:00:00,35.5,88.0,32.4,30.2,2.2,4.1,83.0,1.35,4.87,0.0,45.7,30.4,93.0,70.0,30.234,30.074,11.5,17.3,45.7,0.16000000000000014
2082,2022-05-21 00:00:00,42.6,79.0,36.2,30.0,2.3,4.2,71.0,1.35,4.87,0.0,55.1,34.4,93.0,56.0,30.192,29.858,11.5,17.3,55.1,0.33399999999999963
2083,2022-05-22 00:00:00,43.2,85.0,39.0,29.8,2.5,4.5,85.0,1.53,5.05,0.0,51.3,40.3,92.0,67.0,29.938,29.749,11.5,17.3,51.3,0.18900000000000006
2084,2022-05-23 00:00:00,42.9,80.0,36.9,29.8,2.3,4.1,341.0,1.64,5.16,0.0,52.8,36.2,92.0,55.0,29.924,29.731,17.3,26.5,52.8,0.19299999999999784
2085,2022-05-24 00:00:00,41.7,72.0,32.4,29.8,2.6,4.5,89.0,1.66,5.18,0.0,53.5,28.4,93.0,35.0,29.914,29.69,13.8,19.6,53.5,0.2240000000000002
2086,2022-05-25 00:00:00,44.1,71.0,33.3,29.8,3.3,5.4,315.0,1.8,5.32,0.0,61.0,31.3,92.0,24.0,29.944,29.689,15.0,21.9,61.0,0.254999999999999
2087,2022-05-26 00:00:00,47.8,66.0,35.1,29.9,3.9,6.0,286.0,1.83,5.35,0.0,60.6,33.8,96.0,32.0,29.997,29.796,21.9,26.5,60.6,0.2022000000000005
2088,2022-05-27 00:00:00,53.2,52.0,34.6,29.8,4.4,6.9,290.0,1.83,5.35,0.0,66.4,39.3,80.0,27.0,29.913,29.729,16.1,25.3,66.4,0.18400000000000105
2089,2022-05-28 00:00:00,51.8,51.0,33.3,29.8,5.6,8.7,291.0,1.83,5.35,0.0,64.5,41.5,75.0,27.0,29.919,29.741,18.4,26.5,64.5,0.17800000000000082
2090,2022-05-29 00:00:00,47.9,62.0,34.8,30.0,3.3,5.6,52.0,1.89,5.41,0.0,55.4,41.1,89.0,35.0,30.128,29.837,16.1,24.2,55.4,0.29100000000000037
2091,2022-05-30 00:00:00,51.0,66.0,39.2,30.0,2.4,4.5,102.0,1.89,5.41,0.0,63.2,34.9,91.0,38.0,30.2,29.897,16.1,19.6,63.2,0.3030000000000008
2092,2022-05-31 00:00:00,59.8,49.0,36.7,29.8,5.4,8.8,317.0,1.89,5.41,0.0,78.8,41.2,89.0,15.0,29.94,29.64,19.6,32.2,77.6,0.3000000000000007
2093,2022-06-01 00:00:00,59.4,48.0,37.3,29.8,2.5,4.4,313.0,0.06,6.92,0.0,77.2,42.3,80.0,20.0,29.852,29.621,16.1,24.2,77.3,0.23100000000000165
2094,2022-06-02 00:00:00,60.4,40.0,29.6,29.7,5.2,7.7,286.0,0.06,6.92,0.0,76.1,39.1,86.0,12.0,29.794,29.513,19.6,27.6,75.9,0.2809999999999988
2095,2022-06-03 00:00:00,55.6,57.0,40.0,29.7,2.7,5.0,92.0,0.1,6.96,0.0,69.0,38.5,89.0,30.0,29.779,29.58,11.5,17.3,77.5,0.19900000000000162
2096,2022-06-04 00:00:00,58.8,58.0,40.2,29.7,2.8,5.0,100.0,0.1,6.96,0.0,75.4,42.2,92.0,11.0,29.792,29.641,13.8,26.5,77.5,0.15100000000000335
2097,2022-06-05 00:00:00,53.8,73.0,45.0,29.8,1.9,3.5,91.0,0.24,7.1,0.0,63.2,40.6,89.0,53.0,29.959,29.719,19.6,27.6,63.2,0.23999999999999844
2098,2022-06-06 00:00:00,56.4,61.0,41.8,29.7,2.7,4.7,50.0,0.24,7.1,0.0,68.4,39.5,91.0,30.0,29.836,29.65,12.7,19.6,77.4,0.18599999999999994
2099,2022-06-07 00:00:00,55.7,56.0,38.7,29.8,3.5,5.9,347.0,0.24,7.1,0.0,67.6,41.1,86.0,24.0,29.952,29.695,16.1,20.7,67.6,0.25700000000000145
2100,2022-06-08 00:00:00,57.2,59.0,41.0,29.9,1.7,3.4,123.0,0.24,7.1,0.0,72.7,37.3,93.0,26.0,30.072,29.781,11.5,18.4,77.4,0.29100000000000037
2101,2022-06-09 00:00:00,61.1,51.0,38.8,29.8,2.1,3.8,244.0,0.24,7.1,0.0,79.6,40.8,89.0,13.0,29.938,29.607,19.6,28.8,78.6,0.3309999999999995
2102,2022-06-10 00:00:00,57.1,69.0,46.7,29.6,1.5,2.7,3.0,0.27,7.13,0.0,65.8,49.4,88.0,45.0,29.663,29.502,9.2,12.7,65.8,0.16100000000000136
2103,2022-06-11 00:00:00,53.3,80.0,47.0,29.7,2.1,3.7,66.0,0.53,7.39,0.0,64.7,47.4,92.0,48.0,29.79,29.574,11.5,16.1,64.7,0.21599999999999753
2104,2022-06-12 00:00:00,56.7,75.0,48.2,29.7,1.7,3.4,90.0,0.55,7.4,0.0,66.9,47.4,94.0,49.0,29.809,29.606,9.2,16.1,66.9,0.2029999999999994
2105,2022-06-13 00:00:00,56.6,64.0,42.0,29.7,2.8,4.6,289.0,0.77,7.62,0.0,78.3,41.2,94.0,21.0,29.803,29.554,12.7,19.6,78.3,0.24900000000000233
2106,2022-06-14 00:00:00,56.5,63.0,41.8,29.8,2.2,3.7,16.0,0.86,7.71,0.0,72.7,42.8,90.0,20.0,29.875,29.622,15.0,19.6,77.1,0.2530000000000001
2107,2022-06-15 00:00:00,53.0,81.0,47.2,29.9,2.1,3.9,85.0,0.93,7.78,0.0,64.2,43.6,93.0,58.0,30.014,29.815,11.5,18.4,64.2,0.19899999999999807
2108,2022-06-16 00:00:00,55.6,74.0,46.5,29.9,2.4,4.0,284.0,1.03,7.88,0.0,73.0,45.8,92.0,36.0,29.981,29.744,19.6,26.5,77.4,0.23700000000000188
2109,2022-06-17 00:00:00,59.8,67.0,47.4,29.8,2.6,4.4,46.0,1.03,7.88,0.0,76.8,42.6,93.0,26.0,29.978,29.708,11.5,17.3,77.9,0.2700000000000031
2110,2022-06-18 00:00:00,60.5,67.0,48.8,29.8,2.8,5.0,78.0,1.03,7.88,0.0,73.2,41.8,92.0,41.0,29.921,29.731,12.7,16.1,77.2,0.18999999999999773
2111,2022-06-19 00:00:00,67.3,45.0,37.3,29.7,3.5,5.7,277.0,1.03,7.88,0.0,84.7,44.6,92.0,12.0,29.842,29.452,15.0,20.7,81.6,0.389999999999997
2112,2022-06-20 00:00:00,64.5,47.0,43.0,29.6,2.8,5.0,75.0,1.03,7.88,0.0,79.2,48.2,76.0,25.0,29.72,29.562,15.0,18.4,79.1,0.1579999999999977
2113,2022-06-21 00:00:00,67.4,40.0,34.7,29.6,5.1,8.0,280.0,1.03,7.88,0.0,86.1,44.3,85.0,10.0,29.786,29.467,21.9,31.1,82.7,0.3190000000000026
2114,2022-06-22 00:00:00,64.5,41.0,38.7,29.7,4.0,6.8,82.0,1.03,7.88,0.0,77.6,54.7,73.0,14.0,29.889,29.491,13.8,19.6,77.5,0.3979999999999997
2115,2022-06-23 00:00:00,65.5,55.0,44.1,29.8,3.3,5.2,330.0,1.03,7.88,0.0,85.5,43.3,92.0,12.0,29.95,29.613,17.3,26.5,82.2,0.33699999999999974
2116,2022-06-24 00:00:00,62.4,54.0,43.3,29.8,2.3,3.9,345.0,1.04,7.89,0.0,81.6,48.6,79.0,16.0,29.92,29.617,13.8,20.7,79.5,0.3030000000000008
2117,2022-06-25 00:00:00,68.7,42.0,43.1,29.7,4.9,7.8,33.0,1.04,7.89,0.0,78.8,50.4,80.0,22.0,29.818,29.594,17.3,25.3,78.8,0.2240000000000002
2118,2022-06-26 00:00:00,62.4,70.0,52.1,29.9,2.8,5.0,91.0,1.06,7.91,0.0,70.9,53.5,91.0,49.0,29.965,29.739,13.8,19.6,77.1,0.2259999999999991
2119,2022-06-27 00:00:00,62.8,57.0,44.6,29.9,2.0,3.7,127.0,1.06,7.91,0.0,79.4,42.6,92.0,23.0,30.063,29.807,12.7,19.6,78.7,0.2560000000000002
2120,2022-06-28 00:00:00,60.8,63.0,45.8,29.9,2.0,3.3,79.0,1.21,8.06,0.0,80.9,45.4,89.0,20.0,30.043,29.772,15.0,21.9,79.4,0.2710000000000008
2121,2022-06-29 00:00:00,63.4,58.0,46.5,29.9,2.2,4.0,108.0,1.21,8.06,0.0,76.5,46.2,90.0,33.0,30.027,29.789,10.4,18.4,77.8,0.23799999999999955
2122,2022-06-30 00:00:00,63.4,59.0,45.6,29.8,2.3,3.9,315.0,1.3,8.15,0.0,84.9,45.5,89.0,16.0,29.91,29.638,19.6,32.2,81.9,0.27199999999999847
2123,2022-07-01 00:00:00,62.5,69.0,51.2,29.8,2.6,4.2,38.0,0.17,8.32,0.0,77.2,51.4,88.0,34.0,29.935,29.681,21.9,33.4,78.3,0.2539999999999978
2124,2022-07-02 00:00:00,59.5,75.0,50.7,29.8,3.0,5.0,81.0,0.69,8.84,0.0,72.5,49.2,93.0,46.0,29.956,29.697,32.2,42.6,77.4,0.25900000000000034
2125,2022-07-03 00:00:00,60.0,74.0,50.8,29.8,1.6,3.0,82.0,0.73,8.88,0.0,72.8,45.2,94.0,45.0,30.025,29.706,10.4,17.3,77.1,0.31899999999999906
2126,2022-07-04 00:00:00,64.2,60.0,46.6,29.7,2.8,4.8,357.0,0.89,9.04,0.0,83.0,46.7,92.0,19.0,29.855,29.569,28.8,36.8,80.7,0.28600000000000136
2127,2022-07-05 00:00:00,61.6,71.0,50.0,29.7,3.4,5.1,318.0,1.27,9.42,0.0,79.3,48.3,92.0,28.0,29.861,29.575,13.8,20.7,78.9,0.28600000000000136
2128,2022-07-06 00:00:00,54.6,91.0,51.9,29.9,2.3,4.1,84.0,1.54,9.69,0.0,56.9,52.0,93.0,84.0,30.025,29.615,8.1,11.5,56.9,0.41000000000000014
2129,2022-07-07 00:00:00,54.0,88.0,50.3,29.9,1.5,2.8,77.0,1.96,10.11,0.0,59.3,50.4,93.0,72.0,29.995,29.79,11.5,13.8,59.3,0.20500000000000185
2130,2022-07-08 00:00:00,52.0,89.0,48.8,29.8,1.3,2.4,104.0,2.3,10.45,0.0,59.3,48.3,95.0,70.0,29.871,29.737,11.5,17.3,59.3,0.13400000000000034
2131,2022-07-09 00:00:00,55.7,77.0,47.7,29.8,1.8,3.1,102.0,2.32,10.47,0.0,69.3,46.7,95.0,38.0,29.896,29.721,12.7,19.6,77.5,0.1750000000000007
2132,2022-07-10 00:00:00,61.5,50.0,40.0,29.7,5.4,8.6,305.0,2.38,10.53,0.0,73.2,47.9,91.0,22.0,29.801,29.653,19.6,29.9,76.7,0.1479999999999997
2133,2022-07-11 00:00:00,63.5,45.0,39.0,29.8,4.0,6.9,269.0,2.38,10.53,0.0,76.8,46.4,81.0,4.0,29.923,29.745,20.7,32.2,77.5,0.17799999999999727
2134,2022-07-12 00:00:00,66.4,40.0,38.4,29.8,5.3,8.2,264.0,2.38,10.53,0.0,81.1,49.6,73.0,15.0,29.867,29.657,20.7,29.9,79.2,0.21000000000000085
2135,2022-07-13 00:00:00,65.3,49.0,44.6,29.7,4.2,7.1,285.0,2.47,10.62,0.0,77.7,53.8,88.0,27.0,29.808,29.606,12.7,19.6,78.2,0.20229999999999818
2136,2022-07-14 00:00:00,60.6,63.0,46.6,29.7,2.5,4.2,347.0,2.92,11.07,0.0,76.1,50.8,91.0,33.0,29.882,29.62,12.7,18.4,77.7,0.26200000000000045
2137,2022-07-15 00:00:00,61.1,57.0,43.4,29.8,4.6,7.3,22.0,2.93,11.08,0.0,74.2,22.6,95.0,28.0,29.859,29.641,16.1,26.5,77.5,0.21800000000000352
2138,2022-07-16 00:00:00,63.9,39.0,38.1,29.7,5.4,8.6,271.0,2.93,11.08,0.0,74.9,50.5,64.0,27.0,29.77,29.627,17.3,25.3,77.2,0.14300000000000068
2139,2022-07-17 00:00:00,67.6,33.0,35.4,29.6,5.9,9.2,270.0,2.93,11.08,0.0,78.3,53.2,61.0,16.0,29.72,29.434,27.6,36.8,77.5,0.2859999999999978
2140,2022-07-18 00:00:00,58.8,58.0,42.9,29.8,2.8,4.8,263.0,2.93,11.08,0.0,76.3,44.5,85.0,26.0,29.925,29.615,19.6,28.8,77.6,0.3100000000000023
2141,2022-07-19 00:00:00,59.1,59.0,43.6,29.9,3.3,5.2,260.0,2.93,11.08,0.0,70.8,44.2,89.0,38.0,29.985,29.766,13.8,18.4,77.5,0.2190000000000012
2142,2022-07-20 00:00:00,59.1,54.0,40.5,29.9,1.9,3.5,122.0,2.93,11.08,0.0,73.2,41.1,88.0,27.0,30.034,29.733,10.4,16.1,77.3,0.3009999999999984
2143,2022-07-21 00:00:00,59.4,69.0,48.4,29.7,2.9,4.7,27.0,3.08,11.23,0.0,68.4,51.1,90.0,40.0,29.763,29.652,12.7,19.6,77.5,0.11100000000000065
2144,2022-07-22 00:00:00,63.3,51.0,42.7,29.7,4.4,7.0,280.0,3.08,11.23,0.0,78.1,48.8,88.0,24.0,29.736,29.555,18.4,26.5,78.3,0.18100000000000094
2145,2022-07-23 00:00:00,65.6,43.0,37.4,29.7,4.7,6.9,269.0,3.08,11.23,0.0,80.6,42.6,87.0,16.0,29.819,29.589,19.6,27.6,78.9,0.23000000000000043
2146,2022-07-24 00:00:00,64.9,40.0,38.7,29.8,2.6,4.3,316.0,3.08,11.23,0.0,78.5,47.0,68.0,20.0,30.031,29.679,9.2,16.1,78.1,0.3520000000000003
2147,2022-07-25 00:00:00,71.0,32.0,39.0,29.7,4.3,6.7,283.0,3.08,11.23,0.0,80.9,62.7,41.0,16.0,29.734,29.529,13.8,19.6,79.4,0.20500000000000185
2148,2022-07-26 00:00:00,70.2,34.0,36.2,29.6,2.9,4.2,281.0,3.08,11.23,0.0,82.0,45.1,77.0,9.0,29.861,29.42,15.0,20.7,79.7,0.44099999999999895
2149,2022-07-27 00:00:00,74.7,28.0,37.2,29.4,5.7,8.4,274.0,3.08,11.23,0.0,83.6,47.4,84.0,16.0,29.838,29.226,21.9,32.2,80.9,0.6120000000000019
2150,2022-07-28 00:00:00,67.7,26.0,31.0,29.6,5.9,8.7,254.0,3.08,11.23,0.0,79.4,57.3,40.0,15.0,29.884,29.31,18.4,26.5,78.3,0.5740000000000016
2151,2022-07-29 00:00:00,61.1,49.0,40.3,29.9,2.5,4.3,72.0,3.08,11.23,0.0,75.8,41.1,77.0,28.0,30.067,29.831,13.8,19.6,77.5,0.23600000000000065
2152,2022-07-30 00:00:00,64.6,44.0,37.5,30.0,2.4,4.1,51.0,3.08,11.23,0.0,82.0,42.8,83.0,11.0,30.099,29.72,12.7,19.6,79.7,0.37900000000000134
2153,2022-07-31 00:00:00,67.9,43.0,42.8,29.8,2.1,3.7,101.0,3.08,11.23,0.0,78.5,46.8,83.0,27.0,30.033,29.67,13.8,19.6,78.5,0.36299999999999955
2154,2022-08-01 00:00:00,65.9,47.0,41.0,29.8,2.0,3.4,95.0,0.0,11.24,0.0,85.7,45.7,86.0,13.0,29.903,29.483,12.7,18.4,82.5,0.41999999999999815
2155,2022-08-02 00:00:00,67.7,43.0,42.9,29.6,2.5,3.9,47.0,0.03,11.27,0.0,78.8,46.6,80.0,21.0,29.795,29.416,20.7,28.8,78.2,0.37900000000000134
2156,2022-08-03 00:00:00,62.4,51.0,41.3,29.7,2.3,3.9,199.0,0.05,11.29,0.0,75.3,50.8,85.0,22.0,29.886,29.667,20.7,27.6,77.4,0.21899999999999764
2157,2022-08-04 00:00:00,62.5,47.0,38.3,29.7,4.9,8.3,283.0,0.05,11.29,0.0,78.5,46.1,92.0,20.0,29.855,29.645,20.7,34.5,77.8,0.21000000000000085
2158,2022-08-05 00:00:00,64.9,41.0,35.8,29.7,2.9,4.8,273.0,0.05,11.29,0.0,85.5,41.5,77.0,14.0,29.908,29.57,17.3,25.3,82.3,0.33800000000000097
2159,2022-08-06 00:00:00,67.4,26.0,27.6,29.7,4.5,7.6,301.0,0.05,11.29,0.0,82.8,51.7,55.0,8.0,29.76,29.52,20.7,31.1,80.2,0.240000000000002
2160,2022-08-07 00:00:00,64.2,33.0,32.7,29.7,3.0,5.1,331.0,0.05,11.29,0.0,80.1,45.8,53.0,16.0,29.788,29.523,16.1,21.9,78.5,0.26500000000000057
2161,2022-08-08 00:00:00,64.4,39.0,36.7,29.7,4.4,6.9,258.0,0.05,11.29,0.0,79.4,48.0,72.0,18.0,29.747,29.556,16.1,21.9,78.1,0.19099999999999895
2162,2022-08-09 00:00:00,64.1,39.0,35.1,29.8,3.4,5.7,280.0,0.05,11.29,0.0,79.9,44.8,73.0,16.0,29.87,29.73,16.1,24.2,78.4,0.14000000000000057
2163,2022-08-10 00:00:00,61.0,53.0,41.3,29.9,2.2,4.1,97.0,0.05,11.29,0.0,78.0,42.6,80.0,20.0,29.995,29.817,15.0,20.7,77.5,0.17800000000000082
2164,2022-08-11 00:00:00,61.1,65.0,48.3,29.9,1.7,3.1,9.0,0.2,11.44,0.0,79.7,48.8,85.0,30.0,30.051,29.814,13.8,19.6,79.3,0.23699999999999832
2165,2022-08-12 00:00:00,67.1,48.0,44.3,29.9,4.3,7.0,270.0,0.2,11.44,0.0,84.5,49.6,84.0,24.0,30.048,29.773,17.3,26.5,82.0,0.2749999999999986
2166,2022-08-13 00:00:00,64.3,56.0,46.6,29.9,3.0,5.1,289.0,0.67,11.91,0.0,80.7,51.7,83.0,23.0,30.006,29.809,16.1,24.2,79.4,0.19699999999999918
2167,2022-08-14 00:00:00,65.0,58.0,46.8,29.9,1.7,3.3,165.0,0.67,11.91,0.0,82.2,46.8,91.0,24.0,30.093,29.785,11.5,16.1,80.5,0.30799999999999983
2168,2022-08-15 00:00:00,69.4,47.0,44.2,29.8,3.6,5.9,268.0,0.7,11.94,0.0,88.8,51.0,84.0,16.0,29.849,29.661,20.7,40.3,85.5,0.18799999999999883
2169,2022-08-16 00:00:00,62.0,69.0,50.7,29.8,3.2,5.1,242.0,0.75,11.99,0.0,76.5,49.5,93.0,30.0,29.892,29.684,13.8,19.6,77.8,0.2079999999999984
2170,2022-08-17 00:00:00,59.5,74.0,50.6,29.7,2.8,4.8,82.0,0.93,12.17,0.0,74.4,46.0,91.0,32.0,29.86,29.5,13.8,19.6,77.5,0.35999999999999943
2171,2022-08-18 00:00:00,52.5,66.0,39.7,29.7,3.5,6.0,77.0,0.96,12.2,0.0,69.6,41.1,90.0,21.0,29.902,29.594,13.8,19.6,77.2,0.30799999999999983
2172,2022-08-19 00:00:00,48.9,72.0,39.3,29.9,2.2,4.2,101.0,1.03,12.27,0.0,60.9,34.6,94.0,48.0,30.078,29.794,10.4,13.8,60.9,0.2839999999999989
2173,2022-08-20 00:00:00,58.1,48.0,32.6,29.8,2.7,4.9,353.0,1.03,12.27,0.0,79.6,37.9,90.0,14.0,29.866,29.662,13.8,27.6,78.2,0.20400000000000063
2174,2022-08-21 00:00:00,62.0,36.0,28.6,29.6,4.0,6.6,296.0,1.03,12.27,0.0,84.5,36.8,77.0,10.0,29.777,29.467,16.1,27.6,81.5,0.3100000000000023
2175,2022-08-22 00:00:00,64.2,37.0,35.4,29.6,4.1,7.0,305.0,1.03,12.27,0.0,82.0,47.4,67.0,12.0,29.895,29.415,18.4,26.5,79.7,0.4800000000000004
2176,2022-08-23 00:00:00,53.8,56.0,36.2,30.0,2.2,3.9,52.0,1.03,12.27,0.0,71.5,35.9,89.0,24.0,30.123,29.895,12.7,18.4,77.2,0.22800000000000153
2177,2022-08-24 00:00:00,61.5,41.0,32.0,29.9,2.5,4.5,344.0,1.03,12.27,0.0,85.9,38.3,77.0,10.0,30.092,29.838,15.0,20.7,82.6,0.2539999999999978
2178,2022-08-25 00:00:00,65.0,37.0,33.0,29.9,2.0,3.6,120.0,1.03,12.27,0.0,87.9,41.6,73.0,10.0,30.027,29.777,11.5,18.4,84.2,0.25
2179,2022-08-26 00:00:00,64.1,41.0,37.5,29.8,2.5,4.2,304.0,1.1,12.34,0.0,84.3,46.8,66.0,15.0,29.949,29.633,15.0,19.6,81.4,0.3160000000000025
2180,2022-08-27 00:00:00,65.4,48.0,44.8,29.7,4.6,7.5,260.0,1.1,12.34,0.0,74.4,54.7,74.0,34.0,29.822,29.622,17.3,19.6,77.5,0.1999999999999993
2181,2022-08-28 00:00:00,62.1,47.0,40.6,29.9,2.7,4.9,316.0,1.12,12.36,0.0,72.5,48.6,72.0,26.0,29.968,29.791,10.4,18.4,77.4,0.1769999999999996
2182,2022-08-29 00:00:00,61.2,49.0,37.5,29.9,1.7,3.2,84.0,1.12,12.36,0.0,80.1,40.6,88.0,17.0,30.085,29.741,12.7,19.6,78.7,0.3440000000000012
2183,2022-08-30 00:00:00,66.5,37.0,34.7,29.7,3.8,6.2,267.0,1.12,12.36,0.0,86.3,42.5,76.0,13.0,29.88,29.481,17.3,26.5,82.9,0.39899999999999736
2184,2022-08-31 00:00:00,65.6,42.0,40.7,29.6,6.6,10.3,266.0,1.12,12.36,0.0,77.0,50.4,77.0,22.0,29.814,29.474,17.3,27.6,77.4,0.33999999999999986
2185,2022-09-01 00:00:00,62.6,41.0,35.7,29.8,3.6,5.8,265.0,0.0,12.36,0.0,81.8,46.1,80.0,15.0,29.836,29.684,17.3,20.7,79.6,0.15199999999999747
2186,2022-09-02 00:00:00,69.8,29.0,35.0,29.6,6.5,10.1,259.0,0.0,12.36,0.0,83.4,54.0,45.0,16.0,29.777,29.531,17.3,26.5,80.8,0.24600000000000222
2187,2022-09-03 00:00:00,59.8,54.0,42.0,29.6,2.7,4.8,281.0,0.07,12.43,0.0,75.4,48.2,87.0,25.0,29.815,29.544,13.8,19.6,77.4,0.2710000000000008
2188,2022-09-04 00:00:00,60.9,41.0,35.1,29.7,4.3,7.1,254.0,0.07,12.43,0.0,77.9,22.4,72.0,18.0,29.784,29.606,18.4,24.2,77.4,0.17799999999999727
2189,2022-09-05 00:00:00,68.0,30.0,34.7,29.6,7.3,11.3,267.0,0.07,12.43,0.0,75.3,60.4,45.0,21.0,29.701,29.519,20.7,28.8,77.2,0.18200000000000216
2190,2022-09-06 00:00:00,64.8,32.0,32.7,29.7,4.8,7.6,251.0,0.07,12.43,0.0,76.7,53.8,53.0,15.0,29.813,29.593,16.1,25.3,77.0,0.21999999999999886
2191,2022-09-07 00:00:00,57.0,50.0,37.9,29.8,4.2,6.6,248.0,0.08,12.44,0.0,68.6,44.8,75.0,30.0,29.924,29.641,17.3,26.5,76.9,0.28300000000000125
2192,2022-09-08 00:00:00,57.7,38.0,24.1,29.9,3.4,6.0,319.0,0.08,12.44,0.0,77.6,38.8,85.0,8.0,29.957,29.805,15.0,24.2,76.5,0.15200000000000102
2193,2022-09-09 00:00:00,60.2,22.0,17.9,29.8,4.1,6.8,296.0,0.08,12.44,0.0,81.8,37.2,49.0,9.0,29.947,29.68,16.1,26.5,79.4,0.26699999999999946
2194,2022-09-10 00:00:00,57.5,30.0,21.9,29.9,2.8,4.9,309.0,0.08,12.44,0.0,80.3,34.9,63.0,9.0,29.984,29.79,13.8,20.7,78.3,0.19400000000000261
2195,2022-09-11 00:00:00,53.3,60.0,38.1,30.0,1.7,3.2,66.0,0.08,12.44,0.0,69.8,35.2,87.0,31.0,30.175,29.911,12.7,19.6,77.3,0.26399999999999935
2196,2022-09-12 00:00:00,57.4,49.0,33.3,29.9,2.0,3.7,84.0,0.08,12.44,0.0,80.6,35.8,89.0,12.0,30.107,29.738,12.7,19.6,78.8,0.3689999999999998
2197,2022-09-13 00:00:00,58.2,32.0,20.5,29.7,3.2,5.3,285.0,0.08,12.44,0.0,81.8,35.2,73.0,7.0,29.892,29.579,17.3,25.3,79.5,0.31299999999999883
2198,2022-09-14 00:00:00,59.6,29.0,25.5,29.6,3.4,5.8,286.0,0.08,12.44,0.0,75.1,39.5,54.0,13.0,29.759,29.456,20.7,34.5,75.6,0.3030000000000008
2199,2022-09-15 00:00:00,62.9,38.0,36.7,29.5,8.9,14.0,256.0,0.08,12.44,0.0,70.9,54.8,62.0,25.0,29.663,29.39,25.3,41.4,76.5,0.2729999999999997
2200,2022-09-16 00:00:00,62.7,39.0,35.6,29.6,7.4,11.3,265.0,0.09,12.45,0.0,71.8,47.7,80.0,20.0,29.708,29.499,23.0,28.8,76.3,0.20899999999999963
2201,2022-09-17 00:00:00,58.4,45.0,36.2,29.6,4.4,7.3,279.0,0.09,12.45,0.0,65.8,44.3,73.0,29.0,29.794,29.502,18.4,27.6,65.8,0.2920000000000016
2202,2022-09-18 00:00:00,51.6,50.0,29.9,29.9,3.3,6.1,334.0,0.12,12.48,0.0,69.6,38.0,87.0,15.0,29.997,29.761,15.0,26.5,73.7,0.23600000000000065
2203,2022-09-19 00:00:00,51.4,45.0,24.5,29.9,2.9,5.0,310.0,0.12,12.48,0.0,74.7,28.1,88.0,12.0,30.091,29.788,17.3,21.9,75.0,0.3030000000000008
2204,2022-09-20 00:00:00,56.6,26.0,18.0,29.8,4.7,7.3,294.0,0.12,12.48,0.0,79.0,35.6,57.0,9.0,29.926,29.736,18.4,25.3,77.4,0.18999999999999773
2205,2022-09-21 00:00:00,61.6,21.0,19.2,29.7,4.3,7.0,292.0,0.12,12.48,0.0,80.3,38.9,41.0,10.0,29.87,29.573,16.1,21.9,78.4,0.2970000000000006
2206,2022-09-22 00:00:00,54.8,44.0,31.7,29.8,1.6,3.1,63.0,0.12,12.48,0.0,74.2,37.3,75.0,16.0,29.982,29.712,9.2,13.8,77.2,0.2699999999999996
2207,2022-09-23 00:00:00,57.7,55.0,37.7,29.8,2.6,4.3,42.0,0.12,12.48,0.0,81.2,39.9,89.0,12.0,29.916,29.663,19.6,29.9,79.1,0.2530000000000001
2208,2022-09-24 00:00:00,55.8,45.0,30.4,30.0,1.9,3.6,80.0,0.12,12.48,0.0,77.7,34.6,79.0,18.0,30.203,29.839,13.8,19.6,77.2,0.36400000000000077
2209,2022-09-25 00:00:00,55.9,45.0,31.7,30.1,1.9,3.6,116.0,0.12,12.48,0.0,75.7,35.3,79.0,20.0,30.252,29.949,12.7,18.4,76.4,0.30299999999999727
2210,2022-09-26 00:00:00,57.4,41.0,27.3,29.9,1.9,3.3,168.0,0.12,12.48,0.0,81.8,34.4,83.0,11.0,30.129,29.72,13.8,19.6,79.5,0.4090000000000025
2211,2022-09-27 00:00:00,58.6,36.0,28.7,29.8,1.7,3.1,116.0,0.12,12.48,0.0,80.7,37.5,65.0,14.0,29.961,29.628,15.0,20.7,78.8,0.3329999999999984
2212,2022-09-28 00:00:00,54.1,53.0,35.2,29.8,2.2,3.6,3.0,0.12,12.48,0.0,75.4,40.6,78.0,18.0,29.97,29.645,17.3,24.2,76.9,0.3249999999999993
2213,2022-09-29 00:00:00,55.0,72.0,45.2,29.9,1.8,3.4,108.0,0.21,12.57,0.0,69.7,45.2,92.0,32.0,29.965,29.788,11.5,17.3,77.5,0.1769999999999996
2214,2022-09-30 00:00:00,54.1,62.0,38.6,29.9,1.8,3.1,287.0,0.21,12.57,0.0,68.8,43.5,93.0,23.0,30.024,29.828,11.5,19.6,75.4,0.1960000000000015
2215,2022-10-01 00:00:00,54.3,57.0,37.4,29.9,1.8,3.0,351.0,0.0,12.57,0.0,73.9,41.9,80.0,24.0,30.046,29.816,16.1,20.7,77.0,0.23000000000000043
2216,2022-10-02 00:00:00,50.3,76.0,42.5,29.7,3.0,4.9,66.0,0.02,12.59,0.0,68.4,40.9,92.0,39.0,29.883,29.562,13.8,18.4,77.4,0.32099999999999795
2217,2022-10-03 00:00:00,47.8,75.0,38.8,29.7,3.6,5.7,54.0,0.07,12.64,0.0,65.5,38.9,91.0,18.0,29.784,29.503,15.0,21.9,65.5,0.2809999999999988
2218,2022-10-04 00:00:00,46.5,85.0,42.0,29.8,2.2,3.9,80.0,0.12,12.69,0.0,56.3,42.2,94.0,55.0,29.921,29.562,12.7,16.1,56.3,0.3589999999999982
2219,2022-10-05 00:00:00,51.5,60.0,34.5,29.9,2.2,3.9,86.0,0.12,12.69,0.0,68.4,33.2,92.0,22.0,30.05,29.768,12.7,17.3,74.9,0.28200000000000003
2220,2022-10-06 00:00:00,46.9,77.0,39.8,30.0,1.2,2.2,63.0,0.3,12.87,0.0,61.5,36.2,92.0,49.0,30.121,29.842,10.4,16.1,61.5,0.2789999999999999
2221,2022-10-07 00:00:00,48.3,71.0,37.6,30.0,1.0,2.0,155.0,0.3,12.87,0.0,67.4,32.5,95.0,28.0,30.176,29.902,10.4,13.8,67.4,0.27399999999999736
2222,2022-10-08 00:00:00,48.8,66.0,35.3,30.1,1.9,3.5,87.0,0.31,12.88,0.0,69.1,32.2,93.0,21.0,30.278,29.996,11.5,17.3,76.3,0.28200000000000003
2223,2022-10-09 00:00:00,51.9,61.0,37.1,30.1,2.2,3.9,28.0,0.31,12.88,0.0,65.2,35.9,93.0,30.0,30.319,29.919,10.4,19.6,65.2,0.3999999999999986
2224,2022-10-10 00:00:00,65.8,22.0,25.3,29.8,7.6,11.6,305.0,0.31,12.88,0.0,77.2,56.6,30.0,13.0,30.015,29.607,16.1,21.9,76.6,0.40800000000000125
2225,2022-10-11 00:00:00,65.0,23.0,26.1,29.6,10.9,17.5,332.0,0.31,12.88,0.0,74.2,59.6,35.0,14.0,29.706,29.473,25.3,41.4,75.8,0.23300000000000054
2226,2022-10-12 00:00:00,61.8,15.0,12.3,29.8,7.2,11.4,311.0,0.31,12.88,0.0,75.4,53.6,23.0,8.0,29.903,29.672,19.6,32.2,74.9,0.2309999999999981
2227,2022-10-13 00:00:00,63.1,16.0,15.0,29.8,6.2,9.9,332.0,0.31,12.88,0.0,78.0,53.1,22.0,9.0,29.931,29.728,16.1,26.5,76.6,0.2029999999999994
2228,2022-10-14 00:00:00,61.7,18.0,16.6,29.8,7.3,11.4,345.0,0.31,12.88,0.0,76.3,41.3,36.0,9.0,29.966,29.681,18.4,29.9,75.4,0.28500000000000014
2229,2022-10-15 00:00:00,46.6,45.0,25.6,30.1,2.0,3.9,95.0,0.31,12.88,0.0,60.4,34.3,65.0,31.0,30.312,29.917,10.4,17.3,60.4,0.3949999999999996
2230,2022-10-16 00:00:00,47.1,50.0,25.9,30.2,1.9,3.2,52.0,0.31,12.88,0.0,72.3,26.7,89.0,15.0,30.371,29.925,15.0,19.6,74.4,0.44599999999999795
2231,2022-10-17 00:00:00,48.4,44.0,23.6,30.1,1.4,2.8,72.0,0.31,12.88,0.0,69.8,28.8,78.0,14.0,30.28,29.866,9.2,16.1,73.8,0.4140000000000015
2232,2022-10-18 00:00:00,52.2,46.0,30.8,29.9,4.1,6.5,356.0,0.31,12.88,0.0,66.5,37.5,67.0,28.0,29.991,29.769,16.1,24.2,66.5,0.2220000000000013
2233,2022-10-19 00:00:00,46.7,60.0,32.6,29.8,3.3,5.2,342.0,0.31,12.88,0.0,62.1,35.3,81.0,34.0,29.918,29.783,16.1,24.2,62.1,0.134999999999998
2234,2022-10-20 00:00:00,49.5,50.0,29.9,29.9,3.2,5.3,309.0,0.33,12.9,0.0,64.0,33.5,83.0,22.0,29.94,29.761,12.7,19.6,64.0,0.17900000000000205
2235,2022-10-21 00:00:00,40.4,88.0,37.0,30.1,0.9,2.1,126.0,0.74,13.31,0.0,44.1,38.5,91.0,83.0,30.194,29.897,5.8,10.4,44.1,0.2970000000000006
2236,2022-10-22 00:00:00,36.2,89.0,33.3,29.9,0.3,0.7,189.0,1.25,13.82,0.0,38.9,33.1,92.0,86.0,30.096,29.799,4.6,5.8,38.9,0.2970000000000006
2237,2022-10-23 00:00:00,42.5,61.0,28.8,29.9,3.3,5.7,316.0,1.31,13.88,0.0,52.6,30.0,93.0,32.0,30.138,29.787,11.5,19.6,52.6,0.35100000000000264
2238,2022-10-24 00:00:00,41.3,52.0,22.6,30.1,4.9,7.4,276.0,1.31,13.88,0.0,56.3,26.1,89.0,23.0,30.214,30.019,17.3,26.5,56.3,0.19500000000000028
2239,2022-10-25 00:00:00,46.1,45.0,22.4,30.1,3.7,5.8,288.0,1.31,13.88,0.0,63.1,26.4,85.0,15.0,30.191,29.937,13.8,25.3,63.1,0.2539999999999978
2240,2022-10-26 00:00:00,46.2,53.0,29.0,29.9,4.8,7.3,267.0,1.31,13.88,0.0,56.5,36.6,71.0,31.0,29.937,29.746,17.3,21.9,56.5,0.1910000000000025
2241,2022-10-27 00:00:00,39.4,56.0,24.6,29.8,6.8,10.4,254.0,1.33,13.9,0.0,45.7,33.7,85.0,38.0,29.993,29.737,18.4,27.6,45.7,0.2560000000000002
2242,2022-10-28 00:00:00,43.9,26.0,9.1,29.8,9.5,13.7,270.0,1.33,13.9,0.0,59.2,35.3,47.0,9.0,29.983,29.664,20.7,28.8,59.2,0.31899999999999906
2243,2022-10-29 00:00:00,37.9,52.0,20.3,29.8,1.9,3.1,64.0,1.33,13.9,0.0,53.5,28.1,76.0,24.0,29.874,29.689,10.4,13.8,53.5,0.18499999999999872
2244,2022-10-30 00:00:00,37.1,69.0,26.9,29.8,3.1,4.7,315.0,1.37,13.93,0.0,48.1,28.7,90.0,28.0,29.917,29.647,25.3,36.8,48.1,0.2700000000000031
2245,2022-10-31 00:00:00,44.9,42.0,23.3,29.8,12.0,17.6,267.0,1.37,13.93,0.0,51.3,37.3,52.0,34.0,29.91,29.66,25.3,34.5,51.3,0.25
2246,2022-11-01 00:00:00,51.5,31.0,21.3,29.8,10.0,14.6,283.0,0.0,13.94,0.0,61.8,46.0,44.0,19.0,29.887,29.639,24.2,36.8,61.8,0.2480000000000011
2247,2022-11-02 00:00:00,50.2,33.0,19.8,29.6,7.6,10.8,287.0,0.0,13.94,0.0,64.7,27.8,72.0,15.0,29.713,29.48,19.6,29.9,64.7,0.23300000000000054
2248,2022-11-03 00:00:00,45.7,32.0,13.0,29.6,3.1,5.3,292.0,0.0,13.94,0.0,64.0,25.4,77.0,11.0,29.793,29.414,16.1,26.5,64.0,0.3789999999999978
2249,2022-11-04 00:00:00,35.2,69.0,25.4,29.7,1.9,3.3,49.0,0.14,14.08,0.0,49.2,25.4,90.0,40.0,29.831,29.565,12.7,18.4,49.2,0.26599999999999824
2250,2022-11-05 00:00:00,32.1,62.0,18.7,29.9,6.1,9.7,287.0,0.17,14.11,0.0,40.8,28.1,90.0,32.0,30.1,29.655,19.6,34.5,40.8,0.4450000000000003
2251,2022-11-06 00:00:00,30.5,44.0,10.7,30.2,6.3,9.5,268.0,0.17,14.11,0.0,39.2,23.9,69.0,27.0,30.392,29.97,19.6,28.8,39.2,0.4220000000000006
2252,2022-11-07 00:00:00,30.6,43.0,7.9,30.4,1.5,2.8,64.0,0.17,14.11,0.0,51.9,13.3,71.0,11.0,30.589,30.154,12.7,18.4,51.9,0.4349999999999987
2253,2022-11-08 00:00:00,35.9,41.0,7.4,30.1,1.0,1.9,67.0,0.17,14.11,0.0,63.9,16.4,74.0,6.0,30.362,29.792,6.9,11.5,63.9,0.5699999999999967
2254,2022-11-09 00:00:00,39.2,30.0,7.0,29.9,5.4,7.9,290.0,0.17,14.11,0.0,55.1,25.4,55.0,11.0,30.075,29.752,21.9,31.1,55.1,0.3230000000000004
2255,2022-11-10 00:00:00,43.5,39.0,16.0,29.6,5.3,8.4,276.0,0.17,14.11,0.0,54.2,29.8,89.0,16.0,29.827,29.489,20.7,32.2,54.2,0.33800000000000097
2256,2022-11-11 00:00:00,29.0,60.0,15.6,29.9,10.4,14.4,287.0,0.27,14.21,0.0,33.1,26.3,91.0,32.0,30.137,29.503,32.2,42.6,33.1,0.6340000000000003
2257,2022-11-12 00:00:00,31.1,44.0,11.1,30.2,8.1,11.7,268.0,0.28,14.22,0.0,40.2,23.3,67.0,30.0,30.316,30.098,23.0,35.7,40.2,0.21799999999999997
2258,2022-11-13 00:00:00,39.4,29.0,9.3,30.1,9.0,12.8,266.0,0.28,14.22,0.0,51.2,30.3,51.0,20.0,30.264,29.981,21.9,32.2,51.2,0.2829999999999977
2259,2022-11-14 00:00:00,41.3,34.0,12.1,30.0,2.3,3.7,274.0,0.28,14.22,0.0,60.1,21.6,69.0,13.0,30.198,29.798,11.5,13.8,60.1,0.40000000000000213
2260,2022-11-15 00:00:00,41.1,23.0,2.3,29.7,6.7,10.0,284.0,0.28,14.22,0.0,52.6,19.9,70.0,9.0,29.97,29.409,21.9,28.8,52.6,0.5609999999999999
2261,2022-11-16 00:00:00,35.1,53.0,16.9,29.5,2.8,4.5,27.0,0.28,14.22,0.0,45.7,27.9,88.0,13.0,29.667,29.302,12.7,21.9,45.7,0.365000000000002
2262,2022-11-17 00:00:00,31.0,50.0,13.0,29.7,10.4,15.2,288.0,0.35,14.29,0.0,39.8,24.2,84.0,24.0,29.809,29.608,31.1,47.2,39.8,0.2022000000000005
2263,2022-11-18 00:00:00,33.4,43.0,12.9,29.6,15.2,23.7,268.0,0.35,14.29,0.0,38.9,29.1,61.0,27.0,29.948,29.414,40.3,51.8,38.9,0.5339999999999989
2264,2022-11-19 00:00:00,36.0,40.0,13.6,29.9,13.9,20.3,281.0,0.35,14.29,0.0,39.9,29.5,54.0,28.0,30.023,29.803,32.2,42.6,39.9,0.21999999999999886
2265,2022-11-20 00:00:00,31.9,55.0,16.3,29.9,5.1,7.3,278.0,0.43,14.37,0.0,39.9,18.8,89.0,22.0,30.377,29.717,31.1,34.5,39.9,0.6600000000000001
2266,2022-11-21 00:00:00,28.3,28.0,-5.4,30.2,11.4,15.7,273.0,0.43,14.37,0.0,35.5,10.0,78.0,13.0,30.456,29.72,27.6,35.7,35.5,0.7360000000000007
2267,2022-11-22 00:00:00,41.6,19.0,2.5,30.0,13.3,18.4,267.0,0.43,14.37,0.0,51.1,32.1,27.0,14.0,30.095,29.927,33.4,46.0,51.1,0.16799999999999926
2268,2022-11-23 00:00:00,44.7,17.0,0.7,29.9,7.3,10.8,278.0,0.43,14.37,0.0,52.9,35.9,28.0,10.0,30.0,29.723,17.3,24.2,52.9,0.277000000000001
2269,2022-11-24 00:00:00,42.8,24.0,6.8,29.7,7.9,11.7,282.0,0.43,14.37,0.0,50.2,24.8,56.0,10.0,29.767,29.575,27.6,39.1,50.2,0.19200000000000017
2270,2022-11-25 00:00:00,29.3,59.0,14.9,29.8,2.9,5.0,72.0,0.43,14.37,0.0,46.0,18.9,87.0,24.0,30.107,29.59,11.5,17.3,46.0,0.5169999999999995
2271,2022-11-26 00:00:00,13.3,80.0,8.3,30.4,2.8,4.6,68.0,0.47,14.41,0.0,19.2,5.2,86.0,74.0,30.636,30.002,6.9,11.5,19.2,0.6340000000000003
2272,2022-11-27 00:00:00,10.2,74.0,3.5,30.6,1.8,3.0,74.0,0.55,14.49,0.0,23.0,4.3,80.0,59.0,30.762,30.416,10.4,12.7,23.0,0.3460000000000001
2273,2022-11-28 00:00:00,15.9,75.0,9.3,30.4,1.0,1.9,38.0,0.64,14.58,0.0,26.8,2.2,84.0,62.0,30.498,30.2,9.2,12.7,26.8,0.2980000000000018
2274,2022-11-29 00:00:00,18.4,75.0,11.3,30.2,1.7,2.5,36.0,0.67,14.61,0.0,32.1,8.1,84.0,37.0,30.308,30.001,16.1,19.6,32.1,0.3069999999999986
2275,2022-11-30 00:00:00,15.1,55.0,0.5,30.1,8.4,12.5,269.0,0.67,14.61,0.0,21.8,2.8,82.0,35.0,30.238,30.011,24.2,38.0,21.8,0.2270000000000003
2276,2022-12-01 00:00:00,23.7,35.0,-0.1,30.1,15.6,21.8,254.0,0.0,14.61,0.0,31.0,16.2,43.0,23.0,30.227,30.014,31.1,42.6,31.0,0.21300000000000097
2277,2022-12-02 00:00:00,34.0,25.0,1.8,30.2,10.0,13.9,256.0,0.0,14.61,0.0,39.1,29.3,35.0,18.0,30.23,30.087,19.6,27.6,39.1,0.14300000000000068
2278,2022-12-03 00:00:00,32.7,42.0,10.2,30.2,6.8,9.7,269.0,0.0,14.61,0.0,43.5,14.9,77.0,25.0,30.31,30.086,20.7,29.9,43.5,0.2240000000000002
2279,2022-12-04 00:00:00,39.6,29.0,7.3,30.0,6.1,9.0,257.0,0.0,14.61,0.0,54.1,13.5,78.0,14.0,30.242,29.858,20.7,27.6,54.1,0.38400000000000034
2280,2022-12-05 00:00:00,33.0,36.0,8.6,30.2,6.6,10.3,287.0,0.0,14.61,0.0,42.5,18.3,47.0,24.0,30.562,29.874,17.3,25.3,42.5,0.6880000000000024
2281,2022-12-06 00:00:00,34.5,21.0,-7.4,30.4,6.8,9.9,275.0,0.0,14.61,0.0,51.0,14.3,51.0,5.0,30.617,30.126,23.0,34.5,51.0,0.49099999999999966
2282,2022-12-07 00:00:00,43.8,21.0,5.8,29.9,15.1,22.6,280.0,0.0,14.61,0.0,49.8,37.0,39.0,14.0,30.114,29.651,34.5,47.2,49.8,0.46300000000000097
2283,2022-12-08 00:00:00,42.2,42.0,20.3,29.8,13.0,19.3,274.0,0.02,14.63,0.0,48.1,34.4,82.0,27.0,29.946,29.697,32.2,44.9,48.1,0.24900000000000233
2284,2022-12-09 00:00:00,47.4,28.0,15.2,29.7,15.8,22.8,253.0,0.02,14.63,0.0,55.9,41.6,43.0,17.0,29.847,29.474,34.5,44.9,55.9,0.3730000000000011
2285,2022-12-10 00:00:00,43.4,28.0,12.1,29.6,9.8,14.4,258.0,0.02,14.63,0.0,48.5,36.3,40.0,22.0,29.733,29.347,23.0,34.5,48.5,0.38599999999999923
2286,2022-12-11 00:00:00,32.7,70.0,23.3,29.6,3.3,5.4,209.0,0.08,14.69,0.0,44.8,25.8,88.0,26.0,29.809,29.345,17.3,31.1,44.8,0.4640000000000022
2287,2022-12-12 00:00:00,23.5,82.0,18.8,29.9,1.6,3.1,99.0,0.08,14.69,0.0,26.7,16.4,87.0,75.0,30.049,29.66,8.1,11.5,26.7,0.38899999999999935
2288,2022-12-13 00:00:00,22.4,69.0,12.8,29.9,1.7,2.9,317.0,0.18,14.79,0.0,47.0,4.1,86.0,33.0,30.128,29.503,13.8,21.9,47.0,0.625
2289,2022-12-14 00:00:00,32.6,53.0,16.4,29.4,4.3,6.7,24.0,0.18,14.79,0.0,43.6,21.8,84.0,32.0,29.589,29.268,12.7,21.9,43.6,0.32099999999999795
2290,2022-12-15 00:00:00,18.3,71.0,10.2,29.7,4.4,7.1,292.0,0.18,14.79,0.0,21.9,14.3,86.0,45.0,29.915,29.326,21.9,29.9,21.9,0.5889999999999986
2291,2022-12-16 00:00:00,17.5,43.0,-1.3,30.0,10.6,15.3,265.0,0.18,14.79,0.0,23.2,10.0,54.0,32.0,30.093,29.86,25.3,36.8,23.2,0.23300000000000054
2292,2022-12-17 00:00:00,17.2,36.0,-5.7,30.1,10.8,16.3,280.0,0.18,14.79,0.0,22.7,13.3,61.0,25.0,30.21,29.952,27.6,44.9,22.7,0.2579999999999991
2293,2022-12-18 00:00:00,32.4,45.0,13.3,30.1,13.6,19.9,276.0,0.18,14.79,0.0,42.9,22.2,51.0,33.0,30.132,29.983,33.4,52.9,42.9,0.1490000000000009
2294,2022-12-19 00:00:00,44.2,25.0,10.4,29.8,10.3,15.6,313.0,0.18,14.79,0.0,51.1,29.7,50.0,18.0,30.08,29.604,23.0,34.5,51.1,0.4759999999999991
2295,2022-12-20 00:00:00,36.4,39.0,12.5,29.6,8.4,12.5,321.0,0.18,14.79,0.0,45.2,28.4,73.0,15.0,29.758,29.524,23.0,40.3,45.2,0.2339999999999982
2296,2022-12-21 00:00:00,30.8,47.0,12.6,29.7,12.3,17.7,306.0,0.18,14.79,0.0,35.3,27.2,72.0,32.0,29.909,29.554,27.6,41.4,35.3,0.3550000000000004
2297,2022-12-22 00:00:00,30.9,69.0,21.7,29.3,4.2,6.4,85.0,0.18,14.79,0.0,36.9,20.3,89.0,52.0,29.55,29.217,13.8,25.3,36.9,0.33300000000000196
2298,2022-12-23 00:00:00,19.6,59.0,7.2,29.5,4.2,6.8,312.0,0.26,14.87,0.0,28.1,12.0,83.0,39.0,29.719,29.352,16.1,24.2,28.1,0.3670000000000009
2299,2022-12-24 00:00:00,15.3,44.0,-2.9,30.0,6.1,8.9,271.0,0.26,14.87,0.0,20.4,8.4,61.0,32.0,30.139,29.696,18.4,26.5,20.4,0.44299999999999784
2300,2022-12-25 00:00:00,17.7,68.0,8.6,29.9,1.7,2.7,62.0,0.27,14.88,0.0,31.5,8.4,84.0,40.0,30.078,29.722,10.4,12.7,31.5,0.3559999999999981
2301,2022-12-26 00:00:00,8.7,69.0,0.4,30.5,1.2,2.0,53.0,0.29,14.9,0.0,19.9,-7.0,82.0,43.0,30.907,29.949,9.2,11.5,19.9,0.9579999999999984
2302,2022-12-27 00:00:00,3.4,64.0,-6.8,30.7,1.1,1.9,35.0,0.34,14.95,0.0,33.1,-12.2,76.0,30.0,31.017,30.322,10.4,13.8,33.1,0.6950000000000003
2303,2022-12-28 00:00:00,13.1,50.0,-4.9,30.1,4.5,6.8,313.0,0.34,14.95,0.0,36.0,-8.6,76.0,17.0,30.355,29.857,19.6,27.6,36.0,0.4980000000000011
2304,2022-12-29 00:00:00,10.9,62.0,-0.3,30.1,1.3,2.2,49.0,0.35,14.96,0.0,29.8,-2.0,79.0,31.0,30.309,29.881,10.4,12.7,29.8,0.4280000000000008
2305,2022-12-30 00:00:00,12.0,57.0,-1.2,30.3,2.8,4.1,283.0,0.35,14.96,0.0,25.3,0.7,79.0,33.0,30.468,30.107,16.1,20.7,25.3,0.36100000000000065
2306,2022-12-31 00:00:00,6.7,66.0,-2.5,30.6,1.2,2.2,61.0,0.35,14.96,0.0,22.5,-5.4,79.0,40.0,30.909,30.338,9.2,12.7,22.5,0.570999999999998
2307,2022-01-01 00:00:00,7.5,51.0,-9.4,30.8,0.7,1.3,56.0,0.0,0.0,0.0,37.8,-12.2,75.0,11.0,31.021,30.543,6.9,10.4,37.8,0.47800000000000153
2308,2022-01-02 00:00:00,15.7,49.0,-2.9,30.6,0.6,1.1,3.0,0.0,0.0,0.0,40.5,-4.8,76.0,15.0,30.832,30.353,8.1,12.7,40.5,0.4789999999999992
2309,2022-01-03 00:00:00,31.0,41.0,8.5,30.3,1.8,3.0,350.0,0.0,0.0,0.0,48.8,17.2,72.0,20.0,30.515,30.065,13.8,19.6,48.8,0.4499999999999993
2310,2022-01-04 00:00:00,25.0,57.0,9.8,30.2,0.9,1.4,275.0,0.0,0.0,0.0,48.6,11.6,81.0,19.0,30.407,29.982,11.5,16.1,48.6,0.4250000000000007
2311,2022-01-05 00:00:00,28.4,53.0,11.8,29.9,2.2,3.4,334.0,0.0,0.0,0.0,46.0,13.8,75.0,24.0,30.139,29.694,12.7,19.6,46.0,0.4450000000000003
2312,2022-01-06 00:00:00,32.1,48.0,13.7,29.7,4.2,6.5,331.0,0.0,0.0,0.0,42.5,20.4,71.0,27.0,29.841,29.577,12.7,24.2,42.5,0.26399999999999935
2313,2022-01-07 00:00:00,27.2,77.0,20.9,29.7,1.3,2.3,58.0,0.0,0.0,0.0,35.8,21.4,88.0,62.0,29.858,29.642,10.4,13.8,35.8,0.21600000000000108
2314,2022-01-08 00:00:00,19.5,83.0,15.1,29.9,2.3,4.1,81.0,0.02,0.02,0.0,26.0,7.9,88.0,76.0,30.153,29.689,8.1,11.5,26.0,0.46399999999999864
2315,2022-01-09 00:00:00,15.5,60.0,2.8,30.2,4.2,6.6,322.0,0.05,0.05,0.0,29.3,1.8,83.0,36.0,30.336,30.09,17.3,26.5,29.3,0.24599999999999866
2316,2022-01-10 00:00:00,22.7,32.0,-2.8,30.1,10.1,14.8,317.0,0.05,0.05,0.0,29.7,18.1,43.0,22.0,30.166,30.042,19.6,31.1,29.7,0.12399999999999878
2317,2022-01-11 00:00:00,28.4,24.0,-3.7,30.1,11.7,16.3,303.0,0.05,0.05,0.0,36.0,21.6,33.0,17.0,30.158,29.95,26.5,38.0,36.0,0.20800000000000196
2318,2022-01-12 00:00:00,32.5,23.0,-2.0,30.1,13.1,19.0,298.0,0.05,0.05,0.0,40.3,27.8,41.0,14.0,30.203,29.952,25.3,43.7,40.3,0.25099999999999767
2319,2022-01-13 00:00:00,37.1,26.0,4.4,29.9,13.5,19.3,294.0,0.05,0.05,0.0,44.8,29.7,41.0,16.0,30.084,29.658,29.9,35.7,44.8,0.4259999999999984
2320,2022-01-14 00:00:00,29.8,37.0,5.4,29.7,11.2,17.4,311.0,0.05,0.05,0.0,36.3,23.6,60.0,18.0,29.825,29.566,28.8,38.0,36.3,0.25900000000000034
2321,2022-01-15 00:00:00,23.0,54.0,7.7,29.8,6.8,10.5,301.0,0.05,0.05,0.0,29.7,12.9,82.0,33.0,29.979,29.681,24.2,38.0,29.7,0.29799999999999827
2322,2022-01-16 00:00:00,20.7,48.0,3.6,30.0,5.5,8.8,268.0,0.05,0.05,0.0,31.4,6.0,75.0,28.0,30.242,29.918,20.7,31.1,31.4,0.3240000000000016
2323,2022-01-17 00:00:00,29.8,47.0,11.6,30.0,9.5,14.6,291.0,0.05,0.05,0.0,35.8,25.7,65.0,34.0,30.077,29.873,20.7,32.2,35.8,0.20400000000000063
2324,2022-01-18 00:00:00,35.2,42.0,13.9,29.9,9.7,13.8,284.0,0.05,0.05,0.0,43.3,29.4,55.0,29.0,30.042,29.791,26.5,34.5,43.3,0.2510000000000012
2325,2022-01-19 00:00:00,32.9,49.0,14.3,30.0,5.2,8.0,302.0,0.05,0.05,0.0,40.1,24.2,82.0,27.0,30.168,29.818,17.3,25.3,40.1,0.34999999999999787
2326,2022-01-20 00:00:00,30.5,42.0,9.9,29.9,7.6,11.8,300.0,0.05,0.05,0.0,37.8,24.5,60.0,30.0,30.123,29.731,18.4,32.2,37.8,0.39199999999999946
2327,2022-01-21 00:00:00,29.6,35.0,4.1,30.3,7.0,10.6,293.0,0.05,0.05,0.0,40.1,23.5,51.0,16.0,30.379,30.094,19.6,32.2,40.1,0.28500000000000014
2328,2022-01-22 00:00:00,41.3,36.0,15.7,30.1,7.2,10.7,293.0,0.05,0.05,0.0,53.8,23.8,61.0,21.0,30.286,29.838,18.4,25.3,53.8,0.4480000000000004
2329,2022-01-23 00:00:00,42.1,22.0,5.4,29.8,7.0,10.1,327.0,0.05,0.05,0.0,51.0,31.3,40.0,14.0,29.944,29.626,17.3,24.2,51.0,0.31799999999999784
2330,2022-01-24 00:00:00,32.8,41.0,10.5,29.6,6.2,9.1,321.0,0.05,0.05,0.0,42.2,21.4,81.0,23.0,29.839,29.462,20.7,28.8,42.2,0.3769999999999989
2331,2022-01-25 00:00:00,24.8,40.0,3.4,30.1,4.9,7.8,336.0,0.05,0.05,0.0,32.4,13.8,62.0,27.0,30.275,29.748,15.0,20.7,32.4,0.5269999999999975
2332,2022-01-26 00:00:00,27.5,31.0,-0.2,30.3,5.3,8.5,311.0,0.05,0.05,0.0,37.9,13.5,64.0,20.0,30.39,30.174,13.8,24.2,37.9,0.21600000000000108
2333,2022-01-27 00:00:00,37.5,39.0,13.4,30.2,4.5,7.2,347.0,0.05,0.05,0.0,53.3,24.4,62.0,22.0,30.318,30.043,15.0,24.2,53.3,0.27500000000000213
2334,2022-01-28 00:00:00,41.1,35.0,14.9,30.0,10.6,15.6,308.0,0.05,0.05,0.0,50.2,33.3,45.0,25.0,30.138,29.742,24.2,33.4,50.2,0.3960000000000008
2335,2022-01-29 00:00:00,39.8,30.0,10.3,29.7,16.4,23.9,292.0,0.05,0.05,0.0,45.1,33.8,52.0,18.0,29.793,29.508,31.1,46.0,45.1,0.28500000000000014
2336,2022-01-30 00:00:00,38.4,60.0,24.7,29.5,11.0,16.9,287.0,0.05,0.05,0.0,47.3,25.8,89.0,35.0,29.626,29.322,29.9,44.9,47.3,0.30400000000000205
2337,2022-01-31 00:00:00,22.3,65.0,11.2,29.9,3.7,6.2,244.0,0.05,0.05,0.0,29.1,17.7,87.0,33.0,30.002,29.616,23.0,28.8,29.1,0.38599999999999923
2338,2022-02-01 00:00:00,18.1,82.0,13.6,29.8,2.1,3.2,97.0,0.01,0.22,0.0,22.4,14.4,85.0,78.0,29.86,29.626,11.5,16.1,22.4,0.2339999999999982
2339,2022-02-02 00:00:00,12.3,77.0,6.3,30.1,2.0,3.2,112.0,0.01,0.22,0.0,18.1,2.8,82.0,66.0,30.259,29.838,10.4,12.7,18.1,0.4209999999999994
2340,2022-02-03 00:00:00,8.5,50.0,-7.8,30.4,8.1,11.8,267.0,0.01,0.22,0.0,18.1,-4.3,78.0,28.0,30.518,30.258,23.0,38.0,18.1,0.26000000000000156
2341,2022-02-04 00:00:00,20.5,40.0,-0.3,30.3,13.6,19.0,271.0,0.02,0.23,0.0,30.9,10.0,54.0,28.0,30.409,30.236,27.6,41.4,30.9,0.17299999999999827
2342,2022-02-05 00:00:00,23.5,35.0,-0.7,30.4,9.5,14.3,290.0,0.02,0.23,0.0,29.1,16.7,46.0,26.0,30.482,30.278,20.7,29.9,29.1,0.20400000000000063
2343,2022-02-06 00:00:00,34.3,32.0,7.0,30.2,16.6,24.4,307.0,0.06,0.26,0.0,43.8,25.0,43.0,21.0,30.332,29.952,31.1,56.4,43.8,0.379999999999999
2344,2022-02-07 00:00:00,34.6,31.0,6.9,30.1,12.6,20.4,326.0,0.06,0.26,0.0,38.6,30.7,41.0,21.0,30.27,29.951,31.1,50.6,38.6,0.31899999999999906
2345,2022-02-08 00:00:00,40.2,33.0,13.0,30.2,10.5,16.6,306.0,0.06,0.26,0.0,47.6,34.7,40.0,23.0,30.259,30.162,23.0,36.8,47.6,0.09700000000000131
2346,2022-02-09 00:00:00,43.7,22.0,7.0,30.2,10.5,14.4,312.0,0.06,0.26,0.0,53.8,36.2,31.0,14.0,30.248,30.1,20.7,26.5,53.8,0.1479999999999997
2347,2022-02-10 00:00:00,46.6,16.0,2.5,30.0,11.0,16.0,347.0,0.06,0.26,0.0,56.0,40.6,24.0,7.0,30.121,29.898,20.7,34.5,56.0,0.22299999999999898
2348,2022-02-11 00:00:00,46.7,24.0,11.1,30.0,8.9,13.9,349.0,0.06,0.26,0.0,56.3,38.3,37.0,17.0,30.096,29.861,24.2,38.0,56.3,0.23499999999999943
2349,2022-02-12 00:00:00,48.5,31.0,18.9,30.0,7.9,11.1,309.0,0.06,0.26,0.0,57.6,40.6,42.0,23.0,30.119,29.909,20.7,27.6,57.6,0.21000000000000085
2350,2022-02-13 00:00:00,43.4,21.0,5.4,29.8,11.9,17.3,360.0,0.06,0.26,0.0,55.3,19.4,32.0,12.0,29.911,29.671,26.5,42.6,55.3,0.240000000000002
2351,2022-02-14 00:00:00,36.5,37.0,11.9,29.8,15.9,24.3,325.0,0.06,0.26,0.0,41.9,31.4,60.0,20.0,29.948,29.701,33.4,50.6,41.9,0.2469999999999999
2352,2022-02-15 00:00:00,38.5,50.0,21.2,29.8,14.5,23.3,299.0,0.06,0.26,0.0,44.3,32.4,63.0,40.0,29.92,29.664,34.5,42.6,44.3,0.2560000000000002
2353,2022-02-16 00:00:00,42.0,36.0,15.7,29.8,11.3,18.0,320.0,0.06,0.26,0.0,49.8,37.2,59.0,22.0,29.904,29.759,32.2,42.6,49.8,0.14499999999999957
2354,2022-02-17 00:00:00,49.4,17.0,3.9,29.8,9.9,14.5,332.0,0.06,0.26,0.0,60.7,38.3,31.0,8.0,29.938,29.426,23.0,35.7,60.7,0.5120000000000005
2355,2022-02-18 00:00:00,46.9,34.0,17.6,29.4,15.4,23.2,355.0,0.07,0.27,0.0,55.3,30.3,77.0,14.0,29.819,29.226,34.5,56.4,55.3,0.593
2356,2022-02-19 00:00:00,39.9,25.0,5.3,29.9,16.3,23.7,355.0,0.07,0.27,0.0,50.2,29.0,42.0,10.0,30.044,29.803,31.1,46.0,50.2,0.24099999999999966
2357,2022-02-20 00:00:00,43.2,29.0,13.1,29.9,12.6,19.1,354.0,0.07,0.27,0.0,51.1,36.9,45.0,19.0,30.006,29.805,24.2,41.4,51.1,0.2022000000000005
2358,2022-02-21 00:00:00,30.6,52.0,14.2,30.2,4.2,7.2,82.0,0.07,0.27,0.0,40.9,19.2,73.0,35.0,30.317,29.979,20.7,32.2,40.9,0.33800000000000097
2359,2022-02-22 00:00:00,29.1,60.0,15.3,30.0,3.8,6.0,43.0,0.07,0.27,0.0,40.2,18.6,87.0,27.0,30.147,29.856,13.8,20.7,40.2,0.2909999999999968
2360,2022-02-23 00:00:00,23.6,64.0,11.8,30.3,2.3,4.0,65.0,0.16,0.36,0.0,34.3,11.2,87.0,30.0,30.445,30.029,12.7,17.3,34.3,0.41600000000000037
2361,2022-02-24 00:00:00,30.5,27.0,-1.6,30.2,9.6,14.0,308.0,0.16,0.36,0.0,42.8,11.1,68.0,14.0,30.416,30.023,25.3,33.4,42.8,0.3930000000000007
2362,2022-02-25 00:00:00,29.4,47.0,10.1,30.3,3.7,6.0,53.0,0.16,0.36,0.0,42.9,10.0,75.0,28.0,30.43,30.082,21.9,32.2,42.9,0.347999999999999
2363,2022-02-26 00:00:00,44.8,25.0,9.5,30.1,8.9,12.7,354.0,0.16,0.36,0.0,57.6,35.5,41.0,11.0,30.25,29.88,18.4,26.5,57.6,0.370000000000001
2364,2022-02-27 00:00:00,46.7,22.0,9.5,29.7,12.0,17.6,65.0,0.16,0.36,0.0,56.3,36.9,51.0,15.0,29.898,29.549,26.5,36.8,56.3,0.3490000000000002
2365,2022-02-28 00:00:00,42.2,25.0,7.1,29.9,8.7,13.2,58.0,0.16,0.36,0.0,53.6,31.5,44.0,11.0,29.942,29.749,25.3,36.8,53.6,0.1930000000000014
2367,2022-03-01 00:00:00,36.4,30.0,7.6,30.0,7.9,12.5,23.0,0.0,0.21,0.0,47.0,24.5,51.0,22.0,30.125,29.817,24.2,34.5,47.0,0.30799999999999983
2368,2022-03-02 00:00:00,39.9,38.0,14.4,29.8,11.8,18.7,35.0,0.04,0.25,0.0,46.8,32.9,86.0,19.0,29.941,29.644,27.6,43.7,46.8,0.2970000000000006
2369,2022-03-03 00:00:00,42.5,20.0,1.9,30.0,8.6,12.4,348.0,0.04,0.25,0.0,56.1,31.2,35.0,9.0,30.046,29.851,25.3,34.5,56.1,0.19500000000000028
2370,2022-03-04 00:00:00,41.3,35.0,13.4,30.0,4.6,7.3,48.0,0.04,0.25,0.0,56.4,23.9,69.0,17.0,30.195,29.816,17.3,26.5,56.4,0.37900000000000134
2371,2022-03-05 00:00:00,38.6,42.0,11.1,30.0,4.3,6.3,32.0,0.04,0.25,0.0,58.6,19.4,80.0,12.0,30.226,29.62,19.6,31.1,58.6,0.6059999999999981
2372,2022-03-06 00:00:00,46.1,37.0,20.0,29.5,10.0,14.5,92.0,0.04,0.25,0.0,53.3,41.3,61.0,19.0,29.727,29.349,21.9,29.9,53.3,0.3780000000000001
2373,2022-03-07 00:00:00,36.7,50.0,19.3,29.5,7.7,11.5,102.0,0.05,0.26,0.0,42.5,31.2,77.0,35.0,29.701,29.352,19.6,26.5,42.5,0.3490000000000002
2374,2022-03-08 00:00:00,30.3,65.0,19.3,29.8,3.0,4.9,113.0,0.06,0.27,0.0,38.8,20.8,83.0,43.0,30.001,29.678,11.5,17.3,38.8,0.3230000000000004
2375,2022-03-09 00:00:00,31.8,55.0,15.9,30.0,5.0,7.5,99.0,0.06,0.27,0.0,43.2,18.4,83.0,27.0,30.133,29.82,19.6,27.6,43.2,0.31299999999999883
2376,2022-03-10 00:00:00,42.7,35.0,16.2,30.0,9.0,13.1,100.0,0.06,0.27,0.0,56.2,30.2,54.0,21.0,30.183,29.936,23.0,29.9,56.2,0.2469999999999999
2377,2022-03-11 00:00:00,44.5,33.0,12.2,29.9,4.4,6.6,99.0,0.06,0.27,0.0,63.8,24.8,63.0,8.0,30.111,29.697,18.4,24.2,63.8,0.4140000000000015
2378,2022-03-12 00:00:00,42.3,43.0,19.1,29.6,5.5,8.2,98.0,0.06,0.27,0.0,62.0,26.3,69.0,16.0,29.782,29.47,18.4,26.5,62.0,0.31200000000000117
2379,2022-03-13 00:00:00,43.3,36.0,17.8,29.7,9.4,13.7,92.0,0.06,0.27,0.0,52.6,34.9,53.0,24.0,29.757,29.522,24.2,36.8,52.6,0.23500000000000298
2380,2022-03-14 00:00:00,37.6,59.0,23.6,29.6,8.3,12.0,99.0,0.08,0.29,0.0,43.7,28.1,88.0,40.0,29.78,29.53,24.2,34.5,43.7,0.25
2381,2022-03-15 00:00:00,26.0,44.0,6.2,30.0,7.4,11.9,98.0,0.08,0.29,0.0,31.8,20.5,67.0,22.0,30.088,29.729,21.9,31.1,31.8,0.35900000000000176
2382,2022-03-16 00:00:00,27.0,39.0,5.3,30.1,6.4,10.3,108.0,0.08,0.29,0.0,32.8,19.7,56.0,27.0,30.152,30.023,23.0,31.1,32.8,0.12900000000000134
2383,2022-03-17 00:00:00,24.2,77.0,17.5,30.0,2.7,4.4,108.0,0.1,0.31,0.0,28.5,20.3,87.0,39.0,30.184,29.97,11.5,16.1,28.5,0.2140000000000022
2384,2022-03-18 00:00:00,16.5,80.0,11.5,30.3,2.4,4.2,114.0,0.1,0.31,0.0,22.7,9.3,86.0,72.0,30.496,30.175,10.4,13.8,22.7,0.32099999999999795
2385,2022-03-19 00:00:00,16.2,70.0,7.8,30.5,1.3,2.5,98.0,0.23,0.44,0.0,27.9,6.7,81.0,54.0,30.615,30.46,9.2,19.6,27.9,0.15499999999999758
2386,2022-03-20 00:00:00,26.8,46.0,4.3,30.4,3.0,5.0,94.0,0.26,0.47,0.0,51.8,-2.2,78.0,13.0,30.688,29.945,15.0,20.7,51.8,0.7429999999999986
2387,2022-03-21 00:00:00,49.5,24.0,12.9,29.7,11.4,16.8,99.0,0.26,0.47,0.0,60.2,37.0,43.0,12.0,29.945,29.49,24.2,36.8,60.2,0.45500000000000185
2388,2022-03-22 00:00:00,49.4,24.0,12.9,29.3,10.7,16.0,96.0,0.26,0.47,0.0,55.8,36.3,73.0,13.0,29.48,29.206,24.2,33.4,55.8,0.2740000000000009
2389,2022-03-23 00:00:00,27.9,80.0,22.2,29.7,3.4,5.5,98.0,0.3,0.5,0.0,36.1,23.3,91.0,52.0,30.145,29.287,20.7,28.8,36.1,0.8580000000000005
2390,2022-03-24 00:00:00,32.2,48.0,14.5,30.0,9.6,14.3,19.0,0.56,0.76,0.0,39.8,25.4,70.0,34.0,30.154,29.764,20.7,31.1,39.8,0.39000000000000057
2391,2022-03-25 00:00:00,29.9,51.0,13.4,29.8,9.2,13.2,57.0,0.57,0.78,0.0,37.2,20.3,84.0,29.0,29.967,29.685,25.3,35.7,37.2,0.28200000000000003
2392,2022-03-26 00:00:00,20.3,65.0,10.1,30.2,1.9,3.6,105.0,0.57,0.78,0.0,30.9,9.0,80.0,46.0,30.339,29.942,10.4,17.3,30.9,0.39699999999999847
2393,2022-03-27 00:00:00,30.8,41.0,8.1,30.1,7.7,11.1,25.0,0.57,0.78,0.0,44.1,11.1,81.0,26.0,30.356,29.952,23.0,32.2,44.1,0.4039999999999999
2394,2022-03-28 00:00:00,39.0,40.0,15.1,29.8,3.3,5.4,92.0,0.57,0.78,0.0,52.7,27.2,64.0,18.0,29.966,29.551,19.6,21.9,52.7,0.4150000000000027
2395,2022-03-29 00:00:00,35.4,71.0,26.3,29.5,2.1,3.5,86.0,0.65,0.85,0.0,50.1,26.3,92.0,39.0,29.643,29.415,13.8,19.6,50.1,0.22800000000000153
2396,2022-03-30 00:00:00,30.3,53.0,14.7,29.7,8.1,12.0,70.0,0.67,0.87,0.0,37.3,26.7,79.0,38.0,29.848,29.523,19.6,28.8,37.3,0.3249999999999993
2397,2022-03-31 00:00:00,29.6,45.0,10.3,29.9,6.2,9.6,72.0,0.68,0.88,0.0,36.9,19.9,76.0,23.0,30.105,29.736,19.6,26.5,36.9,0.3689999999999998
2398,2022-04-01 00:00:00,31.1,41.0,8.9,30.2,5.6,8.7,58.0,0.0,0.89,0.0,47.1,16.7,64.0,20.0,30.267,30.069,16.1,25.3,47.1,0.1980000000000004
2399,2022-04-02 00:00:00,42.6,34.0,14.9,30.1,6.6,9.9,89.0,0.0,0.89,0.0,54.4,27.6,60.0,19.0,30.267,29.888,17.3,24.2,54.4,0.3789999999999978
2400,2022-04-03 00:00:00,46.4,33.0,17.8,29.9,9.5,14.1,103.0,0.0,0.89,0.0,59.9,35.8,56.0,17.0,30.076,29.836,23.0,35.7,59.9,0.240000000000002
2401,2022-04-04 00:00:00,48.6,38.0,21.9,30.0,4.9,7.3,101.0,0.0,0.89,0.0,61.6,32.2,72.0,19.0,30.153,29.757,19.6,25.3,61.6,0.39599999999999724
2402,2022-04-05 00:00:00,39.8,45.0,19.0,29.9,9.6,14.9,96.0,0.04,0.93,0.0,47.7,32.9,84.0,26.0,30.088,29.684,26.5,47.2,47.7,0.4039999999999999
2403,2022-04-06 00:00:00,46.3,25.0,11.4,30.0,13.8,20.0,38.0,0.04,0.93,0.0,58.5,33.4,36.0,16.0,30.121,29.866,27.6,40.3,58.5,0.254999999999999
2404,2022-04-07 00:00:00,47.1,38.0,22.1,30.0,4.8,7.9,104.0,0.04,0.93,0.0,56.2,34.9,70.0,19.0,30.116,29.875,18.4,27.6,56.2,0.24099999999999966
2405,2022-04-08 00:00:00,41.2,53.0,22.4,30.1,1.8,3.4,104.0,0.04,0.93,0.0,57.4,23.2,86.0,18.0,30.222,29.897,11.5,18.4,57.4,0.32500000000000284
2406,2022-04-09 00:00:00,48.1,45.0,26.0,29.7,9.1,13.4,101.0,0.04,0.93,0.0,60.7,26.7,80.0,25.0,29.924,29.477,20.7,29.9,60.7,0.4469999999999992
2407,2022-04-10 00:00:00,45.3,54.0,28.9,29.6,7.1,10.5,112.0,0.06,0.95,0.0,52.3,35.2,87.0,32.0,29.873,29.487,21.9,29.9,52.3,0.3860000000000028
2408,2022-04-11 00:00:00,39.1,78.0,32.5,30.0,2.1,3.9,113.0,0.06,0.95,0.0,51.7,31.0,91.0,54.0,30.089,29.845,9.2,12.7,51.7,0.24399999999999977
2409,2022-04-12 00:00:00,41.5,67.0,29.7,30.0,3.6,5.4,102.0,0.07,0.96,0.0,59.8,26.4,92.0,28.0,30.096,29.892,17.3,25.3,59.8,0.20400000000000063
2410,2022-04-13 00:00:00,45.5,57.0,28.1,29.9,2.2,3.8,93.0,0.09,0.97,0.0,62.4,28.2,89.0,22.0,30.096,29.744,15.0,19.6,62.4,0.3520000000000003
2411,2022-04-14 00:00:00,50.1,43.0,25.2,29.6,6.4,9.4,103.0,0.09,0.97,0.0,64.2,34.7,76.0,16.0,29.813,29.274,20.7,27.6,64.2,0.5389999999999979
2412,2022-04-15 00:00:00,38.6,69.0,27.8,29.6,2.6,4.1,113.0,0.13,1.02,0.0,52.8,30.6,90.0,28.0,29.888,29.272,11.5,19.6,52.8,0.6160000000000032
2413,2022-04-16 00:00:00,29.1,79.0,23.4,30.1,3.7,5.7,119.0,0.24,1.13,0.0,35.5,26.9,90.0,59.0,30.221,29.888,18.4,24.2,35.5,0.3329999999999984
2414,2022-04-17 00:00:00,27.6,83.0,22.9,30.3,2.1,3.9,120.0,0.36,1.25,0.0,32.0,24.7,89.0,65.0,30.398,30.197,12.7,17.3,32.0,0.2022000000000005
2415,2022-04-18 00:00:00,29.5,76.0,22.9,30.3,1.5,2.9,116.0,0.42,1.31,0.0,34.9,23.6,87.0,66.0,30.399,30.212,9.2,13.8,34.9,0.18700000000000117
2416,2022-04-19 00:00:00,32.1,73.0,24.0,30.1,2.1,3.7,113.0,0.43,1.32,0.0,42.4,21.9,88.0,37.0,30.252,30.023,10.4,16.1,42.4,0.2289999999999992
2417,2022-04-20 00:00:00,39.5,62.0,25.9,30.0,2.9,5.0,109.0,0.43,1.32,0.0,53.5,26.6,90.0,27.0,30.089,29.897,13.8,19.6,53.5,0.19200000000000017
2418,2022-04-21 00:00:00,42.8,60.0,28.1,30.1,1.7,3.4,107.0,0.45,1.33,0.0,59.3,24.7,90.0,26.0,30.145,29.983,9.2,17.3,59.3,0.16199999999999903
2419,2022-04-22 00:00:00,48.7,49.0,24.5,29.9,3.3,5.2,84.0,0.45,1.33,0.0,70.8,25.8,90.0,12.0,30.105,29.66,18.4,27.6,73.8,0.4450000000000003
2420,2022-04-23 00:00:00,46.1,51.0,25.4,29.6,5.0,7.9,91.0,0.48,1.36,0.0,68.2,32.9,82.0,13.0,29.72,29.341,24.2,40.3,72.8,0.3789999999999978
2421,2022-04-24 00:00:00,42.4,46.0,22.9,29.5,10.3,15.4,93.0,0.48,1.36,0.0,50.2,35.0,64.0,33.0,29.72,29.339,24.2,36.8,50.2,0.3810000000000002
2422,2022-04-25 00:00:00,44.9,54.0,28.2,29.5,3.5,5.8,100.0,0.5,1.38,0.0,55.9,29.1,85.0,32.0,29.724,29.316,15.0,19.6,55.9,0.40800000000000125
2423,2022-04-26 00:00:00,35.9,68.0,25.4,29.5,5.3,8.5,85.0,0.67,1.55,0.0,45.8,29.8,91.0,34.0,29.714,29.364,18.4,25.3,45.8,0.34999999999999787
2424,2022-04-27 00:00:00,38.2,60.0,23.7,29.7,5.2,8.3,101.0,0.69,1.57,0.0,50.1,26.3,91.0,28.0,29.803,29.638,17.3,25.3,50.1,0.16499999999999915
2425,2022-04-28 00:00:00,29.2,87.0,25.8,29.9,1.9,3.8,121.0,0.75,1.63,0.0,32.1,27.0,92.0,79.0,30.082,29.743,6.9,11.5,32.1,0.3390000000000022
2426,2022-04-29 00:00:00,29.9,88.0,26.8,29.9,1.9,3.2,120.0,0.89,1.78,0.0,34.6,27.3,91.0,81.0,30.07,29.871,9.2,11.5,34.6,0.19900000000000162
2427,2022-04-30 00:00:00,29.0,79.0,23.2,30.0,4.0,6.0,121.0,0.96,1.85,0.0,35.2,25.2,90.0,61.0,30.247,29.884,18.4,21.9,35.2,0.36299999999999955
2428,2022-05-01 00:00:00,28.5,77.0,22.2,30.3,2.2,3.9,121.0,0.01,1.86,0.0,33.7,26.0,83.0,64.0,30.396,30.217,13.8,18.4,33.7,0.17900000000000205
2429,2022-05-02 00:00:00,36.1,57.0,20.7,30.2,2.1,4.0,105.0,0.01,1.86,0.0,53.9,13.3,83.0,28.0,30.442,30.056,10.4,13.8,53.9,0.38599999999999923
2430,2022-05-03 00:00:00,44.0,47.0,20.3,30.1,2.4,4.2,109.0,0.01,1.86,0.0,60.9,25.6,84.0,10.0,30.179,30.049,13.8,19.6,60.9,0.129999999999999
2431,2022-05-04 00:00:00,48.3,49.0,26.7,30.1,1.9,3.8,118.0,0.01,1.86,0.0,66.1,25.8,86.0,20.0,30.217,29.905,12.7,18.4,66.1,0.3119999999999976
2432,2022-05-05 00:00:00,52.0,47.0,28.1,29.9,1.8,3.3,120.0,0.01,1.86,0.0,72.1,31.8,82.0,15.0,30.046,29.729,15.0,20.7,75.0,0.31700000000000017
2433,2022-05-06 00:00:00,52.7,53.0,33.5,29.7,2.1,3.7,112.0,0.04,1.89,0.0,72.7,38.0,84.0,16.0,29.807,29.555,17.3,26.5,75.6,0.2519999999999989
2434,2022-05-07 00:00:00,40.3,83.0,35.3,29.7,4.2,6.5,89.0,0.58,2.43,0.0,46.8,34.9,92.0,58.0,29.856,29.633,18.4,26.5,46.8,0.22300000000000253
2435,2022-05-08 00:00:00,42.5,58.0,28.4,29.6,4.8,7.4,76.0,0.66,2.51,0.0,51.6,36.3,75.0,33.0,29.784,29.476,19.6,28.8,51.6,0.30799999999999983
2436,2022-05-09 00:00:00,45.4,62.0,31.5,29.5,6.1,9.0,70.0,0.85,2.71,0.0,56.7,31.6,94.0,35.0,29.57,29.414,19.6,31.1,56.7,0.1559999999999988
2437,2022-05-10 00:00:00,45.6,54.0,28.5,29.7,6.0,9.1,101.0,0.89,2.74,0.0,53.9,36.3,92.0,30.0,29.964,29.491,20.7,29.9,53.9,0.472999999999999
2438,2022-05-11 00:00:00,43.0,40.0,18.5,30.0,4.8,7.6,110.0,0.89,2.74,0.0,53.9,33.1,65.0,21.0,30.231,29.926,17.3,25.3,53.9,0.30500000000000327
2439,2022-05-12 00:00:00,47.3,39.0,17.9,30.1,5.0,8.0,114.0,0.89,2.74,0.0,65.7,25.6,83.0,12.0,30.245,29.939,17.3,26.5,65.7,0.30600000000000094
2440,2022-05-13 00:00:00,52.5,43.0,26.5,29.9,5.7,8.9,109.0,0.89,2.74,0.0,66.8,36.6,83.0,14.0,30.046,29.803,18.4,25.3,66.8,0.24299999999999855
2441,2022-05-14 00:00:00,40.0,80.0,34.2,30.1,3.6,6.0,118.0,0.89,2.74,0.0,49.4,35.2,90.0,62.0,30.136,29.954,19.6,24.2,49.4,0.1819999999999986
2442,2022-05-15 00:00:00,42.9,82.0,37.5,29.8,3.0,4.8,119.0,1.15,3.0,0.0,56.3,33.2,93.0,53.0,30.023,29.663,18.4,28.8,56.3,0.35999999999999943
2443,2022-05-16 00:00:00,37.0,91.0,34.6,29.9,2.3,4.0,90.0,1.5,3.35,0.0,44.2,32.4,94.0,86.0,30.171,29.68,11.5,17.3,44.2,0.49099999999999966
2444,2022-05-17 00:00:00,35.2,88.0,32.0,30.2,2.2,3.9,110.0,1.52,3.37,0.0,38.5,32.1,92.0,81.0,30.27,30.157,9.2,11.5,38.5,0.11299999999999955
2445,2022-05-18 00:00:00,43.1,77.0,36.2,30.0,1.7,3.2,119.0,1.58,3.43,0.0,58.0,33.7,91.0,46.0,30.203,29.87,11.5,18.4,58.0,0.3329999999999984
2446,2022-05-19 00:00:00,48.9,59.0,32.6,29.7,4.2,6.2,319.0,1.62,3.47,0.0,65.9,30.7,93.0,25.0,29.918,29.515,15.0,20.7,65.9,0.4029999999999987
2447,2022-05-20 00:00:00,55.2,50.0,35.0,29.6,3.6,5.9,72.0,1.62,3.47,0.0,66.8,37.6,86.0,27.0,29.69,29.508,12.7,19.6,66.8,0.18200000000000216
2448,2022-05-21 00:00:00,55.8,53.0,36.8,29.6,2.4,4.2,111.0,1.62,3.47,0.0,69.3,36.9,83.0,18.0,29.748,29.406,13.8,19.6,76.8,0.3420000000000023
2449,2022-05-22 00:00:00,54.8,41.0,30.3,29.5,5.9,9.4,50.0,1.62,3.47,0.0,63.1,39.1,70.0,24.0,29.629,29.417,20.7,32.2,63.1,0.21199999999999974
2450,2022-05-23 00:00:00,48.2,48.0,28.1,29.7,3.3,5.5,81.0,1.62,3.47,0.0,60.3,33.7,86.0,16.0,29.774,29.604,16.1,20.7,60.3,0.1700000000000017
2451,2022-05-24 00:00:00,47.4,66.0,35.9,29.7,2.1,4.0,110.0,1.62,3.47,0.0,63.1,29.7,91.0,35.0,29.891,29.572,10.4,17.3,63.1,0.31899999999999906
2452,2022-05-25 00:00:00,48.7,41.0,21.9,29.8,5.4,8.1,360.0,1.62,3.47,0.0,64.3,32.5,79.0,15.0,29.887,29.668,21.9,32.2,64.3,0.2190000000000012
2453,2022-05-26 00:00:00,43.2,66.0,32.0,29.8,2.2,3.7,97.0,1.62,3.47,0.0,56.5,31.5,86.0,41.0,29.876,29.679,11.5,18.4,56.5,0.19700000000000273
2454,2022-05-27 00:00:00,44.6,67.0,33.1,29.8,3.8,5.8,99.0,1.95,3.8,0.0,57.0,35.5,91.0,31.0,29.856,29.626,12.7,19.6,57.0,0.23000000000000043
2455,2022-05-28 00:00:00,49.1,54.0,31.7,29.9,6.5,9.5,95.0,1.98,3.83,0.0,61.2,34.0,92.0,27.0,29.961,29.726,19.6,26.5,61.2,0.23499999999999943
2456,2022-05-29 00:00:00,51.2,55.0,33.0,29.9,3.1,4.7,99.0,2.01,3.86,0.0,67.3,33.4,85.0,22.0,30.104,29.815,18.4,21.9,67.3,0.2889999999999979
2457,2022-05-30 00:00:00,51.5,52.0,31.6,29.8,3.9,6.1,97.0,2.01,3.86,0.0,67.4,34.0,87.0,19.0,29.962,29.716,23.0,32.2,67.4,0.24599999999999866
2458,2022-05-31 00:00:00,50.1,67.0,39.3,29.9,3.6,6.1,115.0,2.01,3.86,0.0,59.0,41.2,87.0,46.0,29.938,29.752,15.0,19.6,59.0,0.18599999999999994
2459,2022-06-01 00:00:00,53.0,66.0,40.8,29.9,2.6,4.5,117.0,0.07,3.93,0.0,64.5,41.5,92.0,38.0,30.004,29.786,13.8,18.4,64.5,0.21799999999999997
2460,2022-06-02 00:00:00,57.7,45.0,30.3,29.9,3.0,5.1,106.0,0.07,3.93,0.0,76.0,35.3,91.0,13.0,30.022,29.752,12.7,20.7,76.2,0.2699999999999996
2461,2022-06-03 00:00:00,60.0,42.0,34.9,29.8,3.4,5.8,113.0,0.07,3.93,0.0,77.3,43.0,65.0,19.0,29.954,29.743,13.8,19.6,77.1,0.21100000000000207
2462,2022-06-04 00:00:00,58.7,54.0,40.7,30.0,2.4,4.4,112.0,0.07,3.93,0.0,71.6,42.1,86.0,31.0,30.112,29.898,11.5,18.4,77.3,0.21399999999999864
2463,2022-06-05 00:00:00,57.8,56.0,40.1,29.9,2.3,3.8,105.0,0.08,3.94,0.0,75.8,39.3,87.0,23.0,29.975,29.737,11.5,18.4,77.5,0.2380000000000031
2464,2022-06-06 00:00:00,54.6,69.0,42.6,29.8,2.6,4.3,86.0,0.58,4.45,0.0,77.0,40.0,92.0,23.0,30.003,29.728,17.3,25.3,77.5,0.2749999999999986
2465,2022-06-07 00:00:00,56.0,67.0,43.7,29.8,2.2,3.6,76.0,0.6,4.46,0.0,74.0,40.1,95.0,28.0,29.973,29.652,17.3,25.3,77.5,0.32099999999999795
2466,2022-06-08 00:00:00,59.0,54.0,40.1,29.7,2.4,3.9,73.0,0.6,4.46,0.0,73.9,42.9,80.0,25.0,29.795,29.584,13.8,20.7,77.3,0.21100000000000207
2467,2022-06-09 00:00:00,61.6,56.0,42.5,29.6,2.7,4.5,73.0,0.74,4.61,0.0,81.8,46.0,92.0,16.0,29.753,29.575,17.3,25.3,79.6,0.17800000000000082
2468,2022-06-10 00:00:00,64.5,53.0,41.6,29.7,2.1,3.8,95.0,0.89,4.76,0.0,83.8,43.2,94.0,13.0,29.903,29.589,13.8,19.6,81.0,0.31400000000000006
2469,2022-06-11 00:00:00,62.9,51.0,42.6,29.7,3.5,6.0,91.0,0.9,4.77,0.0,78.9,45.2,80.0,23.0,29.799,29.6,18.4,26.5,78.3,0.19899999999999807
2470,2022-06-12 00:00:00,60.4,60.0,44.6,29.8,2.6,4.6,102.0,0.9,4.77,0.0,74.2,47.6,86.0,27.0,29.903,29.678,12.7,20.7,77.5,0.22499999999999787
2471,2022-06-13 00:00:00,53.8,73.0,44.7,29.8,2.7,4.7,93.0,1.17,5.03,0.0,67.9,42.5,93.0,36.0,29.929,29.678,17.3,25.3,67.9,0.25099999999999767
2472,2022-06-14 00:00:00,57.8,41.0,32.8,29.7,6.7,10.4,96.0,1.32,5.18,0.0,69.4,45.5,62.0,23.0,29.79,29.582,19.6,28.8,76.9,0.2079999999999984
2473,2022-06-15 00:00:00,62.6,38.0,33.4,29.6,3.3,5.8,113.0,1.33,5.2,0.0,77.0,41.8,70.0,12.0,29.784,29.5,13.8,25.3,77.0,0.2839999999999989
2474,2022-06-16 00:00:00,68.8,18.0,20.4,29.6,6.2,9.6,114.0,1.33,5.2,0.0,82.4,49.2,57.0,8.0,29.726,29.486,17.3,27.6,79.9,0.23999999999999844
2475,2022-06-17 00:00:00,63.3,43.0,38.4,29.8,2.3,4.2,112.0,1.33,5.2,0.0,77.3,44.8,76.0,19.0,29.876,29.709,17.3,20.7,77.4,0.1670000000000016
2476,2022-06-18 00:00:00,66.2,50.0,43.4,29.9,2.2,4.2,109.0,1.33,5.2,0.0,81.8,45.7,87.0,9.0,30.04,29.747,11.5,17.3,79.7,0.29299999999999926
2477,2022-06-19 00:00:00,65.4,43.0,37.4,29.9,2.5,3.9,97.0,1.33,5.2,0.0,83.3,48.6,76.0,13.0,29.977,29.788,15.0,20.7,80.6,0.18900000000000006
2478,2022-06-20 00:00:00,62.2,60.0,47.8,30.0,2.8,4.9,109.0,1.33,5.2,0.0,74.0,46.4,85.0,32.0,30.033,29.847,13.8,18.4,77.5,0.18599999999999994
2479,2022-06-21 00:00:00,72.1,42.0,39.3,29.7,3.6,5.8,100.0,1.33,5.2,0.0,92.7,47.4,94.0,10.0,29.936,29.476,16.1,26.5,88.4,0.46000000000000085
2480,2022-06-22 00:00:00,65.3,43.0,40.7,29.7,3.5,5.7,115.0,1.36,5.23,0.0,75.8,52.8,75.0,21.0,29.918,29.511,18.4,28.8,77.5,0.40700000000000003
2481,2022-06-23 00:00:00,63.5,51.0,41.6,29.8,4.6,7.1,107.0,1.43,5.29,0.0,82.2,44.8,86.0,19.0,29.942,29.614,19.6,26.5,80.0,0.3279999999999994
2482,2022-06-24 00:00:00,63.9,55.0,44.1,29.7,3.7,5.8,98.0,1.44,5.3,0.0,84.3,44.8,93.0,15.0,29.801,29.594,24.2,38.0,81.4,0.2069999999999972
2483,2022-06-25 00:00:00,65.5,44.0,41.0,29.7,4.4,7.3,111.0,1.45,5.31,0.0,80.1,49.6,80.0,18.0,29.845,29.624,20.7,28.8,79.1,0.22100000000000009
2484,2022-06-26 00:00:00,64.8,44.0,36.0,29.9,2.6,4.6,107.0,1.45,5.31,0.0,83.6,43.2,90.0,6.0,29.962,29.784,15.0,20.7,80.8,0.17800000000000082
2485,2022-06-27 00:00:00,64.6,44.0,39.0,29.9,2.6,4.6,106.0,1.45,5.31,0.0,82.6,41.2,78.0,10.0,30.011,29.851,13.8,19.6,80.2,0.16000000000000014
2486,2022-06-28 00:00:00,65.8,50.0,42.5,29.9,1.9,3.6,107.0,1.45,5.31,0.0,83.0,46.8,90.0,14.0,30.025,29.761,12.7,18.4,80.5,0.26399999999999935
2487,2022-06-29 00:00:00,65.8,46.0,39.4,29.8,4.2,6.7,107.0,1.46,5.32,0.0,87.0,45.7,92.0,11.0,29.893,29.687,25.3,33.4,83.4,0.20599999999999952
2488,2022-06-30 00:00:00,57.5,66.0,45.6,29.9,1.8,3.4,106.0,1.69,5.55,0.0,70.9,46.7,90.0,32.0,30.018,29.713,10.4,16.1,77.5,0.3049999999999997
2489,2022-07-01 00:00:00,59.4,73.0,49.9,29.8,2.9,4.6,106.0,0.02,5.57,0.0,71.5,53.2,93.0,37.0,29.938,29.692,13.8,19.6,77.4,0.24599999999999866
2490,2022-07-02 00:00:00,59.0,69.0,48.4,29.7,1.3,2.4,104.0,0.02,5.57,0.0,67.8,50.7,89.0,43.0,29.799,29.685,11.5,17.3,67.8,0.11400000000000077
2491,2022-07-03 00:00:00,65.9,41.0,38.1,29.7,5.9,9.4,110.0,0.02,5.57,0.0,83.2,49.8,85.0,15.0,29.807,29.622,17.3,26.5,80.5,0.18499999999999872
2492,2022-07-04 00:00:00,69.5,31.0,36.5,29.6,7.8,11.7,116.0,0.02,5.57,0.0,81.1,61.5,42.0,16.0,29.697,29.556,18.4,27.6,79.2,0.14099999999999824
2493,2022-07-05 00:00:00,67.1,36.0,38.5,29.6,5.2,8.7,118.0,0.02,5.57,0.0,78.5,52.8,64.0,19.0,29.663,29.539,16.1,26.5,78.0,0.12399999999999878
2494,2022-07-06 00:00:00,64.9,38.0,31.5,29.6,5.3,8.2,111.0,0.02,5.57,0.0,80.9,43.8,85.0,12.0,29.786,29.442,20.7,28.8,78.9,0.3440000000000012
2495,2022-07-07 00:00:00,64.0,30.0,29.4,29.7,3.6,5.9,118.0,0.02,5.57,0.0,83.4,41.9,63.0,12.0,29.775,29.519,16.1,31.1,80.7,0.2560000000000002
2496,2022-07-08 00:00:00,62.9,46.0,37.3,29.7,2.1,4.0,115.0,0.06,5.61,0.0,85.1,42.6,80.0,11.0,29.859,29.668,17.3,27.6,81.9,0.1910000000000025
2497,2022-07-09 00:00:00,67.6,38.0,32.0,29.7,4.7,7.3,112.0,0.06,5.61,0.0,85.9,41.1,84.0,10.0,29.926,29.537,20.7,27.6,82.6,0.38899999999999935
2498,2022-07-10 00:00:00,72.2,21.0,26.9,29.4,6.8,10.5,117.0,0.06,5.61,0.0,86.6,53.6,45.0,9.0,29.572,29.231,21.9,33.4,83.2,0.3409999999999975
2499,2022-07-11 00:00:00,68.8,18.0,22.9,29.4,8.2,12.8,115.0,0.06,5.61,0.0,76.6,59.5,29.0,12.0,29.634,29.178,25.3,36.8,76.2,0.4559999999999995
2500,2022-07-12 00:00:00,64.6,28.0,25.2,29.6,4.0,6.6,116.0,0.06,5.61,0.0,80.3,42.1,69.0,9.0,29.758,29.554,19.6,27.6,78.3,0.20400000000000063
2501,2022-07-13 00:00:00,65.6,24.0,22.4,29.7,3.3,5.7,119.0,0.06,5.61,0.0,87.8,40.1,60.0,7.0,29.807,29.659,17.3,26.5,84.2,0.1479999999999997
2502,2022-07-14 00:00:00,61.0,38.0,34.1,29.8,3.0,5.4,118.0,0.06,5.61,0.0,75.8,41.1,64.0,25.0,29.903,29.767,12.7,19.6,77.1,0.13599999999999923
2503,2022-07-15 00:00:00,59.7,58.0,40.9,29.8,2.9,5.1,118.0,0.06,5.61,0.0,81.6,40.6,88.0,9.0,29.911,29.669,16.1,19.6,79.3,0.24200000000000088
2504,2022-07-16 00:00:00,65.8,46.0,35.4,29.7,3.6,5.9,112.0,0.06,5.61,0.0,88.2,42.2,91.0,9.0,29.807,29.518,19.6,27.6,84.4,0.2889999999999979
2505,2022-07-17 00:00:00,66.0,41.0,39.7,29.7,3.4,6.0,120.0,0.06,5.61,0.0,80.5,49.2,66.0,18.0,29.791,29.557,20.7,29.9,79.0,0.23400000000000176
2506,2022-07-18 00:00:00,65.3,53.0,44.0,29.8,2.7,4.6,118.0,0.06,5.61,0.0,86.7,49.5,86.0,16.0,29.939,29.756,15.0,20.7,83.3,0.18299999999999983
2507,2022-07-19 00:00:00,72.3,37.0,43.0,29.7,6.0,9.4,119.0,0.06,5.61,0.0,85.7,54.2,76.0,20.0,29.848,29.614,16.1,26.5,82.7,0.2339999999999982
2508,2022-07-20 00:00:00,67.9,49.0,45.2,29.8,4.6,7.3,117.0,0.22,5.77,0.0,85.5,52.3,86.0,17.0,29.849,29.67,15.0,19.6,82.3,0.1789999999999985
2509,2022-07-21 00:00:00,69.4,42.0,42.8,29.8,3.3,5.5,115.0,0.23,5.79,0.0,85.7,56.2,78.0,16.0,29.959,29.726,19.6,26.5,82.4,0.23300000000000054
2510,2022-07-22 00:00:00,70.4,42.0,43.3,29.8,4.5,7.0,117.0,0.23,5.79,0.0,88.0,51.7,76.0,19.0,29.969,29.598,13.8,20.7,84.6,0.3710000000000022
2511,2022-07-23 00:00:00,74.3,27.0,36.9,29.6,6.3,9.7,120.0,0.23,5.79,0.0,89.9,60.1,50.0,14.0,29.692,29.507,16.1,28.8,85.9,0.18499999999999872
2512,2022-07-24 00:00:00,67.2,42.0,39.6,29.7,5.0,7.8,118.0,0.24,5.8,0.0,84.1,51.4,81.0,12.0,29.868,29.606,24.2,35.7,81.2,0.2619999999999969
2513,2022-07-25 00:00:00,66.8,45.0,37.4,29.8,2.8,4.6,117.0,0.24,5.8,0.0,87.6,44.3,92.0,7.0,29.923,29.661,18.4,27.6,84.0,0.2619999999999969
2514,2022-07-26 00:00:00,65.9,31.0,32.4,29.8,3.9,6.2,118.0,0.24,5.8,0.0,84.5,47.9,60.0,11.0,29.893,29.682,20.7,26.5,81.5,0.21100000000000207
2515,2022-07-27 00:00:00,67.5,38.0,39.4,29.8,2.8,5.0,119.0,0.24,5.8,0.0,82.8,47.6,62.0,16.0,29.891,29.666,12.7,18.4,80.8,0.22499999999999787
2516,2022-07-28 00:00:00,63.5,62.0,48.1,29.8,3.0,5.4,118.0,0.24,5.8,0.0,86.3,48.0,86.0,10.0,29.866,29.64,15.0,25.3,82.9,0.2259999999999991
2517,2022-07-29 00:00:00,65.3,62.0,50.8,29.7,3.4,6.0,120.0,0.24,5.8,0.0,77.0,53.6,88.0,33.0,29.842,29.622,15.0,19.6,78.1,0.21999999999999886
2518,2022-07-30 00:00:00,67.0,51.0,42.1,29.6,3.1,5.6,117.0,0.24,5.8,0.0,89.5,45.4,92.0,9.0,29.75,29.492,15.0,21.9,85.5,0.2579999999999991
2519,2022-07-31 00:00:00,61.3,62.0,44.9,29.7,3.2,5.0,117.0,0.72,6.28,0.0,85.3,47.6,89.0,17.0,29.848,29.521,16.1,24.2,82.1,0.3269999999999982
2520,2022-08-01 00:00:00,68.1,40.0,36.5,29.7,2.8,4.7,119.0,0.0,6.28,0.0,87.6,48.2,89.0,12.0,29.834,29.59,15.0,21.9,83.9,0.24399999999999977
2521,2022-08-02 00:00:00,59.9,59.0,44.0,29.9,2.1,3.5,118.0,0.14,6.42,0.0,80.5,46.2,86.0,24.0,30.029,29.763,17.3,21.9,79.2,0.26599999999999824
2522,2022-08-03 00:00:00,65.8,54.0,44.2,29.8,2.5,4.2,118.0,0.14,6.42,0.0,83.6,45.5,93.0,16.0,29.997,29.571,20.7,27.6,81.0,0.4259999999999984
2523,2022-08-04 00:00:00,56.5,61.0,42.2,29.8,1.3,2.4,119.0,0.16,6.44,0.0,62.0,50.8,86.0,38.0,29.962,29.635,8.1,11.5,62.0,0.3269999999999982
2524,2022-08-05 00:00:00,54.9,77.0,47.7,29.9,0.7,1.6,117.0,0.19,6.47,0.0,59.2,50.2,88.0,61.0,29.967,29.856,4.6,5.8,59.2,0.1109999999999971
2525,2022-08-06 00:00:00,58.9,74.0,49.7,29.8,1.8,3.4,118.0,0.19,6.47,0.0,74.0,48.0,94.0,36.0,29.874,29.711,12.7,21.9,77.4,0.16300000000000026
2526,2022-08-07 00:00:00,65.2,52.0,44.3,29.7,2.5,4.7,119.0,0.21,6.48,0.0,79.2,47.0,89.0,26.0,29.847,29.536,11.5,16.1,78.6,0.31099999999999994
2527,2022-08-08 00:00:00,68.5,36.0,38.6,29.6,5.2,8.3,119.0,0.21,6.48,0.0,80.4,54.5,60.0,19.0,29.72,29.491,18.4,26.5,78.8,0.2289999999999992
2528,2022-08-09 00:00:00,66.5,41.0,39.3,29.6,4.2,6.9,116.0,0.22,6.5,0.0,90.7,48.0,73.0,11.0,29.735,29.482,18.4,28.8,86.5,0.2530000000000001
2529,2022-08-10 00:00:00,63.5,49.0,40.7,29.7,3.7,6.1,116.0,0.25,6.52,0.0,83.6,45.2,78.0,16.0,29.842,29.537,24.2,32.2,80.9,0.3049999999999997
2530,2022-08-11 00:00:00,66.4,36.0,36.7,29.7,5.8,9.1,115.0,0.25,6.52,0.0,79.2,51.2,77.0,4.0,29.832,29.572,18.4,29.9,78.1,0.26000000000000156
2531,2022-08-12 00:00:00,57.8,49.0,37.0,29.9,2.2,4.1,120.0,0.25,6.52,0.0,73.7,38.9,81.0,27.0,30.004,29.806,12.7,17.3,77.3,0.1980000000000004
2532,2022-08-13 00:00:00,58.6,44.0,32.5,29.9,2.3,4.1,121.0,0.25,6.52,0.0,76.5,38.9,83.0,14.0,30.015,29.836,15.0,19.6,76.4,0.17900000000000205
2533,2022-08-14 00:00:00,61.1,38.0,29.6,29.9,1.8,3.4,119.0,0.25,6.52,0.0,80.5,38.5,81.0,11.0,30.018,29.735,10.4,18.4,78.6,0.28300000000000125
2534,2022-08-15 00:00:00,60.0,37.0,30.6,29.9,2.3,4.0,118.0,0.28,6.55,0.0,82.5,41.1,62.0,11.0,30.063,29.758,16.1,26.5,80.0,0.3049999999999997
2535,2022-08-16 00:00:00,60.1,45.0,36.1,29.9,1.9,3.4,115.0,0.28,6.55,0.0,79.8,40.2,81.0,16.0,30.056,29.797,13.8,19.6,78.4,0.25900000000000034
2536,2022-08-17 00:00:00,61.4,43.0,34.4,29.9,1.9,3.7,115.0,0.28,6.55,0.0,80.7,40.9,82.0,13.0,29.99,29.74,12.7,19.6,78.8,0.25
2537,2022-08-18 00:00:00,56.9,59.0,41.1,29.8,2.2,3.5,108.0,0.48,6.75,0.0,75.4,43.2,89.0,22.0,30.013,29.706,16.1,24.2,77.2,0.30700000000000216
2538,2022-08-19 00:00:00,52.2,80.0,45.5,29.9,2.3,4.1,110.0,0.64,6.91,0.0,69.3,43.5,93.0,34.0,29.974,29.695,13.8,19.6,77.3,0.2789999999999999
2539,2022-08-20 00:00:00,53.3,66.0,40.9,29.9,2.4,4.3,115.0,0.65,6.92,0.0,67.8,39.8,90.0,38.0,30.001,29.772,12.7,16.1,67.8,0.22900000000000276
2540,2022-08-21 00:00:00,48.7,65.0,36.0,29.8,0.6,1.2,106.0,0.65,6.92,0.0,64.0,39.6,85.0,29.0,29.911,29.638,3.5,5.8,64.0,0.2729999999999997
2541,2022-08-22 00:00:00,60.6,39.0,32.9,29.7,5.0,7.8,109.0,0.65,6.92,0.0,77.7,45.5,66.0,15.0,29.794,29.333,27.6,34.5,77.0,0.4610000000000021
2542,2022-08-23 00:00:00,64.3,31.0,32.7,29.7,5.8,8.2,112.0,0.65,6.92,0.0,73.9,58.0,51.0,15.0,29.894,29.333,18.4,26.5,75.9,0.5609999999999999
2543,2022-08-24 00:00:00,54.1,65.0,42.1,29.9,2.1,2.8,112.0,0.72,6.99,0.0,61.8,41.9,90.0,44.0,30.049,29.751,17.3,21.9,61.8,0.29799999999999827
2544,2022-08-25 00:00:00,47.8,79.0,40.9,30.1,2.0,2.9,94.0,0.85,7.12,0.0,62.4,35.9,95.0,43.0,30.219,29.946,12.7,16.1,62.4,0.2729999999999997
2545,2022-08-26 00:00:00,55.5,54.0,37.2,29.9,3.9,5.3,98.0,0.86,7.14,0.0,70.7,45.5,84.0,24.0,29.98,29.728,24.2,26.5,77.1,0.2519999999999989
2546,2022-08-27 00:00:00,57.1,51.0,38.2,29.8,2.4,2.9,87.0,0.86,7.14,0.0,75.3,43.2,82.0,26.0,30.01,29.608,13.8,13.8,77.7,0.402000000000001
2547,2022-08-28 00:00:00,55.0,54.0,37.9,30.0,0.8,1.0,78.0,0.86,7.14,0.0,74.0,39.3,79.0,43.0,30.165,29.85,19.6,19.6,77.3,0.3149999999999977
2548,2022-08-29 00:00:00,56.6,56.0,38.8,30.0,2.0,2.7,107.0,1.0,7.28,0.0,74.0,43.6,87.0,22.0,30.258,29.736,19.6,20.7,76.2,0.5219999999999985
2549,2022-08-30 00:00:00,58.0,62.0,43.2,30.0,1.3,1.6,97.0,1.0,7.28,0.0,72.1,42.5,92.0,35.0,30.272,29.842,11.5,13.8,77.4,0.4299999999999997
2550,2022-08-31 00:00:00,58.4,67.0,46.0,30.0,1.1,1.4,94.0,1.0,7.28,0.0,72.8,40.3,93.0,41.0,30.24,29.774,11.5,12.7,77.5,0.4659999999999975
2551,2022-09-01 00:00:00,59.9,65.0,45.6,29.9,1.1,1.4,-0.0,0.0,7.28,0.0,79.4,41.6,93.0,31.0,30.17,29.742,11.5,12.7,78.9,0.4280000000000008
2552,2022-09-02 00:00:00,59.8,56.0,43.4,29.7,2.7,3.1,9.0,0.01,7.29,0.0,72.5,49.1,69.0,30.0,29.891,29.495,19.6,19.6,77.3,0.39599999999999724
2553,2022-09-03 00:00:00,59.9,60.0,43.6,29.8,1.8,2.2,73.0,0.06,7.34,0.0,75.8,44.1,86.0,27.0,29.941,29.46,19.6,19.6,77.5,0.4809999999999981
2554,2022-09-04 00:00:00,57.9,56.0,39.1,29.6,3.7,4.6,93.0,0.07,7.35,0.0,75.6,44.1,89.0,19.0,29.832,29.429,17.3,19.6,76.9,0.40300000000000225
2555,2022-09-05 00:00:00,58.8,41.0,27.6,29.7,2.1,2.7,87.0,0.07,7.35,0.0,77.6,35.9,85.0,12.0,29.897,29.538,13.8,19.6,76.7,0.3589999999999982
2556,2022-09-06 00:00:00,57.0,52.0,36.6,29.8,3.5,4.1,113.0,0.07,7.35,0.0,78.1,39.3,88.0,11.0,30.039,29.623,25.3,26.5,77.7,0.41600000000000037
2557,2022-09-07 00:00:00,58.6,54.0,35.8,29.8,3.7,4.5,117.0,0.07,7.35,0.0,77.9,42.6,92.0,11.0,29.913,29.581,23.0,26.5,76.8,0.33200000000000074
2558,2022-09-08 00:00:00,59.1,36.0,25.6,29.8,3.7,4.5,119.0,0.07,7.35,0.0,81.4,34.1,72.0,10.0,30.183,29.646,19.6,19.6,79.2,0.536999999999999
2559,2022-09-09 00:00:00,54.0,39.0,27.4,29.9,3.6,4.6,118.0,0.07,7.35,0.0,73.5,35.9,80.0,15.0,30.251,29.639,18.4,20.7,75.6,0.6120000000000019
2560,2022-09-10 00:00:00,52.6,46.0,26.1,30.1,1.9,2.8,119.0,0.07,7.35,0.0,75.4,26.4,90.0,8.0,30.361,29.66,12.7,18.4,76.1,0.7010000000000005
2561,2022-09-11 00:00:00,67.2,15.0,15.8,29.6,4.3,4.8,115.0,0.07,7.35,0.0,82.0,49.4,41.0,10.0,29.812,29.375,24.2,24.2,79.6,0.43700000000000117
2562,2022-09-12 00:00:00,58.0,45.0,36.0,29.7,4.3,5.0,98.0,0.08,7.36,0.0,71.8,47.3,76.0,31.0,29.896,29.346,26.5,27.6,77.1,0.5500000000000007
2563,2022-09-13 00:00:00,50.5,79.0,44.1,29.9,2.1,2.5,108.0,0.08,7.36,0.0,59.6,45.7,91.0,61.0,30.065,29.674,17.3,17.3,59.6,0.3910000000000018
2564,2022-09-14 00:00:00,53.2,63.0,38.7,29.9,2.2,3.0,24.0,0.1,7.37,0.0,70.8,35.5,94.0,26.0,30.115,29.725,19.6,28.8,77.1,0.389999999999997
2565,2022-09-15 00:00:00,52.4,46.0,29.0,29.8,4.6,6.7,108.0,0.1,7.37,0.0,68.5,34.7,83.0,18.0,30.016,29.717,24.2,29.9,74.6,0.2989999999999995
2566,2022-09-16 00:00:00,47.7,56.0,31.3,30.0,1.5,2.7,104.0,0.1,7.37,0.0,63.0,30.6,85.0,27.0,30.116,29.905,12.7,17.3,63.0,0.21099999999999852
2567,2022-09-17 00:00:00,53.5,41.0,22.8,29.9,3.8,6.0,111.0,0.1,7.37,0.0,72.7,31.3,89.0,11.0,30.088,29.758,18.4,27.6,73.6,0.33000000000000185
2568,2022-09-18 00:00:00,65.9,20.0,23.5,29.7,9.1,13.0,112.0,0.1,7.37,0.0,79.0,54.4,27.0,15.0,29.776,29.598,28.8,38.0,77.7,0.17800000000000082
2569,2022-09-19 00:00:00,67.5,19.0,21.8,29.8,5.2,7.8,119.0,0.1,7.37,0.0,81.8,48.9,36.0,10.0,29.869,29.664,17.3,26.5,79.4,0.2049999999999983
2570,2022-09-20 00:00:00,60.6,24.0,20.6,29.8,2.6,4.0,119.0,0.1,7.37,0.0,76.1,44.5,47.0,10.0,29.968,29.729,18.4,18.4,75.5,0.23900000000000077
2571,2022-09-21 00:00:00,63.2,34.0,33.9,29.7,4.3,6.7,118.0,0.1,7.37,0.0,71.8,52.9,60.0,22.0,29.774,29.625,12.7,19.6,76.6,0.1490000000000009
2572,2022-09-22 00:00:00,56.6,63.0,43.5,29.7,2.9,4.3,113.0,0.1,7.37,0.0,71.6,40.9,80.0,40.0,29.812,29.446,13.8,16.1,77.5,0.36599999999999966
2573,2022-09-23 00:00:00,54.2,56.0,36.0,29.5,5.0,6.0,106.0,0.1,7.37,0.0,72.1,35.8,94.0,28.0,29.699,29.348,25.3,26.5,76.5,0.35100000000000264
2574,2022-09-24 00:00:00,43.8,50.0,26.3,29.9,6.1,6.8,120.0,0.13,7.41,0.0,47.7,37.0,95.0,44.0,30.112,29.315,24.2,26.5,47.7,0.796999999999997
2575,2022-09-25 00:00:00,48.0,48.0,28.3,30.2,2.7,3.1,99.0,0.13,7.41,0.0,61.6,34.6,74.0,27.0,30.327,30.059,13.8,13.8,61.6,0.2680000000000007
2576,2022-09-26 00:00:00,48.1,53.0,27.9,30.3,1.2,1.5,108.0,0.13,7.41,0.0,68.4,27.0,86.0,23.0,30.439,30.084,11.5,11.5,74.6,0.3550000000000004
2577,2022-09-27 00:00:00,52.2,45.0,26.5,30.0,1.4,2.0,118.0,0.13,7.41,0.0,73.9,29.1,86.0,16.0,30.362,29.904,12.7,12.7,76.6,0.4579999999999984
2578,2022-09-28 00:00:00,53.4,41.0,27.5,30.1,1.0,1.3,115.0,0.13,7.41,0.0,70.6,32.7,70.0,22.0,30.377,29.951,11.5,12.7,74.8,0.4259999999999984
2579,2022-09-29 00:00:00,55.7,47.0,32.0,30.1,1.0,1.2,110.0,0.13,7.41,0.0,76.5,33.4,79.0,17.0,30.419,29.869,18.4,18.4,78.3,0.5500000000000007
2580,2022-09-30 00:00:00,52.7,58.0,37.8,30.0,2.3,2.7,110.0,0.17,7.45,0.0,65.3,42.3,84.0,37.0,30.15,29.828,13.8,16.1,65.3,0.3219999999999992
2581,2022-10-01 00:00:00,49.1,66.0,34.7,29.9,0.9,1.1,70.0,0.0,7.45,0.0,74.4,34.0,92.0,28.0,30.094,29.718,18.4,19.6,76.6,0.3760000000000012
2582,2022-10-02 00:00:00,52.5,42.0,27.9,29.7,1.5,1.7,104.0,0.0,7.45,0.0,68.3,37.2,80.0,24.0,30.132,29.515,10.4,11.5,76.8,0.6170000000000009
2583,2022-10-03 00:00:00,46.0,50.0,25.0,29.5,6.1,7.6,115.0,0.0,7.45,0.0,62.9,32.4,87.0,22.0,29.815,29.337,35.7,35.7,62.9,0.47800000000000153
2584,2022-10-04 00:00:00,42.2,33.0,15.0,29.6,9.5,12.6,110.0,0.0,7.45,0.0,51.3,34.1,43.0,27.0,29.767,29.454,27.6,33.4,51.3,0.31299999999999883
2585,2022-10-05 00:00:00,44.5,34.0,17.0,29.8,7.5,9.6,112.0,0.0,7.45,0.0,55.1,36.5,56.0,22.0,29.878,29.689,24.2,31.1,55.1,0.18900000000000006
2586,2022-10-06 00:00:00,37.4,66.0,26.2,30.0,2.4,3.5,112.0,0.08,7.53,0.0,48.2,27.9,91.0,31.0,30.277,29.774,21.9,21.9,48.2,0.5030000000000001
2587,2022-10-07 00:00:00,41.1,39.0,15.2,30.2,5.0,6.4,113.0,0.08,7.53,0.0,58.0,26.7,68.0,15.0,30.346,30.105,24.2,26.5,58.0,0.24099999999999966
2588,2022-10-08 00:00:00,50.6,26.0,13.5,30.1,3.0,4.0,118.0,0.08,7.53,0.0,67.4,27.8,60.0,11.0,30.252,29.921,13.8,16.1,67.4,0.3309999999999995
2589,2022-10-09 00:00:00,50.0,35.0,20.0,30.0,2.6,3.4,118.0,0.08,7.53,0.0,70.7,29.1,64.0,15.0,30.232,29.786,15.0,17.3,73.5,0.44599999999999795
2590,2022-10-10 00:00:00,54.3,37.0,26.4,29.8,5.9,7.2,112.0,0.08,7.53,0.0,67.1,39.3,71.0,21.0,29.939,29.669,26.5,31.1,67.1,0.2699999999999996
2591,2022-10-11 00:00:00,48.9,60.0,34.9,29.9,3.8,4.8,105.0,0.24,7.69,0.0,61.3,39.5,88.0,39.0,30.038,29.656,21.9,27.6,61.3,0.38200000000000145
2592,2022-10-12 00:00:00,46.5,58.0,28.4,30.0,3.2,4.6,113.0,0.28,7.73,0.0,62.3,30.7,94.0,21.0,30.168,29.876,15.0,19.6,62.3,0.29199999999999804
2593,2022-10-13 00:00:00,47.4,45.0,22.7,30.0,3.2,5.1,116.0,0.28,7.73,0.0,69.9,30.0,75.0,13.0,30.266,29.672,19.6,28.8,72.7,0.5939999999999976
2594,2022-10-14 00:00:00,61.2,21.0,20.3,29.6,9.1,13.5,116.0,0.28,7.73,0.0,71.5,55.3,27.0,14.0,29.806,29.439,21.9,29.9,73.6,0.3670000000000009
2595,2022-10-15 00:00:00,59.8,24.0,21.2,29.5,9.3,13.8,117.0,0.28,7.73,0.0,72.1,42.1,48.0,15.0,29.7,29.412,24.2,33.4,73.9,0.28800000000000026
2596,2022-10-16 00:00:00,60.7,21.0,20.0,29.4,7.3,11.5,117.0,0.28,7.73,0.0,70.1,42.9,46.0,15.0,29.617,29.319,25.3,39.1,73.2,0.2980000000000018
2597,2022-10-17 00:00:00,50.4,37.0,24.0,29.4,7.5,12.4,116.0,0.28,7.73,0.0,59.9,40.0,58.0,23.0,29.658,29.131,25.3,36.8,59.9,0.527000000000001
2598,2022-10-18 00:00:00,44.5,43.0,22.4,29.8,4.7,7.1,118.0,0.33,7.78,0.0,54.1,36.6,85.0,29.0,29.907,29.658,17.3,26.5,54.1,0.24899999999999878
2599,2022-10-19 00:00:00,38.6,48.0,18.6,30.1,5.9,9.8,114.0,0.35,7.8,0.0,47.4,32.5,88.0,24.0,30.34,29.904,24.2,27.6,47.4,0.43599999999999994
2600,2022-10-20 00:00:00,39.9,33.0,8.7,30.3,3.1,5.0,120.0,0.35,7.8,0.0,58.0,18.1,66.0,7.0,30.557,30.014,18.4,25.3,58.0,0.5429999999999993
2601,2022-10-21 00:00:00,52.5,16.0,5.9,29.9,5.3,8.0,118.0,0.35,7.8,0.0,66.4,31.8,40.0,10.0,30.083,29.794,19.6,26.5,66.4,0.2889999999999979
2602,2022-10-22 00:00:00,51.9,24.0,13.6,29.8,5.4,7.8,115.0,0.35,7.8,0.0,70.8,27.0,49.0,12.0,29.956,29.604,19.6,25.3,73.0,0.3520000000000003
2603,2022-10-23 00:00:00,43.5,39.0,18.3,30.1,2.0,3.2,117.0,0.35,7.8,0.0,68.4,27.0,60.0,16.0,30.268,29.929,15.0,24.2,72.9,0.3390000000000022
2604,2022-10-24 00:00:00,50.1,35.0,21.5,30.0,3.4,5.2,109.0,0.35,7.8,0.0,67.6,33.5,58.0,17.0,30.214,29.923,17.3,26.5,67.6,0.29100000000000037
2605,2022-10-25 00:00:00,51.5,45.0,30.3,29.9,5.3,8.0,112.0,0.35,7.8,0.0,61.3,35.8,57.0,29.0,30.028,29.724,17.3,24.2,61.3,0.3039999999999985
2606,2022-10-26 00:00:00,52.0,37.0,24.9,30.0,5.7,8.1,105.0,0.35,7.8,0.0,65.0,35.9,56.0,18.0,30.179,29.898,19.6,21.9,65.0,0.2809999999999988
2607,2022-10-27 00:00:00,60.3,22.0,20.1,29.9,5.5,7.6,101.0,0.35,7.8,0.0,70.8,45.4,36.0,14.0,30.113,29.687,21.9,26.5,73.7,0.4259999999999984
2608,2022-10-28 00:00:00,59.3,32.0,28.8,29.7,6.5,10.0,110.0,0.35,7.8,0.0,68.1,51.6,46.0,24.0,29.798,29.641,23.0,33.4,74.9,0.15700000000000003
2609,2022-10-29 00:00:00,53.6,46.0,32.4,29.8,6.0,9.0,111.0,0.35,7.8,0.0,64.0,38.3,73.0,28.0,30.08,29.577,21.9,33.4,64.0,0.5029999999999966
2610,2022-10-30 00:00:00,53.0,45.0,30.7,29.9,1.8,2.5,79.0,0.35,7.8,0.0,62.7,34.6,82.0,27.0,30.135,29.496,16.1,26.5,62.7,0.6390000000000029
2611,2022-10-31 00:00:00,57.5,30.0,25.5,29.5,11.5,16.1,116.0,0.35,7.8,0.0,63.6,50.1,44.0,21.0,29.642,29.364,36.8,46.0,63.6,0.2779999999999987
2612,2022-11-01 00:00:00,50.3,43.0,27.3,29.7,3.0,4.3,114.0,0.03,7.83,0.0,60.2,37.9,75.0,27.0,29.873,29.549,15.0,20.7,60.2,0.3240000000000016
2613,2022-11-02 00:00:00,43.0,68.0,32.8,30.0,0.9,1.8,97.0,0.03,7.83,0.0,54.8,27.8,87.0,36.0,30.452,29.636,10.4,12.7,54.8,0.8160000000000025
2614,2022-11-03 00:00:00,38.0,54.0,16.1,30.4,0.8,1.7,116.0,0.04,7.84,0.0,62.9,19.9,91.0,8.0,30.656,30.098,8.1,12.7,62.9,0.5579999999999998
2615,2022-11-04 00:00:00,38.9,42.0,14.4,30.4,0.9,1.9,120.0,0.04,7.84,0.0,65.8,18.9,64.0,14.0,30.66,30.122,8.1,11.5,65.8,0.5380000000000003
2616,2022-11-05 00:00:00,41.4,52.0,22.9,30.1,0.9,1.8,108.0,0.04,7.84,0.0,62.1,26.2,76.0,23.0,30.327,29.893,9.2,13.8,62.1,0.43400000000000105
2617,2022-11-06 00:00:00,45.9,46.0,23.7,29.9,6.8,10.1,108.0,0.04,7.84,0.0,58.9,27.9,85.0,23.0,30.004,29.854,19.6,26.5,58.9,0.15000000000000213
2618,2022-11-07 00:00:00,45.2,40.0,20.9,30.1,4.1,6.6,113.0,0.04,7.84,0.0,56.5,24.8,75.0,26.0,30.455,29.862,15.0,25.3,56.5,0.593
2619,2022-11-08 00:00:00,36.4,55.0,18.7,30.5,0.9,1.9,119.0,0.04,7.84,0.0,59.8,19.4,86.0,19.0,30.715,30.35,10.4,11.5,59.8,0.36499999999999844
2620,2022-11-09 00:00:00,41.0,42.0,14.6,30.3,0.9,1.8,113.0,0.04,7.84,0.0,68.9,21.4,74.0,11.0,30.559,30.127,11.5,13.8,71.4,0.43200000000000216
2621,2022-11-10 00:00:00,40.8,44.0,19.2,30.3,1.9,3.5,117.0,0.04,7.84,0.0,60.5,25.1,65.0,22.0,30.527,30.139,12.7,17.3,60.5,0.3880000000000017
2622,2022-11-11 00:00:00,34.8,61.0,21.5,30.4,1.1,2.1,122.0,0.04,7.84,0.0,52.2,20.8,82.0,33.0,30.58,30.253,6.9,11.5,52.2,0.3269999999999982
2623,2022-11-12 00:00:00,44.0,45.0,19.6,30.1,5.4,8.0,113.0,0.04,7.84,0.0,59.3,22.9,86.0,19.0,30.377,29.891,18.4,25.3,59.3,0.48600000000000065
2624,2022-11-13 00:00:00,47.4,35.0,21.0,30.0,10.3,14.8,110.0,0.04,7.84,0.0,52.1,43.8,47.0,27.0,30.044,29.877,20.7,32.2,52.1,0.1670000000000016
2625,2022-11-14 00:00:00,52.2,27.0,19.3,29.9,10.9,16.2,116.0,0.04,7.84,0.0,61.6,43.5,39.0,20.0,30.019,29.833,24.2,34.5,61.6,0.18599999999999994
2626,2022-11-15 00:00:00,56.7,19.0,13.3,29.8,10.0,15.0,116.0,0.04,7.84,0.0,66.4,42.8,39.0,11.0,29.949,29.597,25.3,34.5,66.4,0.3520000000000003
2627,2022-11-16 00:00:00,56.2,16.0,9.8,29.4,12.5,19.2,116.0,0.04,7.84,0.0,64.9,36.3,47.0,10.0,29.605,29.21,28.8,42.6,64.9,0.3949999999999996
2628,2022-11-17 00:00:00,26.2,80.0,20.6,29.7,3.1,5.2,104.0,0.04,7.84,0.0,36.2,18.1,89.0,47.0,30.185,29.4,9.2,16.1,36.2,0.7850000000000001
2629,2022-11-18 00:00:00,21.4,60.0,8.6,30.4,3.8,5.9,111.0,0.12,7.92,0.0,35.8,10.0,80.0,25.0,30.638,30.185,13.8,19.6,35.8,0.45300000000000296
2630,2022-11-19 00:00:00,43.9,27.0,10.5,30.1,9.7,14.3,110.0,0.12,7.92,0.0,53.6,9.9,81.0,19.0,30.541,29.866,24.2,34.5,53.6,0.6750000000000007
2631,2022-11-20 00:00:00,44.4,42.0,20.9,29.9,4.9,7.5,106.0,0.12,7.92,0.0,56.7,29.4,76.0,24.0,30.071,29.832,20.7,33.4,56.7,0.23900000000000077
2632,2022-11-21 00:00:00,40.7,60.0,26.6,29.7,2.9,4.5,102.0,0.13,7.93,0.0,54.1,26.1,85.0,32.0,29.943,29.484,13.8,19.6,54.1,0.45899999999999963
2633,2022-11-22 00:00:00,35.4,66.0,23.8,29.8,3.1,5.1,109.0,0.14,7.95,0.0,44.3,25.0,92.0,32.0,30.135,29.501,12.7,19.6,44.3,0.6340000000000003
2634,2022-11-23 00:00:00,34.3,43.0,9.5,30.0,7.0,10.3,111.0,0.14,7.95,0.0,48.0,15.2,83.0,11.0,30.268,29.786,23.0,34.5,48.0,0.4819999999999993
2635,2022-11-24 00:00:00,32.0,37.0,6.5,30.1,12.2,17.5,108.0,0.14,7.95,0.0,38.7,27.0,85.0,16.0,30.368,29.784,26.5,40.3,38.7,0.5839999999999996
2636,2022-11-25 00:00:00,36.8,19.0,-2.9,30.3,5.0,7.7,112.0,0.14,7.95,0.0,50.4,24.1,31.0,9.0,30.407,30.072,18.4,26.5,50.4,0.33500000000000085
2637,2022-11-26 00:00:00,37.5,17.0,-6.9,30.0,4.3,6.9,114.0,0.14,7.95,0.0,55.0,21.9,39.0,3.0,30.38,29.648,13.8,24.2,55.0,0.7319999999999993
2638,2022-11-27 00:00:00,30.6,45.0,11.2,29.4,12.2,17.9,105.0,0.14,7.95,0.0,39.5,23.8,88.0,28.0,29.648,29.218,31.1,43.7,39.5,0.4299999999999997
2639,2022-11-28 00:00:00,27.1,38.0,4.4,29.4,9.8,15.3,104.0,0.14,7.95,0.0,32.2,23.0,54.0,27.0,29.527,29.281,25.3,39.1,32.2,0.24600000000000222
2640,2022-11-29 00:00:00,23.0,36.0,-0.1,29.8,10.8,15.9,100.0,0.14,7.95,0.0,25.6,20.6,48.0,31.0,29.989,29.527,23.0,42.6,25.6,0.46199999999999974
2641,2022-11-30 00:00:00,21.8,32.0,-3.6,30.0,11.1,17.1,100.0,0.14,7.95,0.0,28.2,12.4,44.0,24.0,30.061,29.752,23.0,31.1,28.2,0.30900000000000105
2642,2022-12-01 00:00:00,24.2,39.0,2.1,30.0,3.1,5.0,96.0,0.0,7.95,0.0,35.2,14.4,59.0,26.0,30.155,29.947,11.5,17.3,35.2,0.20800000000000196
2643,2022-12-02 00:00:00,16.6,70.0,8.3,30.3,1.0,2.2,106.0,0.0,7.95,0.0,25.1,7.0,80.0,58.0,30.397,30.118,6.9,12.7,25.1,0.2789999999999999
2644,2022-12-03 00:00:00,21.1,52.0,4.2,30.2,8.2,11.7,91.0,0.0,7.95,0.0,30.4,4.8,80.0,24.0,30.307,30.072,25.3,35.7,30.4,0.23499999999999943
2645,2022-12-04 00:00:00,31.7,33.0,5.6,29.9,16.4,24.0,69.0,0.0,7.95,0.0,40.3,21.1,44.0,26.0,30.114,29.632,29.9,43.7,40.3,0.4819999999999993
2646,2022-12-05 00:00:00,28.4,44.0,8.7,29.6,5.8,8.3,88.0,0.01,7.96,0.0,38.5,3.9,77.0,19.0,30.031,29.278,17.3,25.3,38.5,0.7530000000000001
2647,2022-12-06 00:00:00,13.5,50.0,-3.5,30.0,3.4,5.5,91.0,0.01,7.96,0.0,24.4,8.3,79.0,18.0,30.104,29.988,11.5,18.4,24.4,0.11599999999999966
2648,2022-12-07 00:00:00,2.0,73.0,-4.7,30.5,1.9,3.1,104.0,0.01,7.96,0.0,10.0,-16.6,79.0,65.0,30.874,30.049,10.4,13.8,10.0,0.8249999999999993
2649,2022-12-08 00:00:00,1.6,64.0,-7.9,30.8,3.4,5.0,94.0,0.09,8.04,0.0,28.0,-18.4,76.0,46.0,31.079,30.117,21.9,35.7,28.0,0.9619999999999997
2650,2022-12-09 00:00:00,35.0,53.0,19.3,30.1,12.8,19.1,71.0,0.12,8.07,0.0,40.5,27.3,69.0,39.0,30.214,29.867,24.2,35.7,40.5,0.34699999999999775
2651,2022-12-10 00:00:00,40.3,48.0,21.8,29.7,14.5,20.8,91.0,0.12,8.07,0.0,46.8,36.9,74.0,29.0,29.856,29.537,28.8,49.5,46.8,0.3190000000000026
2652,2022-12-11 00:00:00,30.6,61.0,17.6,29.8,6.9,10.7,95.0,0.15,8.1,0.0,37.3,26.9,90.0,32.0,29.926,29.54,19.6,34.5,37.3,0.38599999999999923
2653,2022-12-12 00:00:00,33.3,31.0,5.9,29.8,9.2,14.7,100.0,0.15,8.1,0.0,37.5,25.4,38.0,23.0,29.937,29.715,25.3,34.5,37.5,0.2220000000000013
2654,2022-12-13 00:00:00,28.8,30.0,0.7,30.0,10.7,15.9,83.0,0.15,8.1,0.0,33.7,21.6,41.0,22.0,30.083,29.914,25.3,34.5,33.7,0.16899999999999693
2655,2022-12-14 00:00:00,22.7,64.0,11.3,30.1,4.7,7.6,97.0,0.15,8.1,0.0,32.1,15.6,82.0,31.0,30.26,29.93,20.7,32.2,32.1,0.33000000000000185
2656,2022-12-15 00:00:00,43.3,44.0,22.2,29.7,17.6,25.2,88.0,0.17,8.12,0.0,48.8,18.4,89.0,28.0,30.141,29.351,36.8,47.2,48.8,0.7899999999999991
2657,2022-12-16 00:00:00,32.5,66.0,21.7,29.3,11.2,16.5,293.0,0.19,8.13,0.0,43.9,0.9,84.0,45.0,29.66,29.101,32.2,49.5,43.9,0.559000000000001
2658,2022-12-17 00:00:00,-0.7,68.0,-8.8,30.1,4.7,7.2,238.0,0.3,8.25,0.0,10.2,-11.2,77.0,44.0,30.503,29.65,21.9,31.1,10.2,0.8530000000000015
2659,2022-12-18 00:00:00,16.1,35.0,-7.1,30.4,13.9,20.3,195.0,0.31,8.26,0.0,21.9,10.0,51.0,27.0,30.515,30.253,29.9,42.6,21.9,0.26200000000000045
2660,2022-12-19 00:00:00,29.7,27.0,-0.4,30.3,13.1,19.2,233.0,0.31,8.26,0.0,36.1,19.2,39.0,21.0,30.449,30.127,27.6,41.4,36.1,0.32200000000000273
2661,2022-12-20 00:00:00,39.9,32.0,11.7,30.1,12.3,17.8,263.0,0.31,8.26,0.0,45.1,34.9,45.0,21.0,30.211,29.806,25.3,38.0,45.1,0.4049999999999976
2662,2022-12-21 00:00:00,33.4,45.0,11.4,30.1,10.1,15.1,272.0,0.31,8.26,0.0,43.3,19.2,83.0,20.0,30.341,29.777,34.5,43.7,43.3,0.5640000000000001
2663,2022-12-22 00:00:00,25.1,73.0,17.4,30.2,0.5,1.1,275.0,0.33,8.28,0.0,40.2,15.4,85.0,42.0,30.44,29.82,6.9,8.1,40.2,0.620000000000001
2664,2022-12-23 00:00:00,32.0,53.0,15.1,29.8,6.2,9.5,252.0,0.33,8.28,0.0,41.3,19.1,85.0,26.0,29.946,29.657,25.3,38.0,41.3,0.2890000000000015
2665,2022-12-24 00:00:00,38.1,37.0,12.3,29.6,4.4,6.8,260.0,0.33,8.28,0.0,52.6,18.6,70.0,19.0,29.873,29.46,19.6,28.8,52.6,0.41300000000000026
2666,2022-12-25 00:00:00,24.4,55.0,9.5,29.4,14.5,21.5,210.0,0.33,8.28,0.0,31.0,18.6,80.0,31.0,29.75,29.318,36.8,57.5,31.0,0.4319999999999986
2667,2022-12-26 00:00:00,24.5,34.0,-0.4,30.1,16.1,23.1,227.0,0.33,8.28,0.0,28.5,21.1,42.0,21.0,30.29,29.76,29.9,48.3,28.5,0.5299999999999976
2668,2022-12-27 00:00:00,34.5,23.0,-1.4,30.0,16.5,24.3,251.0,0.33,8.28,0.0,43.1,22.3,51.0,11.0,30.316,29.76,31.1,48.3,43.1,0.5559999999999974
2669,2022-12-28 00:00:00,29.4,53.0,13.6,30.0,8.4,12.1,208.0,0.33,8.28,0.0,34.1,25.8,83.0,35.0,30.327,29.836,26.5,38.0,34.1,0.4910000000000032
2670,2022-12-29 00:00:00,35.4,27.0,3.8,30.2,7.9,10.6,262.0,0.33,8.28,0.0,44.1,27.3,35.0,17.0,30.417,30.038,20.7,31.1,44.1,0.37900000000000134
2671,2022-12-30 00:00:00,40.2,20.0,2.0,29.8,12.7,18.1,274.0,0.33,8.28,0.0,50.1,34.1,28.0,12.0,30.055,29.55,26.5,38.0,50.1,0.504999999999999
2672,2022-12-31 00:00:00,34.3,33.0,7.5,29.6,9.8,14.2,251.0,0.33,8.28,0.0,42.6,23.6,48.0,22.0,29.757,29.554,26.5,42.6,42.6,0.20300000000000296
2673,2022-01-01 00:00:00,33.4,38.0,10.2,29.6,9.8,14.7,216.0,0.0,0.0,0.0,37.0,29.7,44.0,29.0,29.663,29.467,23.0,34.5,37.0,0.1960000000000015
2674,2022-01-02 00:00:00,28.5,57.0,14.1,29.7,7.2,10.9,212.0,0.01,0.01,0.0,35.0,12.1,85.0,34.0,30.006,29.484,23.0,34.5,35.0,0.5219999999999985
2675,2022-01-03 00:00:00,16.8,82.0,12.2,30.2,1.0,1.8,270.0,0.01,0.01,0.0,23.9,10.7,84.0,73.0,30.308,30.005,11.5,16.1,23.9,0.3030000000000008
2676,2022-01-04 00:00:00,12.6,76.0,6.6,30.0,3.8,5.7,281.0,0.01,0.01,0.0,25.6,-2.2,85.0,68.0,30.15,29.75,13.8,17.3,25.6,0.3999999999999986
2677,2022-01-05 00:00:00,-2.4,72.0,-9.2,30.3,1.2,2.0,275.0,0.01,0.01,0.0,3.7,-12.8,74.0,67.0,30.45,30.131,6.9,8.1,3.7,0.31899999999999906
2678,2022-01-06 00:00:00,0.5,52.0,-14.3,30.6,6.5,9.1,183.0,0.09,0.09,0.0,18.7,-23.9,74.0,29.0,30.725,30.423,23.0,32.2,18.7,0.30200000000000315
2679,2022-01-07 00:00:00,25.2,29.0,-3.9,30.3,9.3,13.4,239.0,0.18,0.18,0.0,35.9,11.9,60.0,15.0,30.546,30.035,33.4,39.1,35.9,0.5109999999999992
2680,2022-01-08 00:00:00,36.6,54.0,21.6,30.0,17.4,24.8,254.0,0.19,0.19,0.0,43.1,29.4,65.0,43.0,30.128,29.774,27.6,41.4,43.1,0.3539999999999992
2681,2022-01-09 00:00:00,37.5,75.0,30.2,29.7,7.8,11.5,213.0,0.44,0.44,0.0,43.6,27.8,91.0,56.0,29.844,29.464,25.3,42.6,43.6,0.38000000000000256
2682,2022-01-10 00:00:00,29.9,58.0,16.7,29.7,7.4,11.0,225.0,0.46,0.46,0.0,33.7,23.0,78.0,44.0,29.792,29.584,19.6,34.5,33.7,0.20800000000000196
2683,2022-01-11 00:00:00,30.0,77.0,23.4,29.6,3.8,5.8,167.0,0.52,0.52,0.0,33.7,26.0,90.0,62.0,29.81,29.485,13.8,20.7,33.7,0.3249999999999993
2684,2022-01-12 00:00:00,24.6,74.0,17.0,30.1,2.3,3.8,238.0,0.57,0.57,0.0,34.4,17.5,87.0,45.0,30.244,29.804,12.7,21.9,34.4,0.4400000000000013
2685,2022-01-13 00:00:00,28.8,69.0,19.6,30.3,2.8,4.3,264.0,0.69,0.69,0.0,41.2,17.5,86.0,50.0,30.461,30.106,11.5,17.3,41.2,0.3549999999999969
2686,2022-01-14 00:00:00,24.5,71.0,15.7,30.4,0.8,1.6,248.0,0.71,0.71,0.0,43.8,13.8,87.0,40.0,30.579,30.27,4.6,6.9,43.8,0.30900000000000105
2687,2022-01-15 00:00:00,23.7,79.0,17.9,30.2,0.7,1.3,198.0,0.71,0.71,0.0,40.3,10.5,90.0,50.0,30.455,29.924,5.8,8.1,40.3,0.5309999999999988
2688,2022-01-16 00:00:00,27.3,83.0,22.7,30.1,1.0,1.8,217.0,0.77,0.77,0.0,30.1,15.9,92.0,68.0,30.221,29.89,6.9,10.4,30.1,0.3309999999999995
2689,2022-01-17 00:00:00,20.6,65.0,8.9,30.3,0.4,0.8,148.0,0.85,0.85,0.0,48.5,0.9,84.0,23.0,30.435,30.038,8.1,11.5,48.5,0.39699999999999847
2690,2022-01-18 00:00:00,24.6,57.0,8.7,30.0,1.3,2.1,205.0,0.86,0.86,0.0,57.0,5.2,83.0,14.0,30.332,29.599,18.4,26.5,57.0,0.7330000000000005
2691,2022-01-19 00:00:00,39.8,32.0,11.3,29.5,10.0,14.4,209.0,0.86,0.86,0.0,48.2,33.4,49.0,19.0,29.671,29.351,21.9,27.6,48.2,0.3200000000000003
2692,2022-01-20 00:00:00,31.6,48.0,13.7,29.4,6.5,9.8,199.0,0.86,0.86,0.0,38.7,27.0,72.0,33.0,29.447,29.269,19.6,27.6,38.7,0.17800000000000082
2693,2022-01-21 00:00:00,24.8,61.0,12.3,29.5,2.3,3.6,195.0,0.86,0.86,0.0,41.5,12.6,85.0,25.0,29.809,29.24,13.8,21.9,41.5,0.5690000000000026
2694,2022-01-22 00:00:00,27.9,39.0,5.9,29.9,8.5,12.5,204.0,0.86,0.86,0.0,32.9,23.3,54.0,22.0,30.078,29.653,21.9,32.2,32.9,0.4250000000000007
2695,2022-01-23 00:00:00,30.7,66.0,20.5,29.6,3.3,5.2,195.0,0.88,0.88,0.0,37.3,25.8,85.0,47.0,29.752,29.466,13.8,21.9,37.3,0.2859999999999978
2696,2022-01-24 00:00:00,20.6,61.0,8.5,29.7,3.4,5.6,210.0,0.91,0.91,0.0,31.6,10.4,84.0,31.0,29.958,29.493,15.0,26.5,31.6,0.46499999999999986
2697,2022-01-25 00:00:00,15.7,46.0,-2.6,30.1,5.8,9.2,209.0,0.91,0.91,0.0,23.9,6.5,82.0,28.0,30.232,29.959,21.9,34.5,23.9,0.2729999999999997
2698,2022-01-26 00:00:00,12.7,35.0,-10.0,30.4,7.7,11.6,207.0,0.91,0.91,0.0,18.8,3.0,95.0,24.0,30.58,30.192,18.4,26.5,18.8,0.3879999999999981
2699,2022-01-27 00:00:00,21.9,32.0,-4.2,30.5,6.1,9.5,209.0,0.91,0.91,0.0,38.3,1.3,50.0,22.0,30.651,30.276,18.4,27.6,38.3,0.375
2700,2022-01-28 00:00:00,30.3,33.0,4.5,30.3,11.5,16.5,213.0,0.91,0.91,0.0,35.8,20.1,41.0,21.0,30.437,30.273,23.0,33.4,35.8,0.16400000000000148
2701,2022-01-29 00:00:00,37.3,32.0,9.9,30.3,9.5,14.2,211.0,0.91,0.91,0.0,45.7,30.7,41.0,20.0,30.373,30.157,19.6,27.6,45.7,0.21600000000000108
2702,2022-01-30 00:00:00,40.3,30.0,11.3,30.0,14.1,20.0,217.0,0.91,0.91,0.0,45.8,35.3,37.0,23.0,30.169,29.777,28.8,46.0,45.8,0.39199999999999946
2703,2022-01-31 00:00:00,41.2,25.0,7.8,29.7,12.4,19.0,218.0,0.91,0.91,0.0,48.8,36.7,35.0,16.0,29.865,29.595,29.9,49.5,48.8,0.2699999999999996
2704,2022-02-01 00:00:00,31.9,50.0,10.8,29.9,7.3,11.3,223.0,0.0,0.91,0.0,50.8,14.8,86.0,17.0,30.193,29.718,26.5,40.3,50.8,0.4750000000000014
2705,2022-02-02 00:00:00,23.0,76.0,16.3,30.2,5.7,8.4,195.0,0.0,0.91,0.0,34.9,12.1,85.0,60.0,30.406,30.048,16.1,21.9,34.9,0.35800000000000054
2706,2022-02-09 00:00:00,48.7,43.0,26.5,29.8,11.4,14.8,225.0,0.0,0.91,0.0,54.4,42.9,95.0,13.0,29.841,29.525,34.5,47.2,54.4,0.3160000000000025
2707,2022-02-10 00:00:00,50.9,37.0,24.3,29.5,20.0,28.1,222.0,0.0,0.91,0.0,58.9,42.8,95.0,8.0,29.827,29.24,41.4,66.7,58.9,0.5870000000000033
2708,2022-02-11 00:00:00,40.6,60.0,27.4,29.8,6.8,9.4,216.0,0.05,0.96,0.0,47.4,31.8,74.0,34.0,30.187,29.545,16.1,24.2,47.4,0.6419999999999995
2709,2022-02-12 00:00:00,31.2,64.0,19.8,30.3,1.7,3.0,231.0,0.05,0.96,0.0,43.6,23.2,85.0,32.0,30.479,29.741,11.5,13.8,43.6,0.7379999999999995
2710,2022-02-13 00:00:00,30.9,57.0,15.3,30.2,1.8,3.3,230.0,0.05,0.96,0.0,44.6,21.1,86.0,24.0,30.368,29.968,11.5,17.3,44.6,0.3999999999999986
2711,2022-02-14 00:00:00,27.1,52.0,10.0,30.3,1.4,2.5,228.0,0.05,0.96,0.0,43.5,12.4,76.0,27.0,30.45,30.212,9.2,16.1,43.5,0.23799999999999955
2712,2022-02-15 00:00:00,47.1,19.0,5.6,30.1,11.4,15.0,231.0,0.05,0.96,0.0,56.3,20.8,66.0,10.0,30.318,29.729,21.9,28.8,56.3,0.5890000000000022
2713,2022-02-16 00:00:00,50.0,12.0,-2.7,29.6,10.2,13.1,233.0,0.05,0.96,0.0,61.3,41.2,18.0,5.0,29.828,29.451,24.2,35.7,61.3,0.3769999999999989
2714,2022-02-17 00:00:00,44.1,26.0,9.2,29.5,7.0,8.9,232.0,0.05,0.96,0.0,57.2,27.8,56.0,13.0,29.717,29.43,26.5,33.4,57.2,0.28699999999999903
2715,2022-02-18 00:00:00,39.9,46.0,19.6,29.6,1.7,2.8,229.0,0.05,0.96,0.0,53.8,27.8,73.0,26.0,29.776,29.516,8.1,11.5,53.7,0.26000000000000156
2716,2022-02-19 00:00:00,36.8,59.0,22.0,29.6,3.3,5.2,228.0,0.05,0.96,0.0,53.1,23.3,82.0,25.0,29.788,29.475,25.3,40.3,53.1,0.31299999999999883
2717,2022-02-20 00:00:00,40.5,30.0,11.5,29.8,13.5,18.2,229.0,0.05,0.96,0.0,47.6,33.2,41.0,24.0,29.995,29.557,29.9,42.6,47.6,0.4380000000000024
2718,2022-02-21 00:00:00,45.7,36.0,19.6,29.9,12.2,15.8,231.0,0.05,0.96,0.0,53.5,39.3,54.0,24.0,30.036,29.675,28.8,35.7,53.5,0.36100000000000065
2719,2022-02-22 00:00:00,40.2,47.0,20.2,29.7,6.8,9.8,231.0,0.05,0.96,0.0,51.0,28.5,85.0,22.0,29.749,29.508,19.6,35.7,51.0,0.24099999999999966
2720,2022-02-23 00:00:00,20.2,81.0,15.3,29.7,3.4,5.1,232.0,0.05,0.96,0.0,28.5,8.6,87.0,64.0,29.998,29.522,10.4,13.8,28.5,0.47600000000000264
2721,2022-02-24 00:00:00,8.5,75.0,2.2,30.2,0.8,1.4,228.0,0.06,0.97,0.0,18.4,-4.8,80.0,66.0,30.406,29.998,8.1,10.4,18.4,0.4079999999999977
2722,2022-02-25 00:00:00,14.8,45.0,-2.9,30.1,10.0,14.0,209.0,0.06,0.97,0.0,19.9,-4.8,80.0,34.0,30.401,29.903,26.5,35.7,19.9,0.4980000000000011
2723,2022-02-26 00:00:00,20.5,32.0,-4.9,29.9,10.5,14.7,215.0,0.06,0.97,0.0,26.6,14.0,44.0,24.0,29.968,29.804,24.2,34.5,26.6,0.16400000000000148
2724,2022-02-27 00:00:00,30.2,45.0,11.0,29.6,9.8,13.6,215.0,0.07,0.98,0.0,36.6,23.2,74.0,32.0,29.818,29.526,21.9,34.5,36.6,0.2920000000000016
2725,2022-02-28 00:00:00,23.7,52.0,7.5,29.8,6.7,9.8,214.0,0.07,0.98,0.0,32.1,17.0,83.0,30.0,30.07,29.609,20.7,31.1,32.1,0.4609999999999985
2726,2022-03-01 00:00:00,22.9,34.0,-1.7,30.3,16.3,21.3,205.0,0.0,0.98,0.0,31.9,15.9,46.0,24.0,30.408,30.003,35.7,55.2,31.9,0.40500000000000114
2727,2022-03-02 00:00:00,29.8,33.0,3.8,30.4,8.9,11.5,228.0,0.0,0.98,0.0,39.2,22.5,42.0,22.0,30.456,30.309,21.9,31.1,39.2,0.14699999999999847
2728,2022-03-03 00:00:00,36.4,27.0,3.7,30.2,7.0,9.7,228.0,0.0,0.98,0.0,49.8,22.4,56.0,12.0,30.309,30.017,18.4,29.9,49.8,0.2920000000000016
2729,2022-03-04 00:00:00,43.9,22.0,6.2,29.8,10.5,13.7,232.0,0.0,0.98,0.0,53.1,22.4,54.0,13.0,30.095,29.637,25.3,33.4,53.1,0.4579999999999984
2730,2022-03-05 00:00:00,45.9,23.0,9.3,29.5,9.1,12.4,230.0,0.0,0.98,0.0,53.3,40.3,37.0,11.0,29.655,29.157,25.3,35.7,53.3,0.4980000000000011
2731,2022-03-06 00:00:00,24.4,37.0,0.6,29.6,10.2,15.8,249.0,0.0,0.98,0.0,41.9,16.2,75.0,20.0,30.094,29.128,27.6,42.6,41.8,0.9660000000000011
2732,2022-03-07 00:00:00,27.7,29.0,-0.5,30.1,16.9,24.5,260.0,0.0,0.98,0.0,36.9,18.1,42.0,23.0,30.202,30.043,33.4,48.3,36.9,0.15900000000000247
2733,2022-03-08 00:00:00,41.8,32.0,13.4,30.0,14.9,21.1,263.0,0.0,0.98,0.0,51.4,31.0,53.0,22.0,30.168,29.852,31.1,46.0,51.4,0.31599999999999895
2734,2022-03-09 00:00:00,46.9,27.0,12.4,29.9,13.9,20.2,271.0,0.0,0.98,0.0,58.0,28.8,67.0,17.0,30.199,29.817,31.1,47.2,58.0,0.38200000000000145
2735,2022-03-10 00:00:00,46.6,35.0,17.3,29.9,6.5,10.2,267.0,0.0,0.98,0.0,61.2,24.4,78.0,17.0,30.156,29.797,23.0,29.9,61.2,0.3589999999999982
2736,2022-03-11 00:00:00,38.1,65.0,26.7,30.1,3.0,5.1,276.0,0.0,0.98,0.0,45.2,28.7,83.0,37.0,30.229,29.805,13.8,19.6,45.2,0.4239999999999995
2737,2022-03-12 00:00:00,40.7,38.0,15.6,29.9,10.0,14.9,252.0,0.0,0.98,0.0,48.9,27.8,87.0,19.0,30.143,29.792,28.8,42.6,48.9,0.3509999999999991
2738,2022-03-13 00:00:00,38.9,40.0,14.4,30.1,10.2,14.6,264.0,0.0,0.98,0.0,48.3,21.8,85.0,25.0,30.244,29.889,28.8,38.0,48.3,0.3550000000000004
2739,2022-03-14 00:00:00,50.7,26.0,16.9,29.9,11.6,17.1,269.0,0.0,0.98,0.0,59.5,44.2,35.0,20.0,29.981,29.746,29.9,47.2,59.5,0.23500000000000298
2740,2022-03-15 00:00:00,52.3,22.0,12.9,29.9,6.1,9.5,273.0,0.0,0.98,0.0,66.9,33.8,48.0,10.0,29.976,29.777,19.6,29.9,66.9,0.19899999999999807
2741,2022-03-16 00:00:00,51.1,25.0,14.4,29.8,7.1,10.8,275.0,0.0,0.98,0.0,64.8,30.1,53.0,15.0,29.92,29.677,25.3,34.5,64.8,0.2430000000000021
2742,2022-03-17 00:00:00,50.3,32.0,20.1,30.0,4.5,6.8,275.0,0.0,0.98,0.0,63.1,32.2,68.0,19.0,30.152,29.76,18.4,28.8,63.1,0.39199999999999946
2743,2022-03-18 00:00:00,51.3,34.0,19.3,30.0,5.8,8.2,276.0,0.0,0.98,0.0,67.6,27.9,79.0,13.0,30.158,29.836,21.9,32.2,67.6,0.32200000000000273
2744,2022-03-19 00:00:00,54.0,26.0,18.5,29.8,6.0,9.0,276.0,0.0,0.98,0.0,69.6,39.3,49.0,14.0,29.969,29.703,21.9,31.1,72.9,0.2660000000000018
2745,2022-03-20 00:00:00,52.2,29.0,19.5,29.9,4.9,7.0,276.0,0.0,0.98,0.0,65.0,38.6,46.0,16.0,30.044,29.751,17.3,28.8,65.0,0.29299999999999926
2746,2022-03-21 00:00:00,43.9,56.0,27.5,30.0,3.0,4.6,276.0,0.0,0.98,0.0,62.7,28.5,80.0,21.0,30.13,29.815,17.3,21.9,62.7,0.3149999999999977
2747,2022-03-22 00:00:00,52.9,33.0,20.4,29.7,8.6,12.2,275.0,0.0,0.98,0.0,64.8,31.2,86.0,14.0,29.912,29.516,27.6,41.4,64.8,0.3960000000000008
2748,2022-03-23 00:00:00,48.2,36.0,19.8,29.5,6.1,9.0,274.0,0.0,0.98,0.0,62.9,35.8,75.0,11.0,29.552,29.33,24.2,32.2,62.9,0.2220000000000013
2749,2022-03-24 00:00:00,39.8,49.0,20.5,29.9,7.4,10.6,277.0,0.0,0.98,0.0,53.9,25.4,73.0,21.0,30.146,29.49,24.2,31.1,53.9,0.6560000000000024
2750,2022-03-25 00:00:00,44.2,39.0,17.9,29.8,3.9,6.3,273.0,0.04,1.02,0.0,58.1,23.3,87.0,17.0,30.041,29.625,16.1,21.9,58.1,0.41600000000000037
2751,2022-03-26 00:00:00,37.4,84.0,32.7,29.8,2.0,3.4,271.0,0.18,1.16,0.0,45.4,32.2,93.0,55.0,29.909,29.597,10.4,12.7,45.4,0.3119999999999976
2752,2022-03-27 00:00:00,36.9,77.0,29.4,29.8,1.9,3.2,274.0,0.24,1.22,0.0,50.5,26.0,94.0,41.0,29.944,29.594,10.4,12.7,50.5,0.34999999999999787
2753,2022-03-28 00:00:00,33.5,90.0,30.9,29.9,1.1,1.9,275.0,0.68,1.66,0.0,37.8,30.1,93.0,84.0,30.045,29.697,10.4,12.7,37.8,0.34800000000000253
2754,2022-03-29 00:00:00,38.3,63.0,24.5,30.0,1.4,2.4,274.0,0.85,1.84,0.0,54.8,28.1,91.0,20.0,30.127,29.829,12.7,17.3,54.8,0.29799999999999827
2755,2022-03-30 00:00:00,45.1,47.0,25.2,29.6,7.5,10.3,272.0,0.89,1.88,0.0,56.0,34.0,80.0,27.0,29.87,29.45,21.9,33.4,56.0,0.4200000000000017
2756,2022-03-31 00:00:00,32.9,89.0,30.1,29.7,3.1,4.7,277.0,1.02,2.0,0.0,40.3,27.3,94.0,80.0,30.106,29.408,9.2,12.7,40.3,0.6980000000000004
2757,2022-04-05 00:00:00,39.8,42.0,18.3,30.1,7.0,11.8,273.0,0.02,2.02,0.0,40.1,32.1,90.0,40.0,30.098,30.011,10.4,29.9,40.1,0.08699999999999974
2758,2022-04-06 00:00:00,44.2,44.0,22.8,30.0,3.7,6.2,269.0,0.02,2.02,0.0,55.6,28.1,72.0,27.0,30.152,29.883,15.0,29.9,55.6,0.2690000000000019
2759,2022-04-07 00:00:00,45.6,43.0,21.4,29.7,5.8,8.3,275.0,0.02,2.02,0.0,65.8,28.4,80.0,19.0,29.946,28.866,24.2,32.2,65.8,1.0800000000000018
2760,2022-04-08 00:00:00,54.2,27.0,20.0,29.4,10.9,15.5,275.0,0.02,2.02,0.0,62.4,28.4,50.0,17.0,29.521,29.294,31.1,42.6,62.4,0.2270000000000003
2761,2022-04-09 00:00:00,37.1,41.0,14.2,29.6,12.8,19.1,271.0,0.08,2.08,0.0,48.0,29.5,86.0,21.0,29.932,29.339,34.5,50.6,45.7,0.593
2762,2022-04-10 00:00:00,37.8,26.0,4.6,30.0,11.5,16.4,253.0,0.08,2.08,0.0,51.5,28.2,54.0,14.0,30.127,29.859,34.5,42.6,51.5,0.26799999999999713
2763,2022-04-11 00:00:00,41.7,32.0,9.7,30.0,3.7,5.9,266.0,0.08,2.08,0.0,57.2,22.9,68.0,10.0,30.122,29.89,17.3,21.9,57.2,0.23199999999999932
2764,2022-04-12 00:00:00,46.2,36.0,16.7,30.0,3.7,5.9,267.0,0.08,2.08,0.0,65.5,22.9,64.0,12.0,30.026,29.867,16.1,20.7,65.5,0.15899999999999892
2765,2022-04-13 00:00:00,48.6,45.0,25.0,29.8,2.2,4.3,275.0,0.08,2.08,0.0,66.4,25.4,82.0,19.0,30.048,29.557,12.7,21.9,66.4,0.49099999999999966
2766,2022-04-14 00:00:00,53.6,23.0,11.2,29.5,7.9,11.1,274.0,0.08,2.08,0.0,68.9,25.4,65.0,0.0,29.607,29.35,25.3,39.1,70.0,0.2569999999999979
2767,2022-04-15 00:00:00,45.9,33.0,15.2,29.8,5.7,8.2,276.0,0.08,2.08,0.0,61.6,27.0,69.0,13.0,29.93,29.582,20.7,26.5,60.2,0.347999999999999
2768,2022-04-16 00:00:00,45.4,39.0,18.0,29.9,2.2,3.7,274.0,0.08,2.08,0.0,64.1,24.7,73.0,13.0,30.1,27.54,13.8,19.6,64.1,2.5600000000000023
2769,2022-04-17 00:00:00,48.6,35.0,16.6,29.8,5.8,8.7,276.0,0.08,2.08,0.0,65.8,26.0,72.0,13.0,30.047,29.602,27.6,34.5,65.8,0.4450000000000003
2770,2022-04-18 00:00:00,51.1,37.0,24.8,29.7,2.8,4.9,275.0,0.08,2.08,0.0,67.9,33.7,68.0,19.0,29.84,29.587,17.3,25.3,67.9,0.2530000000000001
2771,2022-04-19 00:00:00,46.6,49.0,27.2,29.8,9.3,14.0,274.0,0.17,2.17,0.0,56.7,34.9,84.0,23.0,30.018,29.452,25.3,40.3,55.0,0.565999999999999
2772,2022-04-20 00:00:00,38.8,67.0,28.2,30.0,2.4,4.2,275.0,0.31,2.31,0.0,50.7,25.7,91.0,0.0,30.192,29.837,18.4,40.3,50.7,0.3550000000000004
2773,2022-04-21 00:00:00,36.3,68.0,25.8,29.9,3.5,5.6,273.0,0.58,2.58,0.0,45.8,30.7,93.0,36.0,30.15,29.768,15.0,20.7,45.8,0.3819999999999979
2774,2022-04-22 00:00:00,37.3,73.0,28.8,30.2,1.7,3.3,277.0,0.78,2.78,0.0,47.7,28.7,92.0,47.0,30.281,30.085,10.4,17.3,47.7,0.19599999999999795
2775,2022-04-23 00:00:00,48.9,41.0,21.5,29.7,6.2,9.1,275.0,0.78,2.78,0.0,68.1,27.2,89.0,12.0,30.097,29.349,18.4,26.5,71.8,0.7480000000000011
2776,2022-04-24 00:00:00,47.9,48.0,27.6,29.4,9.5,13.9,275.0,0.9,2.9,0.0,56.0,34.0,89.0,21.0,29.483,29.263,33.4,34.5,56.0,0.21999999999999886
2777,2022-04-25 00:00:00,39.2,51.0,21.2,29.5,8.7,12.8,271.0,0.92,2.92,0.0,48.8,30.7,89.0,27.0,29.702,29.334,23.0,34.5,48.8,0.3680000000000021
2778,2022-05-06 00:00:00,62.6,32.0,28.7,29.6,3.6,6.1,273.0,0.0,2.0,0.0,76.0,34.2,79.0,0.0,29.842,29.464,16.1,24.2,77.1,0.3780000000000001
2779,2022-05-07 00:00:00,54.8,49.0,33.7,29.5,3.4,5.4,257.0,0.27,2.27,0.0,71.5,44.1,81.0,21.0,29.74,29.398,19.6,31.1,75.8,0.34199999999999875
2780,2022-05-08 00:00:00,47.4,74.0,38.7,29.8,3.1,5.1,274.0,0.65,2.65,0.0,63.4,34.1,91.0,41.0,29.981,29.618,12.7,17.3,63.4,0.3630000000000031
2781,2022-05-09 00:00:00,47.6,79.0,41.1,29.8,2.0,3.6,265.0,0.67,2.67,0.0,59.5,39.6,94.0,53.0,29.899,29.656,17.3,19.6,59.5,0.2430000000000021
2782,2022-05-10 00:00:00,43.0,87.0,39.3,29.8,1.5,2.9,269.0,1.45,3.45,0.0,47.6,40.1,92.0,67.0,30.023,29.668,8.1,13.8,47.6,0.3550000000000004
2783,2022-05-11 00:00:00,46.6,76.0,38.8,30.0,1.6,3.1,274.0,1.52,3.52,0.0,58.4,34.9,94.0,50.0,30.088,29.923,10.4,13.8,58.4,0.1650000000000027
2784,2022-05-12 00:00:00,52.6,56.0,33.8,29.8,2.0,4.0,275.0,1.54,3.54,0.0,67.4,31.9,93.0,20.0,30.045,29.57,9.2,18.4,67.4,0.4750000000000014
2785,2022-05-13 00:00:00,59.4,35.0,27.6,29.4,3.9,6.4,273.0,1.54,3.54,0.0,73.2,40.2,80.0,10.0,29.616,29.266,16.1,21.9,76.3,0.3500000000000014
2786,2022-05-14 00:00:00,51.4,46.0,30.1,29.6,2.1,4.2,275.0,1.54,3.54,0.0,60.4,37.0,69.0,25.0,29.725,29.46,9.2,17.3,60.4,0.26500000000000057
2787,2022-05-15 00:00:00,51.8,47.0,28.5,29.6,3.8,6.3,273.0,1.54,3.54,0.0,67.6,32.0,82.0,0.0,29.75,29.323,19.6,31.1,67.6,0.4269999999999996
2788,2022-05-16 00:00:00,49.7,40.0,23.9,29.4,6.1,9.6,272.0,1.54,3.54,0.0,60.1,34.4,76.0,15.0,29.47,29.301,21.9,35.7,60.1,0.16900000000000048
2789,2022-05-17 00:00:00,43.0,59.0,26.3,29.5,5.3,8.2,269.0,1.73,3.73,0.0,60.5,28.7,91.0,18.0,29.664,29.356,21.9,33.4,60.5,0.30799999999999983
2790,2022-05-18 00:00:00,31.1,92.0,29.0,29.8,0.0,0.0,261.0,1.86,3.86,0.0,33.2,27.2,94.0,89.0,30.107,29.591,0.0,1.2,33.2,0.5159999999999982
2791,2022-05-22 00:00:00,33.8,56.0,20.4,30.3,4.0,5.0,269.0,1.86,3.86,0.0,37.3,27.0,84.0,0.0,30.292,30.103,10.4,13.8,37.3,0.18900000000000006
2792,2022-05-23 00:00:00,40.5,51.0,23.4,30.1,2.3,3.9,265.0,1.86,3.86,0.0,52.8,32.0,70.0,30.0,30.305,29.907,15.0,26.5,52.8,0.3979999999999997
2793,2022-05-24 00:00:00,57.9,36.0,28.1,29.5,9.7,14.7,269.0,1.86,3.86,0.0,72.8,32.5,80.0,16.0,29.947,29.202,32.2,39.1,75.3,0.7449999999999974
2794,2022-05-25 00:00:00,52.8,52.0,34.2,29.3,6.2,9.5,271.0,1.86,3.86,0.0,62.0,41.5,87.0,27.0,29.652,29.128,31.1,35.7,62.0,0.5240000000000009
2795,2022-05-26 00:00:00,49.8,74.0,41.2,29.7,3.8,6.0,276.0,1.97,3.97,0.0,59.3,33.7,95.0,47.0,29.882,29.602,15.0,18.4,59.3,0.28000000000000114
2796,2022-06-02 00:00:00,58.7,47.0,37.6,29.8,6.5,9.7,273.0,0.13,2.13,0.0,66.3,46.1,75.0,30.0,29.915,29.633,17.3,26.5,66.3,0.28200000000000003
2797,2022-06-03 00:00:00,57.4,48.0,36.1,29.9,2.7,4.8,276.0,0.27,2.27,0.0,68.1,34.7,88.0,25.0,30.022,29.829,13.8,20.7,75.6,0.19299999999999784
2798,2022-06-04 00:00:00,57.4,53.0,38.3,29.8,2.3,4.0,277.0,0.27,2.27,0.0,73.5,35.0,89.0,26.0,29.993,29.668,12.7,17.3,77.3,0.3249999999999993
2799,2022-06-05 00:00:00,58.2,57.0,41.9,29.8,2.5,4.0,270.0,0.44,2.44,0.0,69.1,40.8,89.0,30.0,29.958,29.671,21.9,32.2,77.3,0.28699999999999903
2800,2022-06-06 00:00:00,54.6,65.0,42.3,29.9,1.9,3.4,271.0,0.44,2.44,0.0,67.9,43.5,86.0,41.0,30.038,29.85,13.8,20.7,67.9,0.18799999999999883
2801,2022-06-07 00:00:00,55.8,67.0,43.9,29.9,2.6,4.4,274.0,0.61,2.61,0.0,72.8,38.6,93.0,32.0,30.075,29.764,19.6,26.5,77.5,0.31099999999999994
2802,2022-06-08 00:00:00,58.8,58.0,41.9,29.7,2.2,3.9,274.0,0.61,2.61,0.0,75.6,39.1,92.0,27.0,29.943,29.567,12.7,18.4,77.6,0.3760000000000012
2803,2022-06-09 00:00:00,67.3,24.0,23.9,29.4,7.3,11.0,273.0,0.61,2.61,0.0,79.6,43.9,81.0,11.0,29.626,29.249,19.6,29.9,78.0,0.37700000000000244
2804,2022-06-10 00:00:00,69.9,28.0,32.3,29.2,7.8,11.6,276.0,0.61,2.61,0.0,80.3,53.3,69.0,12.0,29.375,29.161,27.6,40.3,78.9,0.21399999999999864
2805,2022-06-11 00:00:00,65.2,39.0,35.5,29.4,4.8,7.8,275.0,0.61,2.61,0.0,72.7,52.5,76.0,10.0,29.613,29.154,19.6,32.2,77.5,0.45899999999999963
2806,2022-06-12 00:00:00,62.7,51.0,39.7,29.5,3.8,6.5,275.0,0.63,2.63,0.0,77.6,45.1,89.0,8.0,29.666,29.21,18.4,31.1,77.8,0.4559999999999995
2807,2022-06-13 00:00:00,58.2,19.0,15.7,29.5,9.9,15.3,276.0,0.63,2.63,0.0,65.0,52.0,32.0,11.0,29.616,29.325,29.9,40.3,65.0,0.29100000000000037
2808,2022-06-14 00:00:00,61.9,26.0,26.4,29.6,7.1,11.1,275.0,0.63,2.63,0.0,75.4,48.8,43.0,17.0,29.799,29.568,19.6,32.2,76.2,0.2309999999999981
2809,2022-06-15 00:00:00,62.5,31.0,28.0,29.7,2.7,4.9,277.0,0.63,2.63,0.0,80.5,14.2,67.0,12.0,29.87,29.615,18.4,26.5,78.6,0.25500000000000256
2810,2022-06-16 00:00:00,64.6,32.0,30.5,29.6,5.3,8.9,277.0,0.63,2.63,0.0,82.4,40.8,68.0,15.0,29.752,29.419,21.9,31.1,80.0,0.3329999999999984
2811,2022-06-17 00:00:00,63.2,45.0,39.3,29.5,5.7,8.8,277.0,0.63,2.63,0.0,77.4,51.0,77.0,23.0,29.734,29.388,20.7,33.4,77.7,0.3460000000000001
2812,2022-06-18 00:00:00,64.4,44.0,38.3,29.7,3.9,6.5,277.0,0.63,2.63,0.0,79.8,23.6,80.0,17.0,29.884,29.61,12.7,19.6,78.4,0.2740000000000009
2813,2022-06-19 00:00:00,60.4,52.0,41.3,29.8,2.1,3.8,277.0,0.63,2.63,0.0,75.4,40.3,86.0,31.0,29.932,29.779,11.5,16.1,77.5,0.1529999999999987
2814,2022-06-20 00:00:00,68.0,39.0,35.7,29.7,4.0,6.5,276.0,0.63,2.63,0.0,89.3,42.5,83.0,11.0,29.908,29.573,17.3,25.3,85.3,0.33500000000000085
2815,2022-06-21 00:00:00,74.2,22.0,31.1,29.5,6.3,10.1,277.0,0.63,2.63,0.0,87.2,61.5,42.0,8.0,29.603,29.422,20.7,34.5,83.6,0.18100000000000094
2816,2022-06-22 00:00:00,65.5,40.0,38.7,29.5,3.9,5.9,276.0,0.63,2.63,0.0,81.1,53.6,71.0,17.0,29.666,29.386,15.0,24.2,79.2,0.28000000000000114
2817,2022-06-23 00:00:00,51.2,71.0,42.0,29.9,3.6,6.2,277.0,0.68,2.68,0.0,57.6,42.8,90.0,54.0,30.109,29.667,13.8,20.7,57.6,0.44200000000000017
2818,2022-06-24 00:00:00,53.7,64.0,41.0,30.0,2.3,4.0,277.0,0.68,2.68,0.0,64.0,37.8,90.0,46.0,30.145,29.96,11.5,17.3,64.0,0.18499999999999872
2819,2022-06-25 00:00:00,56.4,66.0,44.5,30.0,2.7,4.6,277.0,0.68,2.68,0.0,68.4,42.3,91.0,40.0,30.127,29.919,11.5,18.4,77.5,0.2079999999999984
2820,2022-06-26 00:00:00,60.9,50.0,38.3,29.9,2.3,4.0,277.0,0.68,2.68,0.0,77.2,37.8,92.0,18.0,30.097,29.694,12.7,18.4,77.4,0.40300000000000225
2821,2022-06-27 00:00:00,65.8,36.0,31.3,29.5,4.8,7.7,277.0,0.68,2.68,0.0,83.6,43.1,82.0,9.0,29.747,29.351,25.3,39.1,80.8,0.3960000000000008
2822,2022-06-28 00:00:00,61.0,45.0,35.5,29.7,4.1,6.7,276.0,0.68,2.68,0.0,89.3,14.2,93.0,8.0,30.207,29.154,29.9,40.3,85.3,1.0530000000000008
2823,2022-06-29 00:00:00,61.1,45.0,35.6,29.7,4.1,6.6,276.0,0.75,2.75,0.0,89.3,14.2,93.0,8.0,30.146,29.154,29.9,40.3,85.3,0.9920000000000009
2824,2022-06-30 00:00:00,61.1,45.0,35.7,29.7,4.1,6.6,276.0,0.78,2.78,0.0,89.3,14.2,93.0,8.0,30.145,29.154,29.9,40.3,85.3,0.9909999999999997
2825,2022-07-01 00:00:00,59.8,48.0,35.9,29.8,2.2,3.7,276.0,0.0,5.53,0.0,76.5,37.9,91.0,16.0,30.005,29.699,13.8,18.4,77.1,0.3059999999999974
2826,2022-07-02 00:00:00,63.3,35.0,30.5,29.8,3.1,5.0,277.0,0.0,5.53,0.0,83.2,39.8,71.0,10.0,29.918,29.642,18.4,28.8,80.5,0.2759999999999998
2827,2022-07-03 00:00:00,66.0,32.0,33.4,29.7,4.9,7.6,276.0,0.0,5.53,0.0,78.3,48.3,61.0,17.0,29.846,29.625,24.2,33.4,77.5,0.22100000000000009
2828,2022-07-04 00:00:00,65.1,37.0,35.4,29.8,2.4,4.1,276.0,0.04,5.57,0.0,81.6,47.7,71.0,12.0,29.975,29.667,18.4,26.5,79.4,0.30799999999999983
2829,2022-07-05 00:00:00,66.3,38.0,34.7,29.9,2.2,3.7,275.0,0.04,5.57,0.0,86.1,41.3,78.0,11.0,30.081,29.742,15.0,19.6,82.8,0.33899999999999864
2830,2022-07-06 00:00:00,66.4,36.0,36.0,29.9,2.1,3.6,276.0,0.05,5.58,0.0,86.3,46.8,59.0,14.0,30.005,29.803,18.4,24.2,82.9,0.20229999999999818
2831,2022-07-07 00:00:00,59.2,64.0,45.5,30.0,1.8,3.1,271.0,0.44,5.97,0.0,83.4,44.9,88.0,17.0,30.208,29.826,18.4,24.2,80.7,0.3819999999999979
2832,2022-07-08 00:00:00,59.7,68.0,48.0,30.0,1.3,2.4,273.0,0.54,6.07,0.0,74.4,45.8,93.0,33.0,30.127,29.821,9.2,18.4,77.4,0.3059999999999974
2833,2022-07-09 00:00:00,62.7,59.0,45.2,29.8,1.6,2.8,273.0,0.6,6.13,0.0,83.6,44.5,89.0,16.0,30.069,29.667,17.3,25.3,81.1,0.40199999999999747
2834,2022-07-10 00:00:00,64.3,56.0,45.4,29.7,2.3,3.8,273.0,0.62,6.15,0.0,84.7,47.6,88.0,19.0,29.867,29.613,11.5,19.6,82.3,0.25400000000000134
2835,2022-07-11 00:00:00,67.9,48.0,45.3,29.6,4.2,6.4,275.0,0.67,6.2,0.0,81.4,54.4,89.0,22.0,29.704,29.517,15.0,24.2,79.7,0.18700000000000117
2836,2022-07-12 00:00:00,62.2,65.0,49.7,29.8,1.4,2.6,272.0,0.68,6.21,0.0,69.4,54.4,82.0,44.0,29.917,29.569,6.9,11.5,77.4,0.34800000000000253
2837,2022-07-13 00:00:00,62.6,58.0,45.0,29.9,2.0,3.6,275.0,0.68,6.21,0.0,76.7,45.4,93.0,23.0,29.999,29.838,11.5,16.1,78.0,0.1609999999999978
2838,2022-07-14 00:00:00,65.1,51.0,43.8,29.9,2.4,4.1,274.0,0.68,6.21,0.0,81.1,45.4,87.0,21.0,30.03,29.801,11.5,18.4,79.7,0.22900000000000276
2839,2022-07-15 00:00:00,63.7,53.0,43.9,29.9,2.5,4.3,276.0,0.68,6.21,0.0,78.1,47.6,88.0,24.0,30.015,29.854,13.8,19.6,78.4,0.16100000000000136
2840,2022-07-16 00:00:00,63.3,53.0,43.7,29.8,2.5,4.2,275.0,0.68,6.21,0.0,80.7,43.2,85.0,28.0,29.975,29.642,13.8,19.6,79.7,0.33300000000000196
2841,2022-07-17 00:00:00,66.0,48.0,43.1,29.7,1.7,3.0,276.0,0.69,6.22,0.0,84.3,47.7,80.0,19.0,29.784,29.566,18.4,20.7,81.6,0.21799999999999997
2842,2022-07-18 00:00:00,67.8,44.0,42.5,29.7,3.1,4.9,276.0,0.69,6.22,0.0,81.8,49.9,76.0,22.0,29.808,29.644,12.7,17.3,79.9,0.16400000000000148
2843,2022-07-19 00:00:00,66.1,51.0,44.7,29.8,3.6,5.6,276.0,0.74,6.27,0.0,87.6,50.2,76.0,17.0,29.943,29.638,12.7,19.6,84.0,0.3049999999999997
2844,2022-07-20 00:00:00,67.1,55.0,49.5,29.8,2.8,4.7,273.0,0.74,6.27,0.0,83.4,54.8,76.0,33.0,29.922,29.66,15.0,19.6,81.9,0.26200000000000045
2845,2022-07-21 00:00:00,63.6,62.0,48.0,29.7,3.3,5.1,272.0,1.67,7.2,0.0,82.6,55.0,91.0,22.0,29.872,29.642,15.0,20.7,80.5,0.23000000000000043
2846,2022-07-22 00:00:00,62.1,67.0,49.4,29.8,1.4,2.5,273.0,1.87,7.4,0.0,77.0,48.6,93.0,31.0,29.947,29.713,20.7,24.2,77.9,0.2339999999999982
2847,2022-07-23 00:00:00,64.1,57.0,46.2,29.8,1.8,3.0,271.0,1.87,7.4,0.0,80.1,46.1,90.0,28.0,29.941,29.67,11.5,17.3,79.5,0.27099999999999724
2848,2022-07-24 00:00:00,66.8,47.0,42.2,29.7,2.2,3.7,271.0,1.9,7.43,0.0,84.7,48.0,84.0,15.0,29.843,29.521,16.1,24.2,82.0,0.3219999999999992
2849,2022-07-25 00:00:00,62.9,62.0,47.6,29.7,1.7,2.9,273.0,1.96,7.49,0.0,79.4,51.9,92.0,27.0,29.917,29.469,11.5,17.3,78.7,0.4480000000000004
2850,2022-07-26 00:00:00,59.6,86.0,55.1,29.9,1.3,2.3,273.0,2.22,7.75,0.0,71.1,53.1,95.0,58.0,29.958,29.734,10.4,13.8,76.2,0.22399999999999665
2851,2022-07-27 00:00:00,63.0,76.0,54.7,29.8,0.1,0.2,274.0,2.3,7.83,0.0,74.9,50.4,96.0,52.0,29.962,29.705,3.5,4.6,77.5,0.25700000000000145
2852,2022-07-28 00:00:00,64.5,62.0,49.0,29.8,0.0,0.0,284.0,2.35,7.88,0.0,80.3,48.3,91.0,24.0,29.858,29.672,0.0,0.0,80.0,0.18599999999999994
2853,2022-07-29 00:00:00,62.3,71.0,51.7,29.8,0.0,0.0,284.0,2.37,7.9,0.0,72.0,54.7,92.0,36.0,29.926,29.716,0.0,0.0,77.4,0.2099999999999973
2854,2022-07-30 00:00:00,61.9,69.0,50.8,29.9,0.0,0.0,284.0,2.37,7.9,0.0,75.3,50.1,92.0,41.0,29.99,29.819,0.0,0.0,77.7,0.17099999999999937
2855,2022-07-31 00:00:00,62.9,55.0,42.6,30.0,0.0,0.0,284.0,2.37,7.9,0.0,79.6,44.3,94.0,22.0,30.061,29.859,0.0,0.0,78.8,0.20229999999999818
2856,2022-08-01 00:00:00,61.0,53.0,40.8,30.0,0.0,0.0,284.0,0.01,7.9,0.0,75.8,44.9,89.0,22.0,30.064,29.914,0.0,0.0,77.4,0.14999999999999858
2857,2022-08-02 00:00:00,60.4,54.0,41.0,29.9,0.0,0.0,284.0,0.03,7.92,0.0,80.3,41.6,84.0,17.0,30.006,29.82,0.0,0.0,78.7,0.18599999999999994
2858,2022-08-03 00:00:00,52.9,83.0,47.8,30.0,0.0,0.0,284.0,0.23,8.12,0.0,59.6,50.4,92.0,56.0,30.089,29.87,0.0,0.0,59.6,0.21899999999999764
2859,2022-08-04 00:00:00,65.1,51.0,40.5,29.8,2.7,4.3,274.0,0.25,8.14,0.0,84.1,46.2,94.0,14.0,30.037,29.503,13.8,25.3,81.4,0.5339999999999989
2860,2022-08-05 00:00:00,63.4,51.0,42.9,29.6,7.1,10.6,274.0,0.45,8.34,0.0,79.4,46.5,89.0,25.0,29.796,29.471,18.4,25.3,78.7,0.3249999999999993
2861,2022-08-06 00:00:00,53.8,84.0,48.8,29.9,1.9,3.4,273.0,0.5,8.39,0.0,65.3,42.9,95.0,61.0,29.966,29.731,10.4,13.8,65.3,0.23499999999999943
2862,2022-08-07 00:00:00,51.2,90.0,48.5,30.0,1.4,2.8,275.0,0.99,8.88,0.0,55.3,46.4,94.0,83.0,30.069,29.838,9.2,12.7,55.3,0.2309999999999981
2863,2022-08-08 00:00:00,52.0,83.0,46.5,30.0,1.5,2.6,270.0,1.07,8.96,0.0,65.6,43.5,96.0,51.0,30.101,29.897,13.8,20.7,65.6,0.20400000000000063
2864,2022-08-09 00:00:00,52.9,81.0,46.6,30.0,1.8,3.0,269.0,1.28,9.17,0.0,65.8,43.6,95.0,49.0,30.099,29.875,16.1,24.2,65.8,0.2240000000000002
2865,2022-08-10 00:00:00,53.6,82.0,47.9,30.0,2.6,4.3,275.0,1.3,9.19,0.0,67.6,45.2,96.0,50.0,30.117,29.881,15.0,21.9,67.6,0.23600000000000065
2866,2022-08-11 00:00:00,56.0,72.0,45.9,30.0,1.8,3.2,277.0,1.3,9.19,0.0,71.1,41.3,96.0,40.0,30.132,29.818,11.5,16.1,77.5,0.31400000000000006
2867,2022-08-12 00:00:00,60.4,53.0,40.9,29.8,5.2,7.7,271.0,1.3,9.19,0.0,73.5,44.6,90.0,26.0,29.891,29.644,19.6,26.5,77.3,0.2469999999999999
2868,2022-08-13 00:00:00,59.5,57.0,42.5,29.7,3.9,6.1,273.0,1.31,9.2,0.0,75.8,46.1,86.0,24.0,29.816,29.644,18.4,24.2,77.4,0.1720000000000006
2869,2022-08-14 00:00:00,60.5,55.0,42.3,29.6,3.4,5.4,273.0,1.34,9.23,0.0,78.5,46.8,87.0,22.0,29.77,29.538,15.0,25.3,78.0,0.23199999999999932
2870,2022-08-15 00:00:00,60.2,56.0,42.1,29.6,3.7,5.8,271.0,1.38,9.27,0.0,74.9,45.2,92.0,19.0,29.694,29.511,16.1,24.2,77.4,0.18299999999999983
2871,2022-08-16 00:00:00,55.9,61.0,42.2,29.8,2.8,4.6,275.0,1.45,9.34,0.0,64.3,44.2,86.0,41.0,29.967,29.581,12.7,19.6,64.3,0.38599999999999923
2872,2022-08-17 00:00:00,57.9,54.0,36.5,29.9,2.7,4.6,273.0,1.45,9.34,0.0,78.1,38.2,93.0,18.0,30.054,29.795,16.1,26.5,77.7,0.2589999999999968
2873,2022-08-18 00:00:00,62.1,47.0,38.7,29.8,1.7,3.1,274.0,1.45,9.34,0.0,80.5,42.3,76.0,15.0,29.963,29.751,11.5,18.4,78.9,0.21199999999999974
2874,2022-08-19 00:00:00,64.9,40.0,32.5,29.7,2.9,4.8,275.0,1.45,9.34,0.0,86.5,41.8,82.0,7.0,29.9,29.646,16.1,25.3,83.1,0.2539999999999978
2875,2022-08-20 00:00:00,63.3,39.0,36.6,29.7,2.3,3.8,270.0,1.5,9.39,0.0,79.0,50.1,67.0,17.0,29.855,29.619,15.0,19.6,78.0,0.23600000000000065
2876,2022-08-21 00:00:00,59.4,55.0,40.8,29.9,2.2,3.5,270.0,1.5,9.39,0.0,80.5,42.5,83.0,19.0,29.977,29.722,13.8,20.7,79.0,0.254999999999999
2877,2022-08-22 00:00:00,58.2,66.0,45.8,30.0,2.2,3.8,276.0,1.51,9.4,0.0,73.9,40.9,94.0,38.0,30.094,29.862,12.7,19.6,77.4,0.23200000000000287
2878,2022-08-23 00:00:00,61.1,50.0,40.4,29.8,2.7,4.3,272.0,1.51,9.4,0.0,78.3,48.5,75.0,17.0,29.921,29.762,15.0,19.6,77.6,0.15899999999999892
2879,2022-08-24 00:00:00,57.6,56.0,40.3,29.8,1.6,2.9,274.0,1.52,9.41,0.0,77.6,41.9,87.0,19.0,29.929,29.664,13.8,19.6,77.5,0.264999999999997
2880,2022-08-25 00:00:00,60.2,47.0,37.2,29.8,2.3,3.9,275.0,1.52,9.41,0.0,78.1,41.3,78.0,20.0,29.881,29.717,16.1,24.2,77.6,0.16400000000000148
2881,2022-08-26 00:00:00,63.9,40.0,33.4,29.9,2.1,3.6,276.0,1.52,9.41,0.0,84.5,42.5,76.0,13.0,30.045,29.791,23.0,27.6,81.5,0.25400000000000134
2882,2022-08-27 00:00:00,61.2,44.0,36.9,30.0,1.9,3.5,277.0,1.52,9.41,0.0,77.2,43.5,69.0,22.0,30.074,29.839,15.0,19.6,77.6,0.23500000000000298
2883,2022-08-28 00:00:00,60.8,50.0,37.8,29.9,1.7,3.2,276.0,1.52,9.41,0.0,82.6,40.3,88.0,15.0,30.076,29.846,10.4,19.6,80.2,0.23000000000000043
2884,2022-08-29 00:00:00,58.9,51.0,38.1,29.9,2.0,3.2,272.0,1.66,9.55,0.0,81.6,41.1,81.0,17.0,30.066,29.822,19.6,28.8,79.5,0.24399999999999977
2885,2022-08-30 00:00:00,59.7,52.0,39.6,29.9,1.7,2.8,273.0,1.66,9.55,0.0,77.9,42.1,81.0,20.0,30.015,29.781,18.4,28.8,77.7,0.23400000000000176
2886,2022-08-31 00:00:00,58.4,64.0,44.3,29.8,2.6,4.0,272.0,2.01,9.9,0.0,78.3,44.5,88.0,22.0,29.976,29.733,15.0,19.6,78.0,0.24299999999999855
2887,2022-09-01 00:00:00,61.9,52.0,40.8,29.9,3.0,4.9,272.0,0.01,9.92,0.0,78.1,47.3,92.0,20.0,29.943,29.754,16.1,25.3,77.7,0.18900000000000006
2888,2022-09-02 00:00:00,60.7,51.0,38.9,30.0,1.3,2.6,261.0,0.01,9.92,0.0,79.2,40.3,88.0,21.0,30.114,29.896,10.4,20.7,78.5,0.21799999999999997
2889,2022-09-03 00:00:00,65.4,40.0,33.1,29.9,1.8,3.2,267.0,0.01,9.92,0.0,88.6,42.9,81.0,10.0,30.051,29.82,13.8,19.6,84.7,0.2309999999999981
2890,2022-09-04 00:00:00,60.3,43.0,34.2,29.9,2.8,4.8,276.0,0.01,9.92,0.0,85.9,41.5,68.0,8.0,30.096,29.792,16.1,25.3,82.6,0.3039999999999985
2891,2022-09-05 00:00:00,53.3,60.0,39.3,30.1,2.7,4.7,278.0,0.01,9.92,0.0,64.7,41.3,82.0,40.0,30.194,29.915,10.4,16.1,64.7,0.2789999999999999
2892,2022-09-06 00:00:00,53.9,60.0,37.6,30.0,1.6,3.0,272.0,0.01,9.92,0.0,72.8,34.1,94.0,27.0,30.21,29.871,10.4,16.1,77.2,0.3390000000000022
2893,2022-09-07 00:00:00,56.9,50.0,34.4,29.9,1.7,3.2,275.0,0.01,9.92,0.0,76.1,37.6,89.0,18.0,30.018,29.768,11.5,18.4,76.6,0.25
2894,2022-09-08 00:00:00,56.7,55.0,37.6,29.9,2.8,4.5,269.0,0.03,9.94,0.0,77.6,39.1,80.0,19.0,30.024,29.791,17.3,24.2,77.4,0.23300000000000054
2895,2022-09-09 00:00:00,59.1,57.0,41.2,29.9,2.9,4.5,262.0,0.07,9.98,0.0,82.0,43.6,88.0,18.0,30.007,29.791,18.4,26.5,79.9,0.21600000000000108
2896,2022-09-10 00:00:00,58.3,60.0,42.6,30.0,2.3,3.7,275.0,0.08,9.99,0.0,78.6,44.3,84.0,20.0,30.051,29.83,12.7,19.6,77.9,0.22100000000000009
2897,2022-09-11 00:00:00,58.7,64.0,44.7,30.0,1.2,2.3,273.0,0.09,10.0,0.0,77.6,46.2,89.0,26.0,30.116,29.895,9.2,13.8,77.7,0.22100000000000009
2898,2022-09-12 00:00:00,62.0,49.0,38.0,29.8,1.8,3.2,274.0,0.09,10.0,0.0,81.1,41.6,91.0,15.0,30.019,29.606,11.5,17.3,79.2,0.4129999999999967
2899,2022-09-13 00:00:00,63.6,38.0,35.7,29.6,4.0,6.4,273.0,0.09,10.0,0.0,79.6,51.1,62.0,17.0,29.681,29.474,17.3,28.8,78.3,0.20700000000000074
2900,2022-09-14 00:00:00,59.9,46.0,37.2,29.6,3.7,5.6,268.0,0.1,10.01,0.0,75.4,47.6,68.0,20.0,29.693,29.445,18.4,26.5,76.3,0.2480000000000011
2901,2022-09-15 00:00:00,59.3,34.0,29.3,29.5,8.1,12.1,272.0,0.12,10.03,0.0,71.5,48.0,72.0,15.0,29.728,29.388,23.0,32.2,74.3,0.33999999999999986
2902,2022-09-16 00:00:00,51.8,51.0,31.3,29.8,6.6,9.6,272.0,0.13,10.04,0.0,64.2,39.2,86.0,15.0,30.044,29.576,25.3,34.5,64.2,0.46799999999999997
2903,2022-09-17 00:00:00,48.1,67.0,35.6,29.9,2.4,3.9,277.0,0.13,10.04,0.0,68.3,30.9,92.0,20.0,30.168,29.811,18.4,24.2,74.3,0.3569999999999993
2904,2022-09-18 00:00:00,53.3,49.0,29.0,29.8,4.0,5.9,272.0,0.13,10.04,0.0,72.0,33.2,90.0,15.0,30.042,29.489,19.6,26.5,74.0,0.5530000000000008
2905,2022-09-19 00:00:00,62.5,19.0,18.3,29.4,8.9,13.0,272.0,0.13,10.04,0.0,72.1,53.5,41.0,11.0,29.498,29.217,26.5,38.0,73.4,0.28100000000000236
2906,2022-09-20 00:00:00,55.4,39.0,29.3,29.6,6.6,9.6,273.0,0.13,10.04,0.0,72.5,39.9,61.0,17.0,29.712,29.423,21.9,31.1,75.1,0.2890000000000015
2907,2022-09-21 00:00:00,58.3,30.0,20.9,29.5,4.9,7.5,273.0,0.13,10.04,0.0,78.6,35.0,68.0,10.0,29.658,29.284,20.7,28.8,77.2,0.37400000000000233
2908,2022-09-22 00:00:00,51.8,45.0,28.8,29.5,2.8,4.8,277.0,0.13,10.04,0.0,71.6,33.5,74.0,18.0,29.744,29.376,29.9,31.1,75.6,0.36799999999999855
2909,2022-09-23 00:00:00,43.7,78.0,36.8,29.7,2.2,3.8,277.0,0.36,10.26,0.0,58.9,35.8,92.0,47.0,29.875,29.591,16.1,19.6,58.9,0.2839999999999989
2910,2022-09-24 00:00:00,39.5,90.0,36.7,29.9,1.6,3.1,275.0,0.69,10.59,0.0,45.1,33.8,93.0,76.0,30.006,29.722,10.4,13.8,45.1,0.2839999999999989
2911,2022-09-25 00:00:00,38.7,79.0,32.3,30.0,1.6,3.0,275.0,0.69,10.59,0.0,51.1,28.8,93.0,55.0,30.126,29.902,11.5,19.6,51.1,0.2240000000000002
2912,2022-09-26 00:00:00,42.6,72.0,33.8,30.1,1.7,3.2,275.0,0.69,10.59,0.0,53.5,31.3,92.0,47.0,30.167,29.987,10.4,13.8,53.5,0.18000000000000327
2913,2022-09-27 00:00:00,43.7,83.0,39.0,30.2,1.0,2.1,275.0,0.69,10.59,0.0,47.0,42.1,90.0,77.0,30.215,30.066,5.8,10.4,47.0,0.1490000000000009
2914,2022-09-28 00:00:00,43.2,88.0,39.9,30.2,1.1,2.2,275.0,0.87,10.77,0.0,47.3,40.6,93.0,76.0,30.221,30.108,5.8,8.1,47.3,0.11299999999999955
2915,2022-09-29 00:00:00,44.0,85.0,39.6,30.1,1.6,2.9,275.0,0.92,10.82,0.0,56.5,33.5,95.0,58.0,30.226,29.978,10.4,12.7,56.5,0.24799999999999756
2916,2022-09-30 00:00:00,48.3,61.0,33.2,29.9,4.8,7.4,256.0,0.92,10.82,0.0,62.9,35.2,94.0,22.0,30.029,29.626,19.6,26.5,62.9,0.4029999999999987
2917,2022-10-01 00:00:00,44.5,70.0,35.0,29.6,4.5,7.2,235.0,0.25,11.07,0.0,58.0,38.3,87.0,37.0,29.739,29.443,16.1,28.8,58.0,0.2959999999999994
2918,2022-10-02 00:00:00,34.9,84.0,30.4,29.8,2.2,3.7,267.0,0.54,11.36,0.0,38.8,31.8,93.0,63.0,29.96,29.643,12.7,21.9,38.8,0.31700000000000017
2919,2022-10-03 00:00:00,37.1,79.0,31.2,30.2,1.9,3.2,266.0,0.59,11.41,0.0,44.1,27.2,89.0,68.0,30.344,29.96,9.2,11.5,44.1,0.38400000000000034
2920,2022-10-04 00:00:00,46.5,74.0,37.5,30.1,1.4,2.5,262.0,0.6,11.42,0.0,65.6,29.1,93.0,43.0,30.384,29.934,11.5,16.1,65.6,0.4499999999999993
2921,2022-10-05 00:00:00,45.7,70.0,35.1,30.0,1.3,2.5,271.0,0.6,11.42,0.0,61.6,33.1,94.0,36.0,30.159,29.874,8.1,12.7,61.6,0.28500000000000014
2922,2022-10-06 00:00:00,41.7,55.0,23.4,29.9,7.9,12.1,260.0,0.6,11.42,0.0,54.7,28.1,93.0,22.0,29.991,29.641,32.2,36.8,54.7,0.3500000000000014
2923,2022-10-07 00:00:00,53.7,28.0,19.5,29.6,13.5,19.2,268.0,0.6,11.42,0.0,68.6,42.3,46.0,13.0,29.795,29.441,28.8,42.6,72.6,0.35400000000000276
2924,2022-10-08 00:00:00,51.6,37.0,20.6,29.5,6.7,10.2,267.0,0.67,11.49,0.0,67.3,30.9,93.0,13.0,29.783,29.241,20.7,27.6,67.3,0.5420000000000016
2925,2022-10-09 00:00:00,27.1,90.0,24.6,30.2,2.5,4.3,274.0,0.88,11.7,0.0,32.1,20.5,93.0,86.0,30.491,29.77,11.5,16.1,32.1,0.7210000000000001
2926,2022-10-10 00:00:00,30.9,77.0,23.6,30.4,0.4,1.0,274.0,0.91,11.73,0.0,52.0,12.8,90.0,40.0,30.584,30.163,5.8,8.1,52.0,0.4209999999999994
2927,2022-10-11 00:00:00,54.7,20.0,10.1,29.8,7.2,10.6,252.0,0.91,11.73,0.0,67.6,26.3,91.0,8.0,30.183,29.61,19.6,28.8,67.6,0.5730000000000004
2928,2022-10-12 00:00:00,53.4,32.0,21.0,29.7,6.0,9.0,219.0,0.91,11.73,0.0,67.4,37.2,66.0,13.0,29.893,29.564,26.5,34.5,67.4,0.3290000000000006
2929,2022-10-13 00:00:00,42.6,57.0,23.2,29.9,4.4,6.4,28.0,0.91,11.73,0.0,62.3,25.6,88.0,11.0,30.141,29.834,27.6,34.5,62.3,0.3069999999999986
2930,2022-10-14 00:00:00,38.9,36.0,10.9,30.0,7.9,12.5,71.0,0.91,11.73,0.0,48.2,28.1,87.0,18.0,30.276,29.614,27.6,38.0,48.2,0.661999999999999
2931,2022-10-15 00:00:00,45.9,24.0,8.2,30.3,6.3,9.5,62.0,0.91,11.73,0.0,62.1,29.5,58.0,12.0,30.389,30.136,19.6,27.6,62.1,0.2530000000000001
2932,2022-10-16 00:00:00,50.4,19.0,3.0,30.1,4.6,7.2,54.0,0.91,11.73,0.0,71.3,28.5,58.0,4.0,30.312,29.894,18.4,26.5,70.6,0.4180000000000028
2933,2022-10-17 00:00:00,55.4,14.0,5.0,29.9,6.3,9.3,67.0,0.91,11.73,0.0,69.6,37.5,28.0,8.0,30.136,29.771,17.3,25.3,71.0,0.36499999999999844
2934,2022-10-18 00:00:00,52.9,18.0,7.4,29.9,4.6,6.7,60.0,0.91,11.73,0.0,68.8,31.8,49.0,7.0,30.044,29.754,16.1,25.3,70.3,0.28999999999999915
2935,2022-10-19 00:00:00,46.0,39.0,18.4,29.9,1.9,3.0,77.0,0.91,11.73,0.0,72.5,24.7,66.0,12.0,30.175,29.621,16.1,20.7,73.8,0.554000000000002
2936,2022-10-20 00:00:00,55.7,31.0,24.2,29.4,7.8,11.5,68.0,0.91,11.73,0.0,66.1,40.9,49.0,16.0,29.641,29.198,25.3,34.5,66.1,0.44299999999999784
2937,2022-10-21 00:00:00,36.7,31.0,8.2,29.8,11.4,17.3,270.0,0.91,11.73,0.0,47.9,29.1,69.0,19.0,30.144,29.291,26.5,48.3,47.9,0.852999999999998
2938,2022-10-22 00:00:00,47.4,30.0,16.8,30.0,17.3,24.4,333.0,0.91,11.73,0.0,58.9,37.6,41.0,15.0,30.164,29.859,34.5,50.6,58.9,0.3049999999999997
2939,2022-10-23 00:00:00,45.3,45.0,23.9,30.1,10.0,15.7,325.0,0.91,11.73,0.0,55.7,29.1,76.0,24.0,30.468,29.781,36.8,56.4,55.7,0.6870000000000012
2940,2022-10-24 00:00:00,43.6,42.0,16.0,30.4,4.5,7.2,15.0,0.91,11.73,0.0,64.0,20.5,83.0,15.0,30.627,30.109,20.7,32.2,64.0,0.5179999999999971
2941,2022-10-25 00:00:00,54.2,21.0,12.8,29.9,7.1,10.4,336.0,0.91,11.73,0.0,72.7,31.9,46.0,7.0,30.214,29.475,24.2,34.5,72.5,0.7389999999999972
2942,2022-10-26 00:00:00,38.7,55.0,18.5,29.9,5.3,8.4,14.0,0.94,11.76,0.0,54.2,23.8,88.0,16.0,30.277,29.438,21.9,32.2,54.2,0.8390000000000022
2943,2022-10-27 00:00:00,26.4,74.0,18.9,30.3,2.4,3.9,67.0,0.97,11.79,0.0,37.3,12.9,88.0,59.0,30.442,30.18,12.7,17.3,37.3,0.26200000000000045
2944,2022-10-28 00:00:00,44.1,48.0,25.0,30.0,6.1,9.7,308.0,0.98,11.8,0.0,56.5,30.4,71.0,32.0,30.184,29.841,20.7,24.2,56.5,0.34299999999999997
2945,2022-10-29 00:00:00,48.1,42.0,24.2,29.8,9.0,13.1,336.0,0.98,11.8,0.0,61.8,32.9,82.0,23.0,29.893,29.623,26.5,28.8,61.8,0.2699999999999996
2946,2022-10-30 00:00:00,25.4,82.0,20.6,30.1,2.0,3.7,64.0,0.98,11.8,0.0,32.9,22.4,88.0,71.0,30.27,29.869,8.1,11.5,32.9,0.4009999999999998
2947,2022-10-31 00:00:00,38.3,45.0,13.9,29.8,11.1,16.5,307.0,1.01,11.83,0.0,49.9,22.4,91.0,15.0,30.135,29.306,34.5,57.5,49.9,0.8290000000000006
2948,2022-11-01 00:00:00,50.4,26.0,17.0,29.3,19.9,29.3,259.0,0.0,11.83,0.0,59.3,44.6,31.0,20.0,29.411,29.24,39.1,62.1,59.3,0.17100000000000293
2949,2022-11-02 00:00:00,42.9,55.0,24.8,29.7,7.1,10.3,180.0,0.0,11.83,0.0,60.7,26.4,89.0,22.0,30.086,29.389,26.5,34.5,60.7,0.6969999999999992
2950,2022-11-03 00:00:00,49.7,33.0,19.5,29.8,11.2,15.7,241.0,0.0,11.83,0.0,60.1,26.0,91.0,17.0,29.925,29.558,23.0,34.5,60.1,0.3670000000000009
2951,2022-11-04 00:00:00,42.9,63.0,30.0,29.6,3.7,6.0,239.0,0.13,11.96,0.0,50.4,37.0,87.0,35.0,29.704,29.594,20.7,29.9,50.4,0.10999999999999943
2952,2022-11-05 00:00:00,35.5,86.0,31.6,29.8,3.2,4.8,34.0,0.34,12.17,0.0,48.5,29.7,94.0,46.0,29.936,29.704,11.5,20.7,48.5,0.23199999999999932
2953,2022-11-06 00:00:00,38.9,59.0,24.1,29.9,6.2,8.8,313.0,0.35,12.18,0.0,49.5,28.8,93.0,29.0,30.044,29.751,19.6,26.5,49.5,0.29299999999999926
2954,2022-11-07 00:00:00,26.5,86.0,23.0,30.3,0.9,1.6,55.0,0.59,12.42,0.0,32.1,15.2,90.0,78.0,30.382,30.044,6.9,10.4,32.1,0.33800000000000097
2955,2022-11-08 00:00:00,27.0,58.0,11.7,30.3,1.7,2.8,340.0,0.78,12.62,0.0,50.4,4.3,86.0,19.0,30.496,30.085,12.7,17.3,50.4,0.4109999999999978
2956,2022-11-09 00:00:00,31.5,54.0,14.1,30.1,3.6,5.5,25.0,0.78,12.62,0.0,52.8,14.1,81.0,11.0,30.307,29.846,17.3,26.5,52.8,0.4609999999999985
2957,2022-11-10 00:00:00,45.0,36.0,18.6,29.8,7.5,11.4,2.0,0.78,12.62,0.0,55.1,29.5,66.0,23.0,29.981,29.66,19.6,31.1,55.1,0.3210000000000015
2958,2022-11-11 00:00:00,39.7,41.0,16.4,29.9,6.6,10.3,7.0,0.78,12.62,0.0,49.5,27.3,70.0,25.0,30.221,29.711,25.3,40.3,49.5,0.5100000000000016
2959,2022-11-12 00:00:00,36.1,49.0,14.9,30.3,2.9,4.7,2.0,0.78,12.62,0.0,56.5,18.0,85.0,15.0,30.459,29.943,13.8,21.9,56.5,0.5159999999999982
2960,2022-11-13 00:00:00,47.0,32.0,17.0,30.0,5.3,7.9,19.0,0.78,12.62,0.0,59.8,32.8,58.0,18.0,30.19,29.819,18.4,26.5,59.8,0.3710000000000022
2961,2022-11-14 00:00:00,48.8,24.0,13.3,29.8,10.3,15.1,39.0,0.78,12.62,0.0,58.9,40.9,36.0,17.0,29.937,29.66,23.0,36.8,58.9,0.277000000000001
2962,2022-11-15 00:00:00,39.9,37.0,14.3,30.0,6.5,9.9,38.0,0.78,12.62,0.0,53.5,24.4,72.0,14.0,30.206,29.82,21.9,33.4,53.5,0.38599999999999923
2963,2022-11-16 00:00:00,50.8,26.0,16.7,29.6,12.2,17.6,20.0,0.78,12.62,0.0,59.8,45.8,39.0,19.0,29.82,29.462,29.9,40.3,59.7,0.35800000000000054
2964,2022-11-17 00:00:00,41.9,56.0,26.3,29.5,6.3,9.7,357.0,0.82,12.66,0.0,51.1,26.1,82.0,31.0,29.88,29.274,21.9,31.1,51.1,0.6059999999999981
2965,2022-11-18 00:00:00,30.3,31.0,2.0,30.2,11.8,16.9,323.0,0.82,12.66,0.0,37.5,22.4,65.0,20.0,30.301,29.88,24.2,35.7,37.5,0.4209999999999994
2966,2022-11-19 00:00:00,40.0,17.0,-2.1,30.0,11.2,16.2,336.0,0.82,12.66,0.0,49.9,29.3,32.0,10.0,30.213,29.793,28.8,41.4,49.9,0.4200000000000017
2967,2022-11-20 00:00:00,45.0,14.0,-2.5,29.7,18.5,27.4,274.0,0.82,12.66,0.0,51.7,39.2,44.0,9.0,29.795,29.602,35.7,50.6,51.7,0.1930000000000014
2968,2022-11-21 00:00:00,38.3,66.0,27.1,30.1,6.8,10.6,223.0,0.83,12.67,0.0,46.2,30.6,86.0,36.0,30.258,29.78,20.7,34.5,46.2,0.477999999999998
2969,2022-11-22 00:00:00,48.6,48.0,29.7,30.1,11.8,17.0,251.0,0.83,12.67,0.0,55.7,43.5,58.0,36.0,30.2,30.03,26.5,38.0,55.7,0.16999999999999815
2970,2022-11-23 00:00:00,51.6,37.0,25.0,29.9,9.5,14.0,292.0,0.83,12.67,0.0,59.9,45.5,57.0,21.0,30.1,29.6,25.3,39.1,59.9,0.5
2971,2022-11-24 00:00:00,50.0,34.0,21.3,29.7,11.4,17.0,323.0,0.83,12.67,0.0,59.6,40.5,72.0,18.0,29.831,29.507,31.1,42.6,59.6,0.32399999999999807
2972,2022-11-25 00:00:00,48.0,27.0,13.7,30.0,9.5,14.0,352.0,0.83,12.67,0.0,56.0,42.5,44.0,12.0,30.076,29.807,23.0,32.2,56.0,0.2690000000000019
2973,2022-11-26 00:00:00,52.5,24.0,16.3,29.9,6.3,9.3,16.0,0.83,12.67,0.0,63.5,42.2,43.0,15.0,30.074,29.681,20.7,29.9,63.5,0.3930000000000007
2974,2022-11-27 00:00:00,53.1,20.0,12.5,29.5,6.7,10.0,29.0,0.83,12.67,0.0,66.0,37.8,35.0,11.0,29.712,29.32,19.6,34.5,66.0,0.39199999999999946
2975,2022-11-28 00:00:00,30.2,78.0,23.7,30.1,2.0,3.5,59.0,0.83,12.67,0.0,41.1,19.5,89.0,31.0,30.374,29.552,11.5,16.1,41.1,0.8219999999999992
2976,2022-11-29 00:00:00,42.4,35.0,14.7,30.0,10.2,14.7,337.0,0.83,12.67,0.0,55.0,19.4,88.0,19.0,30.256,29.801,26.5,38.0,55.0,0.45500000000000185
2977,2022-11-30 00:00:00,38.2,39.0,11.7,30.1,6.7,9.9,16.0,0.83,12.67,0.0,52.6,15.9,80.0,18.0,30.321,29.81,25.3,33.4,52.6,0.5110000000000028
2978,2022-12-01 00:00:00,42.2,38.0,17.6,29.9,10.1,14.0,34.0,0.0,12.67,0.0,52.0,28.8,64.0,26.0,30.042,29.751,23.0,33.4,52.0,0.29100000000000037
2979,2022-12-02 00:00:00,44.2,36.0,16.9,29.9,8.4,12.3,30.0,0.0,12.67,0.0,55.1,26.1,72.0,21.0,30.068,29.729,23.0,34.5,55.1,0.3390000000000022
2980,2022-12-03 00:00:00,46.5,33.0,17.6,29.5,9.7,14.8,359.0,0.0,12.67,0.0,55.9,33.2,86.0,18.0,29.748,29.345,31.1,41.4,55.9,0.40300000000000225
2981,2022-12-04 00:00:00,25.5,40.0,4.2,29.9,8.3,12.5,292.0,0.0,12.67,0.0,33.5,20.3,86.0,26.0,30.239,29.418,25.3,38.0,33.5,0.8210000000000015
2982,2022-12-05 00:00:00,28.6,29.0,0.2,30.3,9.8,14.6,311.0,0.0,12.67,0.0,42.8,20.0,41.0,20.0,30.368,30.147,21.9,29.9,42.8,0.22100000000000009
2983,2022-12-06 00:00:00,21.4,36.0,-2.0,30.5,5.2,8.3,330.0,0.0,12.67,0.0,29.0,15.7,55.0,21.0,30.596,30.249,23.0,25.3,29.0,0.3470000000000013
2984,2022-12-07 00:00:00,25.6,34.0,1.0,30.4,5.6,8.9,291.0,0.0,12.67,0.0,36.2,14.6,41.0,25.0,30.589,30.226,18.4,27.6,36.1,0.36299999999999955
2985,2022-12-08 00:00:00,39.1,20.0,1.0,30.2,10.0,15.0,10.0,0.0,12.67,0.0,45.8,33.8,36.0,13.0,30.252,30.12,21.9,33.4,45.8,0.1319999999999979
2986,2022-12-09 00:00:00,41.9,13.0,-5.3,30.2,9.4,13.7,52.0,0.0,12.67,0.0,49.6,33.7,18.0,10.0,30.347,30.149,20.7,26.5,49.6,0.1980000000000004
2987,2022-12-10 00:00:00,41.1,13.0,-7.4,30.3,8.8,13.3,71.0,0.0,12.67,0.0,52.0,26.0,21.0,7.0,30.49,30.148,171.4,222.0,52.0,0.34199999999999875
2988,2022-12-11 00:00:00,43.7,15.0,-3.3,30.2,17.4,31.5,103.0,0.0,12.67,0.0,53.9,26.3,34.0,8.0,30.405,30.113,176.0,249.6,53.9,0.2920000000000016
2989,2022-12-12 00:00:00,44.2,24.0,7.3,30.2,17.3,33.7,82.0,0.0,12.67,0.0,59.5,23.5,42.0,13.0,30.398,29.827,159.9,222.0,59.5,0.570999999999998
2990,2022-12-13 00:00:00,40.9,26.0,3.7,29.9,10.7,22.8,84.0,0.0,12.67,0.0,50.8,26.6,84.0,11.0,30.045,29.782,181.7,210.5,50.8,0.2630000000000017
2991,2022-12-14 00:00:00,26.0,57.0,10.7,30.2,0.1,0.5,79.0,0.1,12.77,0.0,34.0,15.6,86.0,24.0,30.416,30.022,35.7,52.9,34.0,0.3940000000000019
2992,2022-12-15 00:00:00,41.0,18.0,0.4,29.9,12.4,24.2,78.0,0.1,12.77,0.0,48.9,30.3,27.0,13.0,30.173,29.697,135.7,166.8,48.9,0.4759999999999991
2993,2022-12-16 00:00:00,36.1,31.0,4.1,29.7,0.0,0.0,83.0,0.1,12.77,0.0,43.5,24.5,79.0,10.0,29.897,29.617,0.0,10.4,43.5,0.2799999999999976
2994,2022-12-17 00:00:00,31.4,50.0,11.6,29.9,2.4,7.2,78.0,0.1,12.77,0.0,41.8,20.6,84.0,22.0,30.084,29.817,51.8,80.5,41.8,0.26699999999999946
2995,2022-12-18 00:00:00,39.3,35.0,13.6,29.9,3.8,11.3,80.0,0.1,12.77,0.0,45.1,32.7,42.0,25.0,29.947,29.836,55.2,100.1,45.1,0.11100000000000065
2996,2022-12-19 00:00:00,41.1,32.0,13.0,29.9,0.0,0.0,85.0,0.1,12.77,0.0,51.4,29.4,52.0,20.0,30.031,29.765,0.0,3.5,51.4,0.26599999999999824
2997,2022-12-20 00:00:00,42.4,25.0,8.6,29.6,2.7,8.4,77.0,0.1,12.77,0.0,51.6,26.4,50.0,16.0,29.826,29.468,81.7,117.3,51.6,0.35800000000000054
2998,2022-12-21 00:00:00,15.3,75.0,8.7,30.0,0.1,0.2,77.0,0.11,12.78,0.0,32.2,1.7,83.0,44.0,30.339,29.542,24.2,50.6,32.2,0.796999999999997
2999,2022-12-22 00:00:00,22.3,54.0,6.6,30.2,0.3,1.5,77.0,0.11,12.78,0.0,32.2,1.7,85.0,32.0,30.419,29.906,50.6,67.9,32.2,0.5130000000000017
3000,2022-12-23 00:00:00,25.7,67.0,15.8,29.9,0.0,0.1,86.0,0.11,12.78,0.0,31.3,7.4,88.0,40.0,30.238,29.778,12.7,42.6,31.3,0.46000000000000085
3001,2022-12-24 00:00:00,23.6,30.0,-4.7,30.1,0.0,0.0,76.0,0.11,12.78,0.0,30.4,6.0,76.0,15.0,30.334,29.996,1.2,13.8,30.4,0.33800000000000097
3002,2022-12-25 00:00:00,30.6,61.0,18.5,29.9,0.0,0.0,74.0,0.11,12.78,0.0,35.9,27.5,81.0,40.0,29.996,29.817,0.0,0.0,35.9,0.1789999999999985
3003,2022-12-26 00:00:00,32.7,40.0,9.8,30.0,0.0,0.0,73.0,0.11,12.78,0.0,39.2,26.6,81.0,23.0,30.171,29.897,0.0,0.0,39.2,0.2740000000000009
3004,2022-12-27 00:00:00,35.5,28.0,5.5,30.0,0.0,0.0,73.0,0.11,12.78,0.0,39.3,30.9,39.0,22.0,30.148,29.966,0.0,0.0,39.3,0.1819999999999986
3005,2022-12-28 00:00:00,40.0,20.0,2.3,30.0,0.0,0.0,73.0,0.11,12.78,0.0,44.3,36.0,28.0,16.0,30.08,29.803,0.0,0.0,44.3,0.27699999999999747
3006,2022-12-29 00:00:00,45.5,16.0,2.0,29.8,0.0,0.0,73.0,0.11,12.78,0.0,53.3,39.2,22.0,11.0,29.885,29.694,0.0,0.0,53.3,0.1910000000000025
3007,2022-12-30 00:00:00,43.9,20.0,-0.2,29.7,0.0,0.0,73.0,0.11,12.78,0.0,54.5,19.1,72.0,7.0,30.032,29.536,0.0,0.0,54.5,0.49599999999999866
3008,2022-12-31 00:00:00,20.7,63.0,9.2,30.2,0.0,0.0,74.0,0.11,12.78,0.0,35.6,12.4,79.0,15.0,30.459,30.016,0.0,0.0,35.6,0.4430000000000014
3009,2022-01-01 00:00:00,34.6,25.0,0.3,30.2,0.0,0.0,73.0,0.0,0.0,0.0,44.1,22.5,48.0,13.0,30.292,30.069,0.0,0.0,44.1,0.22300000000000253
3010,2022-01-02 00:00:00,29.7,24.0,-8.5,30.3,0.0,0.0,73.0,0.0,0.0,0.0,46.2,13.8,57.0,6.0,30.465,30.163,0.0,0.0,46.2,0.3019999999999996
3011,2022-01-03 00:00:00,35.9,17.0,-7.1,30.2,0.0,0.0,73.0,0.0,0.0,0.0,51.6,13.8,38.0,8.0,30.449,29.974,0.0,0.0,51.6,0.4750000000000014
3012,2022-01-04 00:00:00,35.9,23.0,0.7,30.1,0.0,0.0,73.0,0.0,0.0,0.0,50.8,15.6,42.0,12.0,30.331,29.929,0.0,0.0,50.8,0.402000000000001
3013,2022-01-05 00:00:00,43.1,26.0,10.2,30.0,0.0,0.0,73.0,0.0,0.0,0.0,51.3,20.5,41.0,18.0,30.19,29.922,0.0,0.0,51.3,0.2680000000000007
3014,2022-01-06 00:00:00,41.3,41.0,18.7,29.9,0.0,0.0,73.0,0.0,0.0,0.0,50.7,27.3,68.0,27.0,29.997,29.719,0.0,0.0,50.7,0.2779999999999987
3015,2022-01-07 00:00:00,37.5,40.0,14.4,29.9,0.0,0.0,73.0,0.0,0.0,0.0,46.2,28.8,68.0,27.0,30.044,29.689,0.0,0.0,42.3,0.3550000000000004
3016,2022-01-08 00:00:00,46.9,19.0,4.9,29.8,0.0,0.0,73.0,0.0,0.0,0.0,56.0,28.8,40.0,8.0,29.991,29.7,0.0,0.0,56.0,0.29100000000000037
3017,2022-01-09 00:00:00,47.6,41.0,25.0,29.6,3.5,5.2,291.0,0.0,0.0,0.0,53.9,36.6,53.0,31.0,29.715,29.389,29.9,44.9,53.9,0.3260000000000005
3018,2022-01-10 00:00:00,39.5,54.0,23.3,29.4,6.0,8.7,283.0,0.03,0.03,0.0,56.0,27.3,83.0,38.0,29.704,29.247,19.6,27.6,46.8,0.45700000000000074
3019,2022-01-11 00:00:00,26.7,41.0,5.6,30.0,9.9,14.8,283.0,0.03,0.03,0.0,31.6,21.8,60.0,27.0,30.194,29.696,24.2,35.7,31.6,0.49799999999999756
3020,2022-01-12 00:00:00,32.5,51.0,15.8,30.1,10.6,15.4,283.0,0.03,0.03,0.0,41.9,21.8,76.0,30.0,30.308,29.91,25.3,42.6,41.9,0.3979999999999997
3021,2022-01-13 00:00:00,32.2,44.0,12.4,30.3,7.7,11.5,282.0,0.03,0.03,0.0,35.6,26.3,50.0,37.0,30.313,30.159,18.4,32.2,35.6,0.15399999999999991
3022,2022-01-14 00:00:00,38.0,30.0,7.3,30.2,7.1,10.8,283.0,0.03,0.03,0.0,50.1,23.5,60.0,15.0,30.348,30.008,24.2,33.4,50.1,0.33999999999999986
3023,2022-01-15 00:00:00,16.0,77.0,10.1,30.5,2.5,4.5,283.0,0.04,0.04,0.0,50.1,-1.2,87.0,54.0,30.822,30.081,13.8,18.4,30.2,0.7409999999999997
3024,2022-01-16 00:00:00,13.8,51.0,-3.6,30.7,1.0,1.9,283.0,0.05,0.05,0.0,39.1,-5.6,76.0,13.0,30.979,30.205,11.5,17.3,39.1,0.7740000000000009
3025,2022-01-17 00:00:00,35.7,20.0,-3.2,30.3,4.8,7.2,282.0,0.05,0.05,0.0,49.2,19.9,49.0,9.0,30.523,30.029,17.3,29.9,49.2,0.4939999999999998
3026,2022-01-18 00:00:00,36.8,17.0,-5.5,29.9,10.4,11.2,286.0,0.05,0.05,0.0,55.1,11.6,31.0,4.0,30.13,29.807,23.0,33.4,55.1,0.3230000000000004
3027,2022-01-19 00:00:00,48.1,24.0,12.9,29.6,6.2,9.0,282.0,0.05,0.05,0.0,56.7,39.9,31.0,6.0,29.867,29.441,17.3,26.5,56.7,0.42600000000000193
3028,2022-01-20 00:00:00,35.7,54.0,18.8,29.6,3.4,5.8,283.0,0.05,0.05,0.0,50.7,23.5,89.0,27.0,29.812,29.523,11.5,18.4,50.7,0.2890000000000015
3029,2022-01-21 00:00:00,18.7,79.0,13.2,30.0,4.3,6.8,283.0,0.05,0.05,0.0,23.5,16.1,89.0,56.0,30.167,29.669,16.1,27.6,23.5,0.4980000000000011
3030,2022-01-22 00:00:00,23.7,34.0,-1.4,30.2,11.5,17.0,283.0,0.07,0.07,0.0,31.0,17.3,56.0,21.0,30.248,30.111,23.0,32.2,31.0,0.13700000000000045
3031,2022-01-23 00:00:00,25.4,36.0,1.9,30.3,7.9,11.5,283.0,0.07,0.07,0.0,31.3,18.8,54.0,25.0,30.389,30.174,19.6,29.9,31.3,0.21499999999999986
3032,2022-01-24 00:00:00,35.6,25.0,2.7,30.2,12.0,17.2,283.0,0.07,0.07,0.0,42.3,26.9,34.0,17.0,30.317,30.015,31.1,40.3,42.3,0.3019999999999996
3033,2022-01-25 00:00:00,42.8,15.0,-3.2,29.7,7.1,10.3,282.0,0.07,0.07,0.0,52.2,32.4,52.0,9.0,30.043,29.479,20.7,27.6,52.2,0.5640000000000001
3034,2022-01-26 00:00:00,25.2,44.0,5.1,30.0,6.9,10.5,283.0,0.07,0.07,0.0,33.2,18.6,75.0,24.0,30.33,29.575,23.0,33.4,33.1,0.754999999999999
3035,2022-01-27 00:00:00,27.5,32.0,1.1,30.3,12.4,19.2,283.0,0.07,0.07,0.0,36.0,21.0,41.0,19.0,30.378,30.175,24.2,40.3,36.0,0.2029999999999994
3036,2022-01-28 00:00:00,34.2,39.0,11.0,30.3,11.5,18.0,283.0,0.07,0.07,0.0,44.8,27.6,49.0,24.0,30.48,30.152,35.7,50.6,44.8,0.3279999999999994
3037,2022-01-29 00:00:00,40.4,33.0,11.8,30.3,8.1,12.2,282.0,0.07,0.07,0.0,50.8,33.2,53.0,15.0,30.368,30.098,18.4,28.8,50.8,0.2699999999999996
3038,2022-01-30 00:00:00,46.4,19.0,5.5,29.8,11.8,17.7,282.0,0.07,0.07,0.0,55.1,39.1,24.0,13.0,30.118,29.569,28.8,44.9,55.1,0.5489999999999995
3039,2022-01-31 00:00:00,39.2,35.0,11.0,29.7,13.4,19.5,282.0,0.07,0.07,0.0,48.2,18.9,84.0,21.0,29.998,29.555,34.5,44.9,48.2,0.4430000000000014
3040,2022-02-02 00:00:00,40.5,47.0,21.8,29.9,10.9,16.2,282.0,0.02,0.09,0.0,41.6,30.3,69.0,42.0,30.197,29.787,24.2,35.7,41.6,0.41000000000000014
3041,2022-02-03 00:00:00,39.3,46.0,19.5,29.7,11.9,18.3,284.0,0.02,0.09,0.0,46.1,33.5,79.0,27.0,29.821,29.614,31.1,42.6,46.1,0.20700000000000074
3042,2022-02-04 00:00:00,40.9,43.0,19.8,29.8,14.7,23.1,284.0,0.02,0.09,0.0,46.7,34.4,63.0,31.0,29.908,29.574,29.9,43.7,46.7,0.33399999999999963
3043,2022-02-05 00:00:00,33.8,62.0,21.0,29.8,8.1,12.5,282.0,0.06,0.13,0.0,42.1,21.1,85.0,28.0,30.002,29.513,28.8,46.0,42.1,0.4889999999999972
3044,2022-02-06 00:00:00,31.2,44.0,10.7,30.0,6.1,9.5,283.0,0.06,0.13,0.0,41.1,20.8,83.0,24.0,30.166,29.839,15.0,24.2,41.1,0.32700000000000173
3045,2022-02-07 00:00:00,35.8,38.0,12.4,30.1,11.6,16.8,282.0,0.06,0.13,0.0,46.0,28.2,49.0,26.0,30.219,30.058,26.5,42.6,46.0,0.16100000000000136
3046,2022-02-08 00:00:00,40.8,38.0,16.4,30.0,10.1,15.9,282.0,0.06,0.13,0.0,50.5,35.5,48.0,24.0,30.16,29.817,23.0,35.7,50.5,0.34299999999999997
3047,2022-02-09 00:00:00,34.6,49.0,14.6,29.8,11.6,17.0,282.0,0.06,0.13,0.0,50.5,10.7,82.0,16.0,29.994,29.524,31.1,38.0,50.5,0.46999999999999886
3048,2022-02-10 00:00:00,15.2,74.0,8.1,30.0,2.8,4.4,283.0,0.08,0.15,0.0,28.2,4.8,81.0,39.0,30.244,29.81,12.7,19.6,28.2,0.43400000000000105
3049,2022-02-11 00:00:00,21.8,40.0,0.1,30.1,6.6,9.9,283.0,0.09,0.16,0.0,34.3,4.3,70.0,25.0,30.262,29.969,20.7,32.2,34.3,0.29299999999999926
3050,2022-02-12 00:00:00,18.9,70.0,10.4,30.1,1.8,3.1,283.0,0.09,0.16,0.0,31.0,12.8,85.0,51.0,30.264,29.957,10.4,12.7,31.0,0.3069999999999986
3051,2022-02-13 00:00:00,32.2,61.0,19.2,30.2,7.3,10.7,282.0,0.18,0.25,0.0,41.8,18.3,89.0,38.0,30.292,30.022,19.6,31.1,41.8,0.2700000000000031
3052,2022-02-14 00:00:00,39.2,42.0,17.9,29.8,11.6,17.4,282.0,0.18,0.25,0.0,45.4,33.1,70.0,31.0,30.058,29.679,27.6,44.9,45.4,0.37900000000000134
3053,2022-02-15 00:00:00,29.7,52.0,13.7,29.9,6.2,9.5,283.0,0.18,0.25,0.0,37.6,13.8,82.0,34.0,30.33,29.608,15.0,26.5,37.6,0.7219999999999978
3054,2022-02-16 00:00:00,27.9,34.0,1.2,30.1,13.7,19.4,283.0,0.18,0.25,0.0,38.2,10.5,81.0,19.0,30.368,29.842,29.9,42.6,38.2,0.5259999999999998
3055,2022-02-17 00:00:00,34.2,25.0,1.3,29.9,14.2,21.3,282.0,0.18,0.25,0.0,44.2,25.3,38.0,16.0,30.015,29.607,38.0,42.6,44.2,0.40800000000000125
3056,2022-02-18 00:00:00,40.6,30.0,8.0,29.4,14.4,21.7,282.0,0.18,0.25,0.0,49.8,19.7,84.0,17.0,29.607,29.199,32.2,49.5,49.8,0.4079999999999977
3057,2022-02-19 00:00:00,8.5,74.0,1.9,29.7,4.4,7.0,283.0,0.18,0.25,0.0,19.7,-2.2,85.0,55.0,30.025,29.442,12.7,17.3,19.7,0.5829999999999984
3058,2022-02-20 00:00:00,5.4,63.0,-5.0,30.3,3.4,5.2,283.0,0.29,0.36,0.0,21.8,-9.3,76.0,30.0,30.557,30.024,16.1,25.3,21.8,0.5329999999999977
3059,2022-02-21 00:00:00,11.0,57.0,-2.8,30.4,2.3,3.9,283.0,0.33,0.4,0.0,28.2,-4.1,76.0,19.0,30.585,30.278,16.1,24.2,28.2,0.30700000000000216
3060,2022-02-22 00:00:00,13.7,67.0,3.6,30.2,3.3,5.1,283.0,0.33,0.4,0.0,34.9,-1.4,81.0,27.0,30.361,29.984,19.6,26.5,34.9,0.3769999999999989
3061,2022-02-23 00:00:00,18.8,71.0,10.4,30.1,2.1,3.5,283.0,0.34,0.41,0.0,28.1,6.9,85.0,34.0,30.322,29.959,9.2,11.5,28.1,0.36299999999999955
3062,2022-02-24 00:00:00,15.2,48.0,-1.8,30.0,12.7,18.7,283.0,0.34,0.41,0.0,20.3,6.5,83.0,31.0,30.081,29.883,29.9,48.3,20.3,0.1980000000000004
3063,2022-02-25 00:00:00,19.9,37.0,-2.9,30.1,10.9,15.9,283.0,0.34,0.41,0.0,26.9,12.6,55.0,23.0,30.219,30.003,26.5,39.1,26.9,0.21600000000000108
3064,2022-02-26 00:00:00,29.4,28.0,-0.6,30.0,9.1,13.3,282.0,0.34,0.41,0.0,40.9,16.9,45.0,16.0,30.172,29.843,24.2,36.8,40.9,0.3290000000000006
3065,2022-02-27 00:00:00,30.1,32.0,0.9,29.9,6.4,9.2,283.0,0.34,0.41,0.0,43.9,14.4,59.0,14.0,29.959,29.806,19.6,28.8,43.9,0.1529999999999987
3066,2022-02-28 00:00:00,29.6,50.0,12.0,29.9,4.6,6.9,283.0,0.34,0.41,0.0,40.3,18.6,77.0,22.0,30.056,29.766,17.3,25.3,40.3,0.2900000000000027
3067,2022-03-23 00:00:00,42.0,59.0,28.1,29.5,12.9,19.0,279.0,0.09,0.09,0.0,51.4,34.7,90.0,20.0,29.868,13.266,27.6,38.0,51.4,16.601999999999997
3068,2022-03-24 00:00:00,40.9,41.0,16.1,28.4,3.1,5.0,282.0,0.09,0.09,0.0,55.1,25.1,75.0,14.0,29.971,23.684,16.1,26.5,55.1,6.286999999999999
3069,2022-03-25 00:00:00,42.7,45.0,21.1,28.2,4.9,7.9,282.0,0.09,0.09,0.0,52.2,32.9,84.0,20.0,29.62,23.633,16.1,26.5,52.2,5.987000000000002
3070,2022-03-26 00:00:00,34.4,71.0,24.0,28.9,3.9,6.2,283.0,0.1,0.1,0.0,45.5,25.3,92.0,22.0,30.015,23.724,17.3,25.3,45.5,6.291
3071,2022-03-27 00:00:00,29.8,78.0,23.1,29.8,1.6,3.1,283.0,0.29,0.29,0.0,41.2,15.9,90.0,17.0,30.237,23.823,13.8,20.7,41.2,6.413999999999998
3072,2022-03-28 00:00:00,32.0,61.0,18.2,29.8,6.2,9.3,283.0,0.3,0.3,0.0,38.9,24.5,89.0,17.0,29.985,23.853,21.9,33.4,38.9,6.131999999999998
3073,2022-03-29 00:00:00,28.1,68.0,18.4,29.8,4.3,6.9,283.0,0.38,0.38,0.0,40.6,17.2,89.0,38.0,30.182,23.863,19.6,29.9,40.6,6.318999999999999
3074,2022-03-30 00:00:00,39.9,40.0,15.7,29.5,9.0,13.9,282.0,0.38,0.38,0.0,52.6,22.2,86.0,24.0,30.175,23.705,31.1,40.3,52.6,6.470000000000002
3075,2022-03-31 00:00:00,40.1,49.0,20.0,29.8,7.5,11.4,282.0,0.38,0.38,0.0,55.6,24.8,86.0,22.0,30.083,23.783,29.9,34.5,55.6,6.299999999999997
3076,2022-04-01 00:00:00,39.5,55.0,20.4,29.7,6.7,10.1,282.0,0.02,0.4,0.0,57.8,25.6,89.0,16.0,29.974,29.342,23.0,38.0,57.8,0.6320000000000014
3077,2022-04-02 00:00:00,51.7,24.0,14.7,29.2,13.2,19.6,282.0,0.02,0.4,0.0,62.1,43.5,52.0,15.0,29.378,29.04,28.8,42.6,62.1,0.33800000000000097
3078,2022-04-03 00:00:00,30.4,23.0,-6.5,29.8,9.3,14.6,283.0,0.02,0.4,0.0,43.5,18.6,57.0,9.0,30.173,29.243,25.3,36.8,43.4,0.9299999999999997
3079,2022-04-04 00:00:00,40.7,19.0,0.3,29.8,13.9,20.5,282.0,0.02,0.4,0.0,48.8,27.0,36.0,11.0,30.096,29.708,39.1,46.0,48.8,0.3880000000000017
3080,2022-04-05 00:00:00,44.8,38.0,20.1,29.8,8.7,12.2,282.0,0.02,0.4,0.0,57.0,39.6,59.0,22.0,29.824,29.65,25.3,33.4,57.0,0.17400000000000304
3081,2022-04-06 00:00:00,26.0,81.0,20.9,29.9,3.4,5.2,283.0,0.02,0.4,0.0,39.8,17.2,89.0,59.0,30.143,29.66,11.5,18.4,39.8,0.48300000000000054
3082,2022-04-07 00:00:00,37.3,69.0,27.1,29.8,3.8,5.6,282.0,0.19,0.57,0.0,51.3,18.3,89.0,43.0,30.121,29.373,19.6,27.6,51.3,0.7479999999999976
3083,2022-04-08 00:00:00,40.2,52.0,23.0,29.5,10.3,15.1,282.0,0.26,0.64,0.0,47.6,34.3,84.0,29.0,29.829,29.346,29.9,47.2,47.6,0.48300000000000054
3084,2022-04-09 00:00:00,37.7,48.0,17.7,30.0,4.6,7.3,283.0,0.28,0.66,0.0,49.6,28.8,84.0,20.0,30.203,29.827,15.0,26.5,49.6,0.37599999999999767
3085,2022-04-10 00:00:00,46.0,29.0,14.2,30.0,8.8,13.5,282.0,0.28,0.66,0.0,63.2,34.7,46.0,11.0,30.11,29.799,21.9,33.4,63.2,0.31099999999999994
3086,2022-04-11 00:00:00,58.0,19.0,15.9,29.5,11.3,16.1,282.0,0.28,0.66,0.0,65.6,50.1,28.0,13.0,29.829,29.347,33.4,42.6,65.6,0.4819999999999993
3087,2022-04-12 00:00:00,48.5,32.0,15.6,29.2,10.7,15.4,282.0,0.28,0.66,0.0,63.9,31.9,75.0,9.0,29.465,29.081,36.8,50.6,63.9,0.38400000000000034
3088,2022-04-13 00:00:00,30.5,38.0,7.7,29.7,9.8,14.4,283.0,0.28,0.66,0.0,35.5,26.0,56.0,26.0,30.074,29.25,28.8,32.2,35.5,0.8240000000000016
3089,2022-04-14 00:00:00,35.8,35.0,9.3,30.1,7.6,11.7,282.0,0.28,0.66,0.0,48.9,26.1,60.0,17.0,30.145,29.95,21.9,32.2,48.9,0.19500000000000028
3090,2022-04-15 00:00:00,40.9,45.0,18.6,30.0,3.3,5.5,283.0,0.28,0.66,0.0,57.3,24.1,77.0,16.0,30.119,29.836,15.0,19.6,57.3,0.28300000000000125
3091,2022-04-16 00:00:00,47.4,36.0,16.4,29.6,6.4,9.2,282.0,0.28,0.66,0.0,65.6,27.9,73.0,10.0,29.875,29.429,25.3,33.4,65.6,0.4460000000000015
3092,2022-04-17 00:00:00,41.7,32.0,10.9,29.5,10.8,16.0,282.0,0.28,0.66,0.0,53.5,26.6,78.0,12.0,29.914,29.207,27.6,39.1,53.5,0.7070000000000007
3093,2022-04-18 00:00:00,35.2,29.0,4.6,30.1,6.3,9.7,283.0,0.28,0.66,0.0,48.9,25.7,44.0,12.0,30.22,29.914,24.2,35.7,48.9,0.3059999999999974
3094,2022-04-19 00:00:00,38.1,37.0,11.4,30.0,1.8,3.5,282.0,0.28,0.66,0.0,54.5,16.9,66.0,18.0,30.262,29.769,13.8,19.6,54.5,0.4930000000000021
3095,2022-04-20 00:00:00,34.0,67.0,23.5,29.8,2.6,4.5,282.0,0.31,0.69,0.0,41.9,28.1,92.0,43.0,30.005,29.69,11.5,17.3,41.9,0.3149999999999977
3096,2022-04-21 00:00:00,31.1,89.0,28.2,30.1,1.4,2.6,282.0,0.56,0.94,0.0,36.2,26.7,93.0,81.0,30.159,30.006,8.1,10.4,36.2,0.1529999999999987
3097,2022-04-22 00:00:00,43.6,66.0,31.1,30.0,2.8,4.7,282.0,0.56,0.94,0.0,58.9,27.5,94.0,26.0,30.188,29.839,15.0,19.6,58.9,0.3490000000000002
3098,2022-04-23 00:00:00,45.2,61.0,29.6,29.9,4.5,6.7,282.0,0.59,0.97,0.0,64.0,28.5,92.0,21.0,30.008,29.762,23.0,34.5,64.0,0.24599999999999866
3099,2022-04-24 00:00:00,30.3,89.0,27.4,30.2,3.0,5.3,283.0,0.74,1.12,0.0,38.5,27.5,93.0,84.0,30.464,29.901,11.5,12.7,38.5,0.5629999999999988
3100,2022-04-25 00:00:00,40.8,57.0,22.6,30.1,1.7,3.1,282.0,0.78,1.16,0.0,65.2,17.2,89.0,9.0,30.461,29.815,10.4,16.1,65.2,0.6459999999999972
3101,2022-04-26 00:00:00,44.5,40.0,20.3,30.0,3.8,6.3,282.0,0.78,1.16,0.0,53.5,29.5,75.0,22.0,30.136,29.726,25.3,34.5,53.5,0.41000000000000014
3102,2022-04-27 00:00:00,44.6,46.0,20.4,30.0,1.7,3.3,282.0,0.78,1.16,0.0,63.2,22.2,85.0,11.0,30.181,29.825,12.7,19.6,63.2,0.35600000000000165
3103,2022-04-28 00:00:00,48.3,46.0,25.0,29.8,2.7,4.3,282.0,0.78,1.16,0.0,67.9,26.6,77.0,15.0,29.942,29.505,29.9,31.1,67.9,0.43700000000000117
3104,2022-04-29 00:00:00,58.0,26.0,21.2,29.4,7.8,11.4,282.0,0.78,1.16,0.0,67.8,46.5,55.0,12.0,29.567,29.261,29.9,34.5,67.8,0.30600000000000094
3105,2022-04-30 00:00:00,48.9,34.0,18.2,29.4,5.2,7.9,282.0,0.78,1.16,0.0,64.5,31.5,76.0,11.0,29.535,29.318,21.9,31.1,64.5,0.21699999999999875
3106,2022-05-01 00:00:00,44.3,63.0,31.6,29.6,3.0,5.5,282.0,0.0,1.16,0.0,56.6,37.8,80.0,26.0,29.743,29.442,11.5,19.6,56.6,0.3009999999999984
3107,2022-05-02 00:00:00,37.4,87.0,33.9,29.8,1.8,3.1,282.0,0.31,1.47,0.0,40.8,32.8,93.0,77.0,29.894,29.659,10.4,11.5,40.8,0.23499999999999943
3108,2022-05-03 00:00:00,36.5,88.0,33.0,29.9,1.3,2.1,281.0,1.18,2.34,0.0,45.8,32.2,95.0,65.0,30.228,29.743,16.1,24.2,45.8,0.485000000000003
3109,2022-05-04 00:00:00,44.6,56.0,26.5,30.2,3.0,4.8,282.0,1.18,2.34,0.0,61.6,25.6,93.0,25.0,30.314,30.02,12.7,19.6,61.6,0.2940000000000005
3110,2022-05-05 00:00:00,49.6,46.0,27.7,30.0,2.9,4.7,282.0,1.18,2.34,0.0,64.5,32.2,76.0,20.0,30.094,29.909,18.4,27.6,64.5,0.18500000000000227
3111,2022-05-06 00:00:00,51.4,51.0,31.2,30.0,1.5,2.8,282.0,1.18,2.34,0.0,67.6,33.4,81.0,20.0,30.116,29.891,11.5,17.3,67.6,0.22500000000000142
3112,2022-05-07 00:00:00,54.5,42.0,25.6,29.9,3.6,5.6,282.0,1.18,2.34,0.0,73.2,34.9,82.0,10.0,30.048,29.701,18.4,32.2,73.9,0.34699999999999775
3113,2022-05-08 00:00:00,54.9,37.0,23.8,29.8,4.4,7.1,281.0,1.18,2.34,0.0,70.3,33.5,75.0,14.0,29.888,29.701,17.3,25.3,73.5,0.18700000000000117
3114,2022-05-09 00:00:00,58.3,34.0,26.3,29.8,4.1,6.5,281.0,1.18,2.34,0.0,72.8,30.3,77.0,13.0,29.887,29.651,13.8,24.2,74.8,0.23600000000000065
3115,2022-05-10 00:00:00,56.8,42.0,27.8,29.6,5.0,7.4,281.0,1.18,2.34,0.0,74.7,34.1,78.0,13.0,29.762,29.357,20.7,28.8,75.8,0.40500000000000114
3116,2022-05-11 00:00:00,52.7,71.0,42.9,29.4,3.0,5.2,282.0,1.22,2.38,0.0,65.5,41.1,95.0,31.0,29.519,29.339,11.5,17.3,65.5,0.17999999999999972
3117,2022-05-12 00:00:00,50.0,85.0,45.3,29.6,2.6,4.9,278.0,1.38,2.54,0.0,58.7,45.7,95.0,61.0,29.75,29.503,9.2,16.1,58.7,0.2469999999999999
3118,2022-05-13 00:00:00,49.4,81.0,43.8,29.7,3.0,5.1,281.0,1.4,2.56,0.0,56.9,42.8,94.0,63.0,29.788,29.666,10.4,13.8,56.9,0.12199999999999989
3119,2022-05-14 00:00:00,49.1,71.0,39.7,29.8,2.3,4.2,282.0,1.4,2.56,0.0,58.4,38.6,90.0,49.0,29.964,29.712,16.1,19.6,58.4,0.2519999999999989
3120,2022-05-15 00:00:00,49.8,64.0,35.9,29.9,1.7,3.3,282.0,1.41,2.57,0.0,64.8,31.2,93.0,21.0,30.033,29.719,10.4,13.8,64.8,0.31400000000000006
3121,2022-05-16 00:00:00,54.9,47.0,29.3,29.7,2.3,4.0,282.0,1.41,2.57,0.0,73.0,35.2,91.0,11.0,29.896,29.607,16.1,21.9,75.1,0.2890000000000015
3122,2022-05-17 00:00:00,56.8,36.0,24.0,29.5,3.2,5.3,282.0,1.41,2.57,0.0,74.7,34.9,75.0,8.0,29.713,29.362,17.3,26.5,74.9,0.35100000000000264
3123,2022-05-18 00:00:00,49.3,64.0,36.6,29.6,2.9,4.7,275.0,1.56,2.72,0.0,64.8,39.8,91.0,31.0,29.828,29.424,17.3,27.6,64.8,0.4039999999999999
3124,2022-05-19 00:00:00,41.6,88.0,38.4,29.9,2.3,4.3,282.0,1.64,2.8,0.0,45.2,38.5,93.0,79.0,30.083,29.683,11.5,13.8,45.2,0.3999999999999986
3125,2022-05-20 00:00:00,42.3,84.0,37.8,30.0,2.1,3.8,282.0,1.7,2.86,0.0,53.8,36.2,92.0,58.0,30.124,29.825,16.1,19.6,53.8,0.2989999999999995
3126,2022-05-21 00:00:00,52.5,61.0,35.5,29.8,2.7,4.5,282.0,1.71,2.87,0.0,71.1,32.5,95.0,13.0,29.976,29.587,16.1,21.9,76.7,0.38899999999999935
3127,2022-05-22 00:00:00,51.2,70.0,40.2,29.7,2.2,3.7,280.0,1.91,3.07,0.0,69.3,36.8,91.0,28.0,29.78,29.537,13.8,25.3,77.2,0.2430000000000021
3128,2022-05-23 00:00:00,51.7,61.0,37.6,29.7,2.2,3.6,282.0,1.95,3.11,0.0,66.3,35.8,91.0,28.0,29.902,29.586,20.7,26.5,66.1,0.3160000000000025
3129,2022-05-24 00:00:00,56.6,44.0,31.1,29.8,3.9,6.2,282.0,1.95,3.11,0.0,75.1,35.2,82.0,18.0,29.919,29.689,19.6,28.8,76.2,0.23000000000000043
3130,2022-05-25 00:00:00,59.2,42.0,32.2,29.7,2.3,4.2,282.0,1.95,3.11,0.0,79.2,36.8,79.0,11.0,29.877,29.569,16.1,24.2,78.2,0.30799999999999983
3131,2022-05-26 00:00:00,63.1,31.0,26.6,29.5,3.1,5.2,282.0,1.95,3.11,0.0,79.6,40.8,69.0,8.0,29.674,29.29,12.7,24.2,77.9,0.38400000000000034
3132,2022-05-27 00:00:00,60.6,39.0,35.0,29.5,4.3,7.0,282.0,1.95,3.11,0.0,73.5,47.0,62.0,20.0,29.643,29.362,16.1,24.2,77.3,0.28100000000000236
3133,2022-05-28 00:00:00,49.9,75.0,42.1,29.7,2.6,4.3,282.0,2.03,3.19,0.0,60.5,40.6,90.0,52.0,29.85,29.576,16.1,21.9,60.5,0.2740000000000009
3134,2022-05-29 00:00:00,52.3,57.0,35.7,29.7,3.9,6.6,281.0,2.03,3.19,0.0,63.4,39.6,91.0,34.0,29.801,29.541,16.1,24.2,63.4,0.259999999999998
3135,2022-05-30 00:00:00,53.6,56.0,35.3,29.6,2.2,3.9,282.0,2.03,3.19,0.0,70.8,34.9,90.0,19.0,29.788,29.489,23.0,31.1,77.3,0.2989999999999995
3136,2022-05-31 00:00:00,63.4,34.0,32.2,29.5,3.8,6.6,282.0,2.03,3.19,0.0,76.3,44.2,72.0,13.0,29.597,29.364,16.1,24.2,76.8,0.23300000000000054
3137,2022-06-01 00:00:00,61.4,24.0,19.4,29.5,8.3,12.6,281.0,0.0,3.19,0.0,73.5,41.2,66.0,10.0,29.705,29.389,26.5,33.4,74.3,0.31599999999999895
3138,2022-06-02 00:00:00,58.3,26.0,22.9,29.9,4.7,8.0,281.0,0.0,3.19,0.0,68.9,43.9,54.0,10.0,30.037,29.68,17.3,26.5,75.6,0.3569999999999993
3139,2022-06-03 00:00:00,55.2,44.0,31.9,29.9,3.3,5.2,282.0,0.0,3.19,0.0,73.3,34.0,76.0,23.0,30.065,29.637,19.6,29.9,77.1,0.4280000000000008
3140,2022-06-04 00:00:00,66.0,26.0,26.4,29.6,4.1,7.0,282.0,0.0,3.19,0.0,81.6,46.8,54.0,9.0,29.808,29.472,16.1,27.6,79.3,0.3359999999999985
3141,2022-06-05 00:00:00,64.5,30.0,26.9,29.6,2.3,3.9,282.0,0.0,3.19,0.0,85.5,40.5,61.0,9.0,29.705,29.447,15.0,19.6,82.3,0.2579999999999991
3142,2022-06-06 00:00:00,63.9,38.0,35.5,29.6,2.7,4.8,282.0,0.0,3.19,0.0,81.6,41.8,64.0,8.0,29.693,29.408,16.1,20.7,79.5,0.28500000000000014
3143,2022-06-07 00:00:00,65.2,36.0,28.9,29.6,3.1,5.2,282.0,0.0,3.19,0.0,84.3,43.5,84.0,6.0,29.696,29.422,16.1,27.6,81.4,0.2740000000000009
3144,2022-06-08 00:00:00,64.6,22.0,18.9,29.7,3.2,5.3,282.0,0.0,3.19,0.0,83.8,39.9,49.0,6.0,29.794,29.479,17.3,26.5,81.0,0.3150000000000013
3145,2022-06-09 00:00:00,60.5,27.0,26.1,29.5,2.1,3.4,282.0,0.0,3.19,0.0,71.1,48.9,38.0,18.0,29.674,29.357,8.1,10.4,74.3,0.31700000000000017
3146,2022-06-10 00:00:00,68.3,15.0,14.7,29.3,7.8,11.9,282.0,0.0,3.19,0.0,81.6,44.5,46.0,6.0,29.441,29.174,25.3,34.5,79.3,0.26699999999999946
3147,2022-06-11 00:00:00,64.6,17.0,16.1,29.5,8.4,12.6,282.0,0.0,3.19,0.0,78.1,52.5,38.0,6.0,29.656,29.292,24.2,26.5,76.6,0.3639999999999972
3148,2022-06-12 00:00:00,59.9,37.0,31.1,29.7,2.5,4.8,281.0,0.0,3.19,0.0,76.1,36.8,69.0,18.0,29.8,29.617,10.4,18.4,76.8,0.18299999999999983
3149,2022-06-13 00:00:00,63.6,42.0,35.5,29.7,2.9,4.9,280.0,0.0,3.19,0.0,84.1,41.2,79.0,11.0,29.777,29.53,12.7,18.4,81.4,0.2469999999999999
3150,2022-06-14 00:00:00,74.8,20.0,29.6,29.4,7.3,11.3,281.0,0.0,3.19,0.0,83.6,54.7,41.0,13.0,29.57,29.255,21.9,34.5,80.8,0.3150000000000013
3151,2022-06-15 00:00:00,69.9,27.0,32.2,29.3,5.6,8.9,281.0,0.0,3.19,0.0,84.1,52.5,50.0,13.0,29.469,29.225,17.3,25.3,81.2,0.24399999999999977
3152,2022-06-16 00:00:00,61.5,53.0,42.5,29.4,2.3,3.9,282.0,0.08,3.27,0.0,80.1,49.9,89.0,20.0,29.458,29.235,17.3,26.5,78.8,0.22299999999999898
3153,2022-06-17 00:00:00,54.9,89.0,51.7,29.6,2.4,4.3,277.0,0.54,3.73,0.0,60.4,51.0,95.0,70.0,29.734,29.34,10.4,13.8,60.4,0.3940000000000019
3154,2022-06-18 00:00:00,58.5,78.0,51.1,29.7,1.9,3.6,272.0,0.56,3.75,0.0,70.1,49.9,95.0,48.0,29.769,29.566,10.4,13.8,77.3,0.2029999999999994
3155,2022-06-19 00:00:00,57.6,75.0,49.4,29.7,3.8,6.6,281.0,0.56,3.75,0.0,68.3,47.7,93.0,52.0,29.818,29.544,12.7,19.6,77.1,0.2740000000000009
3156,2022-06-20 00:00:00,56.4,65.0,43.6,29.8,2.2,4.1,282.0,0.56,3.75,0.0,68.6,42.2,91.0,31.0,29.921,29.73,11.5,18.4,77.4,0.19099999999999895
3157,2022-06-21 00:00:00,60.5,58.0,43.5,29.7,2.8,4.9,282.0,0.56,3.75,0.0,77.7,41.9,93.0,16.0,29.901,29.594,16.1,25.3,78.0,0.3069999999999986
3158,2022-06-22 00:00:00,64.2,35.0,31.9,29.6,4.9,8.2,282.0,0.56,3.75,0.0,77.4,51.6,76.0,10.0,29.695,29.396,19.6,31.1,76.8,0.2989999999999995
3159,2022-06-23 00:00:00,60.9,38.0,30.3,29.5,3.4,5.7,282.0,0.56,3.75,0.0,79.2,38.5,79.0,10.0,29.679,29.409,25.3,33.4,77.6,0.2699999999999996
3160,2022-06-24 00:00:00,51.7,77.0,44.3,29.7,2.6,4.5,282.0,0.73,3.92,0.0,60.4,43.2,93.0,54.0,29.942,29.491,13.8,20.7,60.4,0.4510000000000005
3161,2022-06-25 00:00:00,58.7,51.0,35.5,29.8,2.4,4.4,282.0,0.73,3.92,0.0,78.5,37.8,92.0,16.0,29.942,29.554,11.5,21.9,77.7,0.3880000000000017
3162,2022-06-26 00:00:00,68.3,28.0,26.5,29.6,3.8,6.7,281.0,0.73,3.92,0.0,89.7,39.9,75.0,8.0,29.738,29.418,17.3,26.5,85.7,0.3200000000000003
3163,2022-06-27 00:00:00,69.1,26.0,29.2,29.6,3.3,5.3,281.0,0.73,3.92,0.0,89.9,47.0,51.0,7.0,29.695,29.449,19.6,28.8,85.9,0.24599999999999866
3164,2022-06-28 00:00:00,71.0,25.0,24.3,29.4,5.0,7.5,281.0,0.73,3.92,0.0,90.5,45.5,61.0,6.0,29.651,29.219,20.7,34.5,86.5,0.4319999999999986
3165,2022-06-29 00:00:00,73.4,12.0,15.9,29.3,6.6,10.3,281.0,0.73,3.92,0.0,84.5,55.9,32.0,6.0,29.475,29.175,23.0,38.0,81.6,0.3000000000000007
3166,2022-06-30 00:00:00,55.8,54.0,38.4,29.6,3.1,5.2,282.0,0.75,3.94,0.0,66.9,43.8,81.0,26.0,29.814,29.457,13.8,19.6,66.9,0.3569999999999993
3167,2022-07-01 00:00:00,60.4,43.0,30.1,29.8,3.8,6.2,281.0,0.0,3.94,0.0,81.4,35.5,87.0,7.0,29.986,29.591,18.4,26.5,79.2,0.3949999999999996
3168,2022-07-02 00:00:00,65.1,29.0,26.7,29.6,3.7,5.8,280.0,0.0,3.94,0.0,85.1,39.5,64.0,8.0,29.814,29.46,15.0,26.5,82.0,0.3539999999999992
3169,2022-07-03 00:00:00,68.0,28.0,29.5,29.5,4.4,6.8,280.0,0.0,3.94,0.0,86.3,44.9,60.0,9.0,29.696,29.443,18.4,27.6,82.9,0.2530000000000001
3170,2022-07-04 00:00:00,65.9,42.0,38.1,29.8,3.3,5.5,281.0,0.0,3.94,0.0,84.5,48.2,78.0,9.0,29.988,29.553,23.0,27.6,81.5,0.4349999999999987
3171,2022-07-05 00:00:00,62.0,57.0,45.7,30.1,2.5,4.5,282.0,0.0,3.94,0.0,74.0,46.8,86.0,31.0,30.177,29.913,11.5,17.3,77.5,0.26399999999999935
3172,2022-07-06 00:00:00,65.1,45.0,39.4,30.0,2.0,3.8,282.0,0.0,3.94,0.0,83.0,42.8,86.0,19.0,30.214,29.803,11.5,17.3,80.7,0.4109999999999978
3173,2022-07-07 00:00:00,65.3,47.0,41.5,29.8,1.8,3.2,282.0,0.05,3.99,0.0,85.5,46.7,75.0,15.0,29.974,29.64,19.6,31.1,82.3,0.33399999999999963
3174,2022-07-08 00:00:00,66.8,51.0,43.8,29.8,3.5,5.8,281.0,0.23,4.17,0.0,88.6,47.7,82.0,16.0,29.902,29.662,21.9,28.8,84.9,0.240000000000002
3175,2022-07-09 00:00:00,67.5,49.0,42.1,29.8,2.6,4.4,282.0,0.23,4.17,0.0,82.6,49.5,94.0,15.0,30.015,29.735,13.8,19.6,80.2,0.28000000000000114
3176,2022-07-10 00:00:00,68.8,39.0,39.0,29.7,2.6,4.3,281.0,0.23,4.17,0.0,87.6,46.1,74.0,17.0,29.873,29.552,15.0,20.7,84.2,0.3210000000000015
3177,2022-07-11 00:00:00,68.9,37.0,38.2,29.6,3.6,5.8,281.0,0.23,4.17,0.0,85.9,46.4,78.0,15.0,29.788,29.481,15.0,20.7,82.7,0.3069999999999986
3178,2022-07-12 00:00:00,60.5,61.0,46.2,29.7,1.6,2.8,282.0,0.37,4.31,0.0,75.4,49.5,88.0,28.0,29.925,29.572,10.4,13.8,77.6,0.35300000000000153
3179,2022-07-13 00:00:00,62.5,56.0,44.4,29.9,2.0,3.4,282.0,0.38,4.32,0.0,78.1,43.9,93.0,27.0,29.987,29.72,13.8,19.6,78.5,0.26699999999999946
3180,2022-07-14 00:00:00,67.6,47.0,42.5,29.7,2.3,4.1,281.0,0.38,4.32,0.0,84.9,46.2,89.0,22.0,29.883,29.561,13.8,19.6,82.1,0.3219999999999992
3181,2022-07-15 00:00:00,56.9,78.0,50.0,29.8,2.0,3.7,282.0,0.57,4.51,0.0,63.2,50.4,94.0,54.0,29.993,29.633,10.4,13.8,63.2,0.35999999999999943
3182,2022-07-16 00:00:00,61.3,66.0,47.2,29.9,2.4,3.9,281.0,0.59,4.53,0.0,80.7,43.6,96.0,20.0,29.996,29.707,19.6,27.6,79.3,0.2889999999999979
3183,2022-07-17 00:00:00,62.9,63.0,48.8,29.8,2.2,3.7,281.0,0.62,4.56,0.0,78.3,47.4,90.0,33.0,29.967,29.678,12.7,17.3,78.9,0.2889999999999979
3184,2022-07-18 00:00:00,68.4,41.0,35.3,29.7,3.5,5.8,282.0,0.62,4.56,0.0,88.8,46.8,92.0,11.0,29.844,29.523,17.3,27.6,84.9,0.3210000000000015
3185,2022-07-24 00:00:00,68.0,57.0,51.6,29.7,2.7,4.0,282.0,0.66,4.6,0.0,85.8,56.2,76.0,11.0,29.876,29.58,13.8,17.3,82.5,0.2960000000000029
3186,2022-07-25 00:00:00,61.6,69.0,49.8,29.8,2.8,4.7,282.0,0.85,4.79,0.0,78.5,49.6,88.0,22.0,29.967,29.745,17.3,21.9,78.0,0.22199999999999775
3187,2022-07-26 00:00:00,58.9,72.0,48.7,29.9,2.5,4.2,284.0,0.93,4.87,0.0,70.9,46.7,94.0,44.0,30.013,29.696,11.5,16.1,77.3,0.31700000000000017
3188,2022-07-27 00:00:00,61.0,69.0,48.8,29.8,3.0,5.0,282.0,0.93,4.87,0.0,79.6,50.5,93.0,19.0,29.879,29.668,20.7,28.8,78.4,0.21100000000000207
3189,2022-07-28 00:00:00,58.1,71.0,46.8,29.8,2.5,3.8,282.0,0.96,4.9,0.0,77.4,46.2,95.0,21.0,29.95,29.656,23.0,26.5,77.9,0.2940000000000005
3190,2022-07-29 00:00:00,58.0,70.0,46.2,29.9,4.1,6.7,282.0,0.97,4.91,0.0,82.2,43.3,95.0,11.0,29.994,29.673,18.4,31.1,79.8,0.3210000000000015
3191,2022-07-30 00:00:00,58.1,55.0,39.9,30.0,2.3,4.3,282.0,0.97,4.91,0.0,70.6,43.2,90.0,28.0,30.061,29.841,11.5,17.3,77.3,0.21999999999999886
3192,2022-07-31 00:00:00,59.7,49.0,36.7,29.9,2.4,4.2,282.0,0.97,4.91,0.0,76.8,37.3,90.0,17.0,30.064,29.768,16.1,19.6,77.1,0.2959999999999994
3193,2022-08-01 00:00:00,60.3,51.0,39.8,29.8,2.1,3.5,281.0,0.0,4.91,0.0,77.9,43.3,80.0,20.0,29.917,29.735,11.5,18.4,77.6,0.18200000000000216
3194,2022-08-02 00:00:00,64.1,49.0,40.6,29.7,1.9,3.4,281.0,0.0,4.91,0.0,84.5,43.3,88.0,18.0,29.882,29.541,17.3,24.2,81.7,0.3410000000000011
3195,2022-08-03 00:00:00,64.0,47.0,42.0,29.6,5.1,8.1,281.0,0.05,4.96,0.0,76.0,56.6,83.0,24.0,29.771,29.473,17.3,27.6,77.4,0.2980000000000018
3196,2022-08-04 00:00:00,68.9,30.0,35.7,29.6,5.7,8.8,281.0,0.06,4.97,0.0,81.4,57.8,48.0,19.0,29.729,29.506,20.7,38.0,79.5,0.22299999999999898
3197,2022-08-05 00:00:00,64.9,47.0,43.0,29.6,3.7,5.8,281.0,0.08,4.99,0.0,79.4,53.2,83.0,22.0,29.792,29.528,24.2,26.5,78.4,0.2640000000000029
3198,2022-08-06 00:00:00,61.5,64.0,48.3,29.8,2.6,4.6,282.0,0.08,4.99,0.0,74.2,46.7,92.0,34.0,29.902,29.697,15.0,20.7,77.3,0.20500000000000185
3199,2022-08-07 00:00:00,61.5,59.0,44.4,29.8,2.1,3.6,282.0,0.08,4.99,0.0,76.7,43.6,93.0,19.0,29.95,29.674,12.7,19.6,77.9,0.2759999999999998
3200,2022-08-08 00:00:00,59.2,65.0,46.6,29.8,2.2,3.8,282.0,0.11,5.02,0.0,75.8,43.1,88.0,33.0,29.899,29.746,12.7,19.6,77.6,0.15300000000000225
3201,2022-08-09 00:00:00,62.7,51.0,39.8,29.9,1.9,3.5,282.0,0.12,5.03,0.0,79.4,43.2,92.0,19.0,29.99,29.776,15.0,19.6,78.5,0.21399999999999864
3202,2022-08-10 00:00:00,63.5,45.0,38.9,29.9,2.4,4.2,282.0,0.12,5.03,0.0,79.6,43.2,78.0,21.0,29.959,29.769,13.8,19.6,78.8,0.19000000000000128
3203,2022-08-11 00:00:00,64.2,40.0,35.3,29.8,2.2,3.8,282.0,0.12,5.03,0.0,82.2,41.6,77.0,13.0,29.957,29.684,12.7,19.6,79.9,0.2729999999999997
3204,2022-08-12 00:00:00,63.9,39.0,33.9,29.7,2.6,4.5,282.0,0.12,5.03,0.0,83.2,41.5,75.0,12.0,29.836,29.598,12.7,18.4,80.4,0.23799999999999955
3205,2022-08-13 00:00:00,62.3,39.0,33.9,29.7,2.8,4.8,282.0,0.12,5.03,0.0,79.4,40.3,72.0,19.0,29.778,29.579,15.0,19.6,78.3,0.19899999999999807
3206,2022-08-14 00:00:00,57.7,64.0,44.7,29.7,2.4,3.9,282.0,0.19,5.1,0.0,74.0,43.1,91.0,34.0,29.878,29.65,17.3,24.2,77.4,0.22800000000000153
3207,2022-08-15 00:00:00,68.7,39.0,35.0,29.7,3.1,5.3,281.0,0.19,5.1,0.0,86.7,44.6,95.0,7.0,29.837,29.588,15.0,26.5,83.3,0.24899999999999878
3208,2022-08-16 00:00:00,62.6,47.0,38.5,29.8,2.6,4.5,282.0,0.19,5.1,0.0,79.8,42.3,86.0,16.0,29.941,29.667,18.4,26.5,78.8,0.27399999999999736
3209,2022-08-17 00:00:00,62.6,51.0,41.6,29.8,2.2,3.5,282.0,0.19,5.1,0.0,82.4,44.9,77.0,20.0,30.003,29.706,16.1,21.9,80.2,0.2970000000000006
3210,2022-08-18 00:00:00,58.6,60.0,42.3,29.8,4.0,6.1,282.0,0.29,5.2,0.0,73.7,46.7,88.0,26.0,29.958,29.674,23.0,32.2,77.4,0.2839999999999989
3211,2022-08-19 00:00:00,53.2,64.0,39.8,29.9,2.7,4.7,282.0,0.3,5.21,0.0,65.2,41.1,94.0,37.0,30.02,29.784,13.8,26.5,65.2,0.23600000000000065
3212,2022-08-20 00:00:00,53.7,60.0,38.0,30.0,1.9,3.5,281.0,0.3,5.21,0.0,72.1,33.4,92.0,26.0,30.122,29.834,12.7,17.3,77.3,0.28800000000000026
3213,2022-08-21 00:00:00,54.6,72.0,44.7,29.9,2.5,4.3,282.0,0.39,5.3,0.0,70.3,45.2,93.0,33.0,30.05,29.825,16.1,33.4,77.3,0.22500000000000142
3214,2022-08-22 00:00:00,58.4,67.0,45.7,29.9,2.6,4.3,282.0,0.4,5.31,0.0,69.6,45.2,95.0,37.0,30.034,29.71,12.7,17.3,77.4,0.32399999999999807
3215,2022-08-23 00:00:00,63.3,39.0,35.5,29.7,7.6,11.6,282.0,0.41,5.32,0.0,74.7,49.5,74.0,19.0,29.78,29.542,20.7,38.0,76.3,0.23799999999999955
3216,2022-08-24 00:00:00,66.9,27.0,29.5,29.6,4.3,6.5,282.0,0.41,5.32,0.0,84.5,53.5,44.0,10.0,29.685,29.477,17.3,25.3,81.5,0.2079999999999984
3217,2022-08-25 00:00:00,64.0,38.0,35.2,29.7,3.5,5.5,282.0,0.42,5.33,0.0,84.0,45.8,69.0,15.0,29.791,29.533,17.3,25.3,81.1,0.2579999999999991
3218,2022-08-26 00:00:00,67.9,34.0,36.2,29.5,7.0,10.5,282.0,0.42,5.33,0.0,79.0,53.2,74.0,15.0,29.569,29.371,24.2,34.5,77.8,0.1980000000000004
3219,2022-08-27 00:00:00,66.1,31.0,32.8,29.4,6.7,10.0,282.0,0.42,5.33,0.0,76.7,53.1,56.0,16.0,29.5,29.319,25.3,43.7,76.8,0.18100000000000094
3220,2022-08-28 00:00:00,55.1,55.0,38.2,29.7,3.3,5.4,282.0,0.42,5.33,0.0,67.3,41.9,80.0,34.0,29.885,29.497,15.0,19.6,67.3,0.3880000000000017
3221,2022-08-29 00:00:00,59.0,44.0,27.6,29.8,3.4,5.3,281.0,0.42,5.33,0.0,81.8,35.9,93.0,10.0,30.006,29.677,17.3,26.5,79.5,0.3290000000000006
3222,2022-08-30 00:00:00,61.7,26.0,22.4,29.7,3.6,5.5,281.0,0.42,5.33,0.0,82.2,38.0,58.0,11.0,29.907,29.608,19.6,31.1,79.7,0.2989999999999995
3223,2022-08-31 00:00:00,61.0,30.0,27.1,29.6,2.8,4.5,282.0,0.42,5.33,0.0,78.1,39.9,62.0,14.0,29.812,29.516,18.4,27.6,77.1,0.2960000000000029
3224,2022-09-01 00:00:00,61.2,34.0,31.5,29.6,3.3,5.0,281.0,0.0,5.33,0.0,77.7,46.5,55.0,21.0,29.733,29.496,25.3,29.9,77.7,0.23700000000000188
3225,2022-09-02 00:00:00,56.4,42.0,31.2,29.8,2.3,4.0,281.0,0.0,5.33,0.0,77.6,37.5,72.0,15.0,29.891,29.641,12.7,19.6,77.3,0.25
3226,2022-09-03 00:00:00,56.0,47.0,33.9,29.8,1.4,2.5,282.0,0.0,5.33,0.0,73.2,42.3,71.0,16.0,29.884,29.685,12.7,18.4,76.4,0.19900000000000162
3227,2022-09-04 00:00:00,54.0,60.0,37.9,29.8,2.0,3.4,281.0,0.21,5.54,0.0,74.9,41.1,85.0,19.0,29.996,29.675,20.7,31.1,76.9,0.32099999999999795
3228,2022-09-05 00:00:00,53.8,72.0,44.7,30.0,2.3,3.9,282.0,0.21,5.54,0.0,65.6,47.0,88.0,49.0,30.1,29.869,13.8,16.1,65.6,0.23100000000000165
3229,2022-09-06 00:00:00,51.8,74.0,43.0,30.1,1.7,2.9,283.0,0.65,5.98,0.0,68.1,40.2,92.0,41.0,30.218,29.958,13.8,20.7,77.5,0.26000000000000156
3230,2022-09-07 00:00:00,53.0,70.0,41.8,30.0,1.9,3.5,282.0,0.66,5.99,0.0,70.1,34.4,93.0,34.0,30.264,29.909,16.1,19.6,77.5,0.3550000000000004
3231,2022-09-08 00:00:00,57.7,55.0,37.8,29.8,2.5,4.2,282.0,0.66,5.99,0.0,75.8,37.9,94.0,17.0,30.024,29.585,16.1,26.5,76.8,0.43900000000000006
3232,2022-09-09 00:00:00,62.8,36.0,33.5,29.6,3.3,5.1,282.0,0.66,5.99,0.0,77.2,46.4,58.0,17.0,29.768,29.545,15.0,26.5,77.1,0.22299999999999898
3233,2022-09-10 00:00:00,59.5,37.0,28.3,29.7,1.9,3.2,282.0,0.66,5.99,0.0,87.2,36.6,71.0,7.0,29.877,29.59,13.8,19.6,83.7,0.28699999999999903
3234,2022-09-13 00:00:00,73.4,10.0,12.5,29.5,7.4,11.0,281.0,0.66,5.99,0.0,83.2,56.5,22.0,6.0,29.595,29.413,19.6,26.5,80.5,0.1819999999999986
3235,2022-09-14 00:00:00,69.1,12.0,12.2,29.6,5.2,8.4,281.0,0.66,5.99,0.0,81.6,49.2,35.0,5.0,29.754,29.499,17.3,19.6,79.3,0.25500000000000256
3236,2022-09-15 00:00:00,63.1,25.0,22.9,29.7,2.6,4.5,281.0,0.66,5.99,0.0,81.8,40.9,54.0,9.0,29.846,29.562,11.5,17.3,79.4,0.2839999999999989
3237,2022-09-16 00:00:00,64.8,29.0,28.3,29.6,4.0,6.2,280.0,0.66,5.99,0.0,83.8,43.5,57.0,10.0,29.807,29.511,18.4,24.2,80.9,0.2959999999999994
3238,2022-09-17 00:00:00,64.8,31.0,31.4,29.6,2.9,4.8,281.0,0.66,5.99,0.0,82.4,48.2,51.0,15.0,29.736,29.534,18.4,20.7,79.9,0.20220000000000173
3239,2022-09-18 00:00:00,62.4,42.0,35.2,29.6,3.7,5.8,281.0,0.66,5.99,0.0,83.6,41.5,74.0,12.0,29.802,29.497,21.9,29.9,80.8,0.3049999999999997
3240,2022-09-19 00:00:00,61.0,43.0,35.4,29.5,4.1,6.6,281.0,0.67,6.0,0.0,79.6,45.2,77.0,12.0,29.656,29.401,18.4,26.5,78.2,0.254999999999999
3241,2022-09-20 00:00:00,60.1,37.0,28.4,29.5,4.9,8.1,282.0,0.67,6.0,0.0,72.7,47.0,80.0,11.0,29.866,29.398,20.7,33.4,74.8,0.46799999999999997
3242,2022-09-21 00:00:00,50.2,58.0,34.3,30.0,2.3,4.0,282.0,0.67,6.0,0.0,68.4,31.0,86.0,33.0,30.134,29.808,12.7,18.4,76.9,0.3260000000000005
3243,2022-09-22 00:00:00,55.6,33.0,17.3,29.9,3.7,5.8,282.0,0.67,6.0,0.0,77.0,31.8,80.0,8.0,30.094,29.719,17.3,25.3,75.8,0.375
3244,2022-09-23 00:00:00,57.5,25.0,20.2,29.7,3.6,5.7,282.0,0.67,6.0,0.0,75.8,36.8,47.0,13.0,29.906,29.517,19.6,29.9,75.8,0.38899999999999935
3245,2022-09-24 00:00:00,55.5,41.0,31.1,29.6,6.8,10.0,282.0,0.68,6.01,0.0,68.1,44.6,69.0,20.0,29.695,29.414,25.3,34.5,73.8,0.2809999999999988
3246,2022-09-25 00:00:00,47.6,40.0,22.8,29.9,4.5,7.4,282.0,0.68,6.01,0.0,59.2,35.6,70.0,18.0,30.158,29.618,19.6,27.6,59.2,0.5400000000000027
3247,2022-09-26 00:00:00,48.1,39.0,17.2,30.0,2.2,3.9,282.0,0.68,6.01,0.0,69.1,26.1,86.0,7.0,30.248,29.739,11.5,18.4,70.7,0.5090000000000003
3248,2022-09-27 00:00:00,58.0,18.0,14.2,29.7,5.3,8.5,282.0,0.68,6.01,0.0,73.5,42.5,38.0,12.0,29.829,29.552,15.0,21.9,74.5,0.277000000000001
3249,2022-09-28 00:00:00,39.4,71.0,30.3,29.9,2.3,4.3,282.0,0.68,6.01,0.0,47.6,30.9,86.0,38.0,30.089,29.746,12.7,18.4,47.6,0.34299999999999997
3250,2022-09-29 00:00:00,57.6,33.0,20.9,29.7,4.9,7.2,282.0,0.68,6.01,0.0,78.3,33.4,88.0,9.0,29.98,29.484,21.9,28.8,76.8,0.49599999999999866
3251,2022-09-30 00:00:00,53.7,46.0,28.6,29.7,4.9,6.9,282.0,0.68,6.01,0.0,75.8,39.6,80.0,7.0,29.84,29.44,20.7,32.2,76.5,0.3999999999999986
3252,2022-10-01 00:00:00,56.7,42.0,32.4,29.7,3.8,5.6,286.0,0.0,6.01,0.0,70.9,40.1,77.0,21.0,29.991,29.362,17.3,24.2,75.0,0.6290000000000013
3253,2022-10-02 00:00:00,60.4,46.0,39.4,29.6,7.2,10.9,282.0,0.0,6.01,0.0,67.3,50.1,63.0,35.0,29.717,29.385,19.6,28.8,67.3,0.3319999999999972
3254,2022-10-03 00:00:00,59.8,46.0,37.9,29.5,8.3,12.2,282.0,0.0,6.01,0.0,72.3,44.3,70.0,25.0,29.877,29.37,20.7,34.5,76.3,0.5069999999999979
3255,2022-10-04 00:00:00,48.6,58.0,33.0,29.7,7.5,11.3,282.0,0.04,6.05,0.0,59.2,37.9,84.0,26.0,29.892,29.525,28.8,46.0,59.2,0.3670000000000009
3256,2022-10-05 00:00:00,50.0,54.0,32.6,29.6,7.8,11.6,282.0,0.05,6.06,0.0,62.0,35.9,92.0,27.0,29.877,29.477,24.2,34.5,62.0,0.3999999999999986
3257,2022-10-06 00:00:00,38.7,84.0,34.1,29.8,1.6,3.0,282.0,0.14,6.15,0.0,46.0,33.5,92.0,65.0,29.971,29.716,10.4,11.5,46.0,0.254999999999999
3258,2022-10-07 00:00:00,38.6,87.0,34.9,29.7,2.3,3.9,282.0,0.16,6.17,0.0,50.7,35.3,93.0,58.0,29.828,29.576,10.4,13.8,50.7,0.2519999999999989
3259,2022-10-08 00:00:00,32.6,91.0,30.1,29.8,2.1,3.6,283.0,0.22,6.23,0.0,36.0,30.3,93.0,85.0,29.934,29.724,9.2,12.7,36.0,0.21000000000000085
3260,2022-10-09 00:00:00,31.2,89.0,28.3,29.9,1.8,3.0,283.0,0.23,6.24,0.0,36.2,28.4,92.0,76.0,29.941,29.812,10.4,13.8,36.2,0.12899999999999778
3261,2022-10-10 00:00:00,26.5,89.0,23.7,30.0,1.7,2.9,283.0,0.29,6.3,0.0,30.0,24.1,92.0,86.0,30.116,29.853,6.9,8.1,30.0,0.2629999999999981
3262,2022-10-11 00:00:00,33.3,77.0,26.3,30.0,1.8,3.0,283.0,0.54,6.55,0.0,49.1,21.6,90.0,51.0,30.143,29.753,9.2,17.3,49.1,0.39000000000000057
3263,2022-10-12 00:00:00,44.1,39.0,19.3,29.8,8.5,12.6,282.0,0.54,6.55,0.0,55.7,33.4,85.0,22.0,29.9,29.646,20.7,29.9,55.7,0.2539999999999978
3264,2022-10-13 00:00:00,46.3,37.0,18.3,29.6,8.3,11.9,282.0,0.56,6.57,0.0,56.3,25.0,89.0,20.0,29.825,29.412,20.7,25.3,56.3,0.41300000000000026
3265,2022-10-14 00:00:00,17.9,83.0,13.7,30.2,1.5,2.5,288.0,0.72,6.73,0.0,25.0,7.4,89.0,78.0,30.567,29.531,8.1,11.5,25.0,1.0360000000000014
3266,2022-10-15 00:00:00,19.9,69.0,10.8,30.5,1.1,1.7,283.0,0.83,6.84,0.0,42.1,-0.0,82.0,41.0,30.811,30.4,8.1,10.4,42.1,0.41100000000000136
3267,2022-10-16 00:00:00,31.1,68.0,20.6,30.4,1.0,1.7,283.0,0.83,6.84,0.0,49.8,15.7,87.0,39.0,30.577,30.297,9.2,11.5,49.8,0.28000000000000114
3268,2022-10-17 00:00:00,34.7,69.0,24.5,30.4,1.1,2.2,283.0,0.84,6.85,0.0,50.5,21.1,90.0,41.0,30.57,30.212,8.1,12.7,50.5,0.35800000000000054
3269,2022-10-18 00:00:00,40.3,59.0,23.4,30.1,2.2,3.6,283.0,0.85,6.86,0.0,62.1,23.2,91.0,16.0,30.336,29.917,12.7,20.7,62.1,0.41899999999999693
3270,2022-10-19 00:00:00,44.9,46.0,22.9,30.1,2.2,3.9,283.0,0.85,6.86,0.0,60.1,29.1,79.0,18.0,30.321,29.915,10.4,16.1,60.1,0.40600000000000236
3271,2022-10-20 00:00:00,40.7,56.0,23.0,30.3,1.2,2.2,283.0,0.85,6.86,0.0,61.5,23.5,87.0,21.0,30.492,30.101,8.1,11.5,61.5,0.3910000000000018
3272,2022-10-21 00:00:00,48.9,43.0,24.1,30.0,5.0,7.7,282.0,0.85,6.86,0.0,67.1,26.1,83.0,19.0,30.125,29.753,17.3,26.5,67.1,0.3719999999999999
3273,2022-10-22 00:00:00,45.3,55.0,27.6,30.0,1.5,2.7,282.0,0.85,6.86,0.0,66.1,29.4,87.0,21.0,30.154,29.882,8.1,12.7,66.1,0.27199999999999847
3274,2022-10-23 00:00:00,43.8,65.0,31.2,30.0,1.7,2.9,282.0,0.85,6.86,0.0,62.4,31.9,85.0,20.0,30.081,29.789,10.4,12.7,62.4,0.29199999999999804
3275,2022-10-24 00:00:00,45.9,53.0,27.5,29.8,2.7,4.6,282.0,0.85,6.86,0.0,57.3,35.9,81.0,23.0,29.947,29.71,12.7,19.6,57.2,0.23699999999999832
3276,2022-10-25 00:00:00,46.7,40.0,22.7,29.8,4.5,7.2,283.0,0.85,6.86,0.0,61.8,35.0,60.0,19.0,29.933,29.682,13.8,19.6,61.8,0.2510000000000012
3277,2022-10-26 00:00:00,48.4,35.0,21.6,29.8,9.7,14.4,283.0,0.85,6.86,0.0,58.7,42.6,48.0,19.0,29.979,29.759,20.7,31.1,58.7,0.21999999999999886
3278,2022-10-27 00:00:00,53.3,37.0,26.6,29.8,10.3,14.8,282.0,0.85,6.86,0.0,64.5,38.3,78.0,24.0,29.935,29.65,28.8,38.0,64.5,0.28500000000000014
3279,2022-10-28 00:00:00,49.4,48.0,25.2,29.9,5.3,7.6,282.0,0.85,6.86,0.0,67.3,30.9,90.0,19.0,30.04,29.663,18.4,25.3,67.3,0.3769999999999989
3280,2022-10-29 00:00:00,56.1,21.0,16.0,29.6,8.5,12.4,282.0,0.86,6.87,0.0,66.8,40.3,59.0,13.0,29.731,29.402,26.5,39.1,66.8,0.3290000000000006
3281,2022-10-30 00:00:00,31.5,87.0,28.2,29.9,1.9,3.1,275.0,0.99,7.0,0.0,40.3,27.8,92.0,60.0,30.121,29.623,9.2,16.1,40.2,0.49799999999999756
3282,2022-10-31 00:00:00,30.8,75.0,22.8,30.0,2.1,3.3,262.0,1.25,7.26,0.0,40.2,22.9,92.0,22.0,30.221,29.834,16.1,26.5,40.2,0.38700000000000045
3283,2022-11-01 00:00:00,36.5,46.0,17.6,29.9,7.1,10.4,283.0,0.0,7.26,0.0,43.6,30.7,63.0,34.0,29.972,29.812,19.6,26.5,43.6,0.16000000000000014
3284,2022-11-02 00:00:00,43.6,51.0,26.3,29.7,9.8,14.8,283.0,0.02,7.28,0.0,51.0,34.0,77.0,34.0,29.907,29.459,28.8,42.6,51.0,0.4480000000000004
3285,2022-11-03 00:00:00,35.8,62.0,23.5,29.8,4.5,6.9,283.0,0.02,7.28,0.0,46.8,29.5,84.0,27.0,30.064,29.504,21.9,31.1,46.8,0.5599999999999987
3286,2022-11-04 00:00:00,36.1,52.0,20.1,29.7,8.3,12.6,282.0,0.02,7.28,0.0,41.3,29.1,73.0,43.0,29.994,29.478,26.5,34.5,41.3,0.5159999999999982
3287,2022-11-05 00:00:00,34.5,48.0,15.9,29.7,7.4,11.4,283.0,0.02,7.28,0.0,40.9,27.0,80.0,27.0,29.831,29.546,20.7,36.8,40.9,0.28500000000000014
3288,2022-11-06 00:00:00,30.1,46.0,10.5,30.0,6.2,9.3,283.0,0.02,7.28,0.0,38.0,22.4,76.0,23.0,30.115,29.827,20.7,32.2,38.0,0.2879999999999967
3289,2022-11-07 00:00:00,26.1,57.0,10.8,30.1,3.5,5.2,283.0,0.02,7.28,0.0,38.3,16.5,80.0,22.0,30.231,29.989,17.3,25.3,38.3,0.24200000000000088
3290,2022-11-10 00:00:00,34.6,34.0,3.3,29.9,8.3,11.9,283.0,0.02,7.28,0.0,45.4,24.1,82.0,11.0,30.382,29.721,27.6,34.5,45.4,0.6610000000000014
3291,2022-11-11 00:00:00,17.3,81.0,12.6,30.3,2.8,4.3,283.0,0.02,7.28,0.0,24.1,11.9,84.0,77.0,30.545,29.956,10.4,13.8,24.1,0.5890000000000022
3292,2022-11-12 00:00:00,14.2,63.0,2.4,30.6,2.3,3.7,283.0,0.09,7.35,0.0,26.9,6.3,82.0,27.0,30.746,30.483,16.1,20.7,26.9,0.2629999999999981
3293,2022-11-15 00:00:00,41.3,29.0,10.7,29.9,6.7,9.8,283.0,0.1,7.36,0.0,53.1,27.9,57.0,19.0,30.456,29.857,20.7,32.2,53.1,0.5990000000000002
3294,2022-11-16 00:00:00,41.3,30.0,10.1,29.8,6.3,9.1,282.0,0.1,7.36,0.0,54.5,27.9,73.0,14.0,29.954,29.639,19.6,26.5,54.5,0.3150000000000013
3295,2022-11-17 00:00:00,20.6,85.0,16.7,30.2,2.7,4.5,283.0,0.11,7.37,0.0,30.6,7.9,91.0,73.0,30.426,29.879,8.1,11.5,30.6,0.546999999999997
3296,2022-11-18 00:00:00,22.0,47.0,0.6,30.3,7.0,10.0,283.0,0.21,7.47,0.0,39.9,-5.6,83.0,17.0,30.619,29.939,23.0,28.8,39.9,0.6799999999999997
3297,2022-11-19 00:00:00,31.2,36.0,4.6,30.1,5.4,7.8,283.0,0.21,7.47,0.0,43.9,15.6,74.0,16.0,30.264,29.949,19.6,28.8,43.9,0.3149999999999977
3298,2022-11-20 00:00:00,33.2,43.0,9.7,30.2,3.6,5.4,282.0,0.21,7.47,0.0,50.8,14.3,79.0,17.0,30.3,29.952,12.7,19.6,50.8,0.347999999999999
3299,2022-11-21 00:00:00,34.8,36.0,7.1,30.2,3.7,5.3,283.0,0.21,7.47,0.0,52.6,17.8,71.0,14.0,30.387,29.917,16.1,19.6,52.6,0.46999999999999886
3300,2022-11-22 00:00:00,40.9,31.0,9.9,29.7,7.4,10.9,283.0,0.21,7.47,0.0,49.8,31.5,72.0,13.0,29.936,29.52,20.7,28.8,49.8,0.41600000000000037
3301,2022-11-23 00:00:00,34.8,42.0,13.8,29.6,16.4,23.8,283.0,0.21,7.47,0.0,39.5,30.7,69.0,27.0,29.722,29.491,31.1,47.2,39.5,0.23100000000000165
3302,2022-11-24 00:00:00,30.8,63.0,19.2,29.5,7.8,11.7,283.0,0.22,7.48,0.0,38.0,22.5,87.0,43.0,29.967,29.329,20.7,40.3,38.0,0.6379999999999981
3303,2022-11-25 00:00:00,24.8,39.0,2.7,30.2,6.0,9.1,283.0,0.23,7.49,0.0,31.9,13.8,56.0,24.0,30.289,29.965,19.6,29.9,31.9,0.3240000000000016
3304,2022-11-26 00:00:00,32.6,29.0,3.3,30.1,11.1,15.9,283.0,0.23,7.49,0.0,43.8,24.4,36.0,22.0,30.197,29.919,23.0,33.4,43.8,0.2779999999999987
3305,2022-11-27 00:00:00,39.1,29.0,8.8,29.8,10.2,14.7,283.0,0.23,7.49,0.0,45.7,34.7,41.0,19.0,29.976,29.543,23.0,34.5,45.7,0.43299999999999983
3306,2022-11-28 00:00:00,39.5,42.0,17.8,29.6,13.3,18.6,282.0,0.23,7.49,0.0,44.5,35.0,57.0,32.0,29.645,29.482,32.2,43.7,44.5,0.16300000000000026
3307,2022-12-01 00:00:00,28.4,38.0,5.4,29.6,12.3,17.8,283.0,0.0,7.52,0.0,34.1,21.6,50.0,27.0,29.727,29.414,26.5,33.4,34.1,0.31299999999999883
3308,2022-12-02 00:00:00,20.4,54.0,5.4,29.9,2.4,4.2,283.0,0.0,7.52,0.0,30.6,7.0,84.0,28.0,30.13,29.709,12.7,18.4,30.6,0.4209999999999994
3309,2022-12-03 00:00:00,12.7,77.0,6.8,30.3,0.7,1.3,283.0,0.08,7.6,0.0,26.3,1.3,84.0,60.0,30.506,30.05,9.2,11.5,26.3,0.4559999999999995
3310,2022-12-04 00:00:00,18.8,36.0,-5.3,30.3,13.1,19.0,283.0,0.08,7.6,0.0,26.4,1.5,81.0,14.0,30.462,30.156,24.2,40.3,26.4,0.30600000000000094
3311,2022-12-10 00:00:00,40.0,12.0,-10.5,30.0,5.7,8.1,282.0,0.08,7.6,0.0,51.6,25.7,46.0,6.0,30.108,29.764,17.3,24.2,51.6,0.3440000000000012
3312,2022-12-11 00:00:00,39.5,19.0,-1.2,29.8,12.4,17.9,282.0,0.08,7.6,0.0,45.2,35.0,28.0,8.0,29.986,29.677,28.8,40.3,45.2,0.30900000000000105
3313,2022-12-12 00:00:00,36.1,27.0,4.1,29.6,12.6,17.1,283.0,0.08,7.6,0.0,39.3,30.9,51.0,17.0,29.721,29.53,26.5,36.8,39.3,0.19099999999999895
3314,2022-12-13 00:00:00,33.8,23.0,-1.6,30.2,5.3,8.1,283.0,0.08,7.6,0.0,41.5,25.4,48.0,12.0,30.326,29.721,17.3,26.5,41.5,0.6050000000000004
3315,2022-12-14 00:00:00,38.2,28.0,6.8,30.1,3.5,5.6,282.0,0.08,7.6,0.0,52.0,24.8,47.0,16.0,30.346,29.807,15.0,24.2,52.0,0.5390000000000015
3316,2022-12-15 00:00:00,42.6,22.0,6.3,29.9,10.0,14.5,282.0,0.08,7.6,0.0,50.1,38.3,28.0,15.0,30.068,29.751,24.2,32.2,50.1,0.31700000000000017
3317,2022-12-16 00:00:00,39.7,27.0,5.1,30.1,3.6,5.5,283.0,0.08,7.6,0.0,56.7,17.3,57.0,10.0,30.319,29.913,17.3,26.5,56.7,0.4059999999999988
3318,2022-12-17 00:00:00,37.3,35.0,9.6,30.0,6.4,9.5,283.0,0.08,7.6,0.0,53.6,12.9,64.0,19.0,30.331,29.739,17.3,26.5,53.6,0.5919999999999987
3319,2022-12-18 00:00:00,38.7,37.0,14.5,29.8,11.9,17.1,283.0,0.08,7.6,0.0,42.8,35.0,52.0,27.0,29.829,29.67,25.3,36.8,42.8,0.15899999999999892
3320,2022-12-19 00:00:00,30.7,58.0,16.9,29.9,7.9,12.7,283.0,0.12,7.64,0.0,38.8,26.9,89.0,35.0,30.179,29.64,23.0,38.0,38.8,0.5389999999999979
3321,2022-12-20 00:00:00,30.7,38.0,7.7,30.2,7.6,11.0,283.0,0.12,7.64,0.0,41.5,18.0,56.0,30.0,30.284,30.044,19.6,31.1,41.5,0.23999999999999844
3322,2022-12-21 00:00:00,38.5,38.0,14.4,29.6,18.8,25.9,282.0,0.12,7.64,0.0,44.8,34.9,46.0,23.0,30.146,29.526,27.6,46.0,44.8,0.620000000000001
3323,2022-12-22 00:00:00,28.0,44.0,7.1,29.9,8.2,12.1,283.0,0.12,7.64,0.0,35.8,21.0,84.0,23.0,30.224,29.609,19.6,33.4,35.8,0.6149999999999984
3324,2022-12-23 00:00:00,31.7,23.0,-3.1,30.1,11.0,16.0,283.0,0.12,7.64,0.0,40.8,22.7,44.0,11.0,30.246,29.866,24.2,38.0,40.8,0.379999999999999
3325,2022-12-24 00:00:00,32.1,47.0,14.0,29.9,4.9,7.4,283.0,0.12,7.64,0.0,40.1,23.5,60.0,34.0,29.955,29.765,21.9,27.6,40.1,0.18999999999999773
3326,2022-12-25 00:00:00,24.0,60.0,11.1,30.0,0.7,1.2,283.0,0.12,7.64,0.0,41.1,13.3,76.0,27.0,30.126,29.785,6.9,11.5,41.1,0.3410000000000011
3327,2022-12-26 00:00:00,23.4,73.0,14.9,29.8,2.1,3.4,283.0,0.12,7.64,0.0,42.8,10.2,89.0,33.0,29.974,29.59,13.8,19.6,42.8,0.38400000000000034
3328,2022-12-27 00:00:00,15.4,76.0,9.1,29.9,1.9,3.4,283.0,0.13,7.65,0.0,21.6,9.2,89.0,62.0,30.126,29.594,9.2,11.5,21.6,0.532
3329,2022-12-28 00:00:00,10.2,73.0,3.1,30.2,1.4,2.4,283.0,0.13,7.65,0.0,16.5,4.7,78.0,59.0,30.336,30.084,8.1,11.5,16.5,0.2519999999999989
3330,2022-12-29 00:00:00,18.9,44.0,-2.1,30.2,8.9,12.4,283.0,0.13,7.65,0.0,32.4,-5.0,76.0,17.0,30.411,29.847,20.7,31.1,32.4,0.5640000000000001
3331,2022-12-30 00:00:00,30.8,42.0,10.2,29.6,8.8,12.5,283.0,0.13,7.65,0.0,39.6,17.5,64.0,30.0,29.858,29.405,27.6,39.1,39.6,0.4529999999999994
3332,2022-12-31 00:00:00,9.5,67.0,0.5,30.0,2.0,3.7,283.0,0.13,7.65,0.0,22.9,-6.3,74.0,44.0,30.52,29.525,10.4,16.1,22.9,0.995000000000001
3333,2022-01-01 00:00:00,2.4,67.0,-6.5,30.4,0.2,0.4,283.0,0.01,0.01,0.0,20.2,-11.0,79.0,47.0,30.575,30.227,4.6,6.9,20.0,0.347999999999999
3334,2022-01-02 00:00:00,13.7,57.0,-0.8,30.3,0.4,0.7,283.0,0.02,0.02,0.0,41.3,-5.9,77.0,20.0,30.575,30.054,8.1,11.5,41.3,0.5210000000000008
3335,2022-01-03 00:00:00,31.9,45.0,10.0,30.0,3.3,5.1,283.0,0.02,0.02,0.0,54.2,5.8,80.0,19.0,30.248,29.735,16.1,24.2,54.2,0.5130000000000017
3336,2022-01-04 00:00:00,44.0,24.0,9.1,29.8,10.0,13.8,282.0,0.02,0.02,0.0,55.1,34.6,35.0,15.0,29.909,29.647,27.6,34.5,55.1,0.26200000000000045
3337,2022-01-05 00:00:00,43.7,25.0,7.9,29.8,6.4,9.4,283.0,0.02,0.02,0.0,54.5,32.4,49.0,11.0,29.846,29.626,26.5,31.1,54.5,0.21999999999999886
3338,2022-01-06 00:00:00,36.2,47.0,16.9,29.5,5.9,8.8,283.0,0.02,0.02,0.0,43.2,27.6,87.0,28.0,29.64,29.406,17.3,26.5,43.2,0.23400000000000176
3339,2022-01-07 00:00:00,30.1,53.0,14.5,29.8,11.5,16.5,283.0,0.02,0.02,0.0,35.2,25.6,78.0,37.0,29.998,29.591,31.1,42.6,35.2,0.40700000000000003
3340,2022-01-08 00:00:00,33.1,42.0,11.3,30.1,10.1,8.7,317.0,0.02,0.02,0.0,49.4,17.0,70.0,20.0,30.445,29.891,34.5,47.2,49.4,0.554000000000002
3341,2022-01-12 00:00:00,26.7,66.0,16.4,30.2,1.5,2.5,283.0,0.05,0.05,0.0,43.8,12.9,79.0,28.0,30.312,30.103,9.2,12.7,43.8,0.20899999999999963
3342,2022-01-13 00:00:00,16.9,61.0,4.4,30.4,0.5,1.1,283.0,0.05,0.05,0.0,37.8,2.4,80.0,24.0,30.546,30.239,6.9,12.7,37.8,0.3069999999999986
3343,2022-01-14 00:00:00,18.2,52.0,-0.2,30.4,0.5,0.9,283.0,0.05,0.05,0.0,43.6,-1.4,79.0,11.0,30.633,30.207,5.8,11.5,43.6,0.4259999999999984
3344,2022-01-15 00:00:00,33.1,44.0,12.6,30.1,6.7,9.5,283.0,0.05,0.05,0.0,46.1,7.0,71.0,27.0,30.229,29.868,20.7,28.8,46.1,0.36100000000000065
3345,2022-01-16 00:00:00,32.9,56.0,18.5,29.9,4.2,6.4,283.0,0.05,0.05,0.0,40.6,24.5,74.0,36.0,29.948,29.813,16.1,26.5,40.6,0.13500000000000156
3346,2022-01-17 00:00:00,38.4,40.0,15.3,29.7,12.3,17.7,282.0,0.05,0.05,0.0,45.8,32.2,60.0,23.0,29.913,29.492,34.5,49.5,45.8,0.4209999999999994
3347,2022-01-18 00:00:00,30.2,63.0,18.6,29.8,5.2,7.7,283.0,0.06,0.06,0.0,37.5,25.4,83.0,40.0,30.158,29.508,17.3,25.3,37.5,0.6500000000000021
3348,2022-01-19 00:00:00,31.6,42.0,10.9,30.1,13.6,18.4,283.0,0.06,0.06,0.0,38.9,24.1,54.0,31.0,30.245,29.969,26.5,40.3,38.9,0.2759999999999998
3349,2022-01-20 00:00:00,40.8,37.0,15.8,29.8,10.8,15.5,283.0,0.06,0.06,0.0,47.6,35.3,53.0,26.0,30.029,29.551,25.3,40.3,47.6,0.47800000000000153
3350,2022-01-21 00:00:00,36.2,44.0,12.6,29.4,8.6,12.7,283.0,0.06,0.06,0.0,47.7,19.2,86.0,16.0,29.615,29.225,26.5,31.1,47.7,0.389999999999997
3351,2022-01-22 00:00:00,20.4,42.0,0.5,30.0,7.7,11.6,283.0,0.1,0.1,0.0,28.8,16.1,72.0,28.0,30.207,29.615,27.6,38.0,28.8,0.5920000000000023
3352,2022-01-23 00:00:00,23.5,39.0,2.0,30.0,14.4,20.4,283.0,0.1,0.1,0.0,29.0,16.5,47.0,27.0,30.184,29.852,31.1,42.6,29.0,0.33200000000000074
3353,2022-01-24 00:00:00,21.1,58.0,8.1,30.1,4.2,7.0,283.0,0.13,0.13,0.0,28.2,12.4,82.0,33.0,30.294,29.982,20.7,26.5,28.2,0.31200000000000117
3354,2022-01-25 00:00:00,24.7,42.0,4.3,30.1,8.6,12.5,283.0,0.13,0.13,0.0,33.2,18.0,70.0,25.0,30.172,29.986,23.0,34.5,33.2,0.18599999999999994
3355,2022-01-26 00:00:00,29.2,39.0,6.9,30.1,10.6,15.9,283.0,0.13,0.13,0.0,37.9,21.9,53.0,26.0,30.223,30.006,23.0,35.7,37.9,0.21699999999999875
3356,2022-01-27 00:00:00,35.5,41.0,13.7,29.8,15.9,22.6,282.0,0.13,0.13,0.0,44.2,29.1,61.0,29.0,30.058,29.511,29.9,48.3,44.2,0.5470000000000006
3357,2022-01-28 00:00:00,21.3,57.0,7.2,30.1,4.6,7.4,283.0,0.13,0.13,0.0,31.8,9.5,80.0,26.0,30.304,29.717,17.3,26.5,31.8,0.5869999999999997
3358,2022-01-29 00:00:00,25.8,22.0,-8.3,30.0,7.7,12.4,283.0,0.13,0.13,0.0,35.6,15.7,40.0,14.0,30.163,29.86,21.9,34.5,35.6,0.3030000000000008
3359,2022-01-30 00:00:00,31.9,15.0,-10.6,29.8,15.0,21.4,283.0,0.13,0.13,0.0,41.8,20.5,24.0,10.0,29.89,29.676,29.9,46.0,41.8,0.2140000000000022
3360,2022-01-31 00:00:00,36.6,21.0,0.5,29.8,11.1,16.1,282.0,0.13,0.13,0.0,44.6,30.3,27.0,16.0,29.904,29.699,21.9,34.5,44.6,0.2049999999999983
3361,2022-02-01 00:00:00,40.0,27.0,7.2,29.8,5.0,7.5,282.0,0.0,0.13,0.0,54.1,25.8,44.0,15.0,29.98,29.666,18.4,26.5,54.1,0.31400000000000006
3362,2022-02-02 00:00:00,41.5,30.0,11.8,29.6,10.9,16.2,283.0,0.0,0.13,0.0,47.7,36.6,38.0,23.0,29.785,29.477,24.2,33.4,47.7,0.30799999999999983
3363,2022-02-03 00:00:00,42.3,36.0,16.7,29.3,9.5,14.2,283.0,0.0,0.13,0.0,50.2,34.3,44.0,24.0,29.503,29.175,26.5,44.9,50.2,0.3279999999999994
3364,2022-02-04 00:00:00,38.5,39.0,14.3,29.5,7.4,11.4,283.0,0.0,0.13,0.0,46.2,32.5,72.0,20.0,29.641,29.381,19.6,26.5,46.2,0.259999999999998
3365,2022-02-05 00:00:00,36.5,40.0,13.2,29.4,7.4,10.9,283.0,0.0,0.13,0.0,42.6,26.9,66.0,23.0,29.496,29.343,21.9,31.1,42.6,0.1529999999999987
3366,2022-02-06 00:00:00,13.9,72.0,6.6,29.7,3.5,5.6,283.0,0.0,0.13,0.0,27.5,-3.5,82.0,59.0,30.108,29.392,11.5,16.1,27.5,0.7160000000000011
3367,2022-02-07 00:00:00,6.9,46.0,-10.9,30.3,8.9,13.6,283.0,0.0,0.13,0.0,15.1,-10.0,76.0,27.0,30.431,30.086,27.6,42.6,15.1,0.3450000000000024
3368,2022-02-08 00:00:00,24.3,19.0,-12.9,30.2,6.0,9.2,283.0,0.0,0.13,0.0,37.3,12.9,30.0,9.0,30.367,29.956,20.7,28.8,37.3,0.41100000000000136
3369,2022-02-09 00:00:00,25.9,39.0,0.9,29.9,2.0,3.7,283.0,0.0,0.13,0.0,46.4,10.0,69.0,7.0,30.212,29.642,11.5,16.1,46.4,0.5700000000000003
3370,2022-02-10 00:00:00,27.4,40.0,3.7,29.7,6.8,10.5,283.0,0.0,0.13,0.0,39.9,13.5,73.0,13.0,29.896,29.61,27.6,35.7,39.9,0.28600000000000136
3371,2022-02-11 00:00:00,23.8,34.0,-2.8,29.7,10.1,15.3,283.0,0.0,0.13,0.0,33.8,13.6,70.0,12.0,29.947,29.573,28.8,42.6,33.8,0.3739999999999988
3372,2022-02-12 00:00:00,28.7,25.0,-3.7,30.0,11.7,18.1,283.0,0.0,0.13,0.0,39.2,19.5,42.0,15.0,30.141,29.821,26.5,42.6,39.2,0.31999999999999673
3373,2022-02-13 00:00:00,36.8,31.0,5.5,29.5,19.4,28.1,282.0,0.0,0.13,0.0,47.4,31.2,71.0,11.0,29.834,29.344,33.4,51.8,47.4,0.48999999999999844
3374,2022-02-14 00:00:00,33.3,62.0,21.3,29.5,9.6,13.5,283.0,0.0,0.13,0.0,43.9,21.8,82.0,43.0,29.681,29.389,24.2,34.5,43.9,0.2920000000000016
3375,2022-02-15 00:00:00,35.3,48.0,15.7,29.5,11.5,16.6,282.0,0.0,0.13,0.0,43.3,19.5,90.0,27.0,29.626,29.323,32.2,41.4,43.3,0.3030000000000008
3376,2022-02-16 00:00:00,25.2,49.0,7.8,29.5,7.0,10.4,283.0,0.06,0.19,0.0,32.5,15.1,86.0,33.0,29.757,29.317,24.2,35.7,32.5,0.4400000000000013
3377,2022-02-17 00:00:00,16.7,52.0,0.3,29.9,6.3,9.2,283.0,0.06,0.19,0.0,31.3,8.6,79.0,20.0,30.138,29.75,17.3,25.3,31.3,0.3880000000000017
3378,2022-02-18 00:00:00,7.9,69.0,-0.3,30.2,2.9,4.6,283.0,0.07,0.2,0.0,17.3,1.8,78.0,51.0,30.344,30.081,10.4,13.8,17.3,0.2630000000000017
3379,2022-02-19 00:00:00,7.4,71.0,-0.3,30.0,1.9,3.3,283.0,0.07,0.2,0.0,20.8,-2.8,79.0,45.0,30.207,29.731,11.5,18.4,20.8,0.4759999999999991
3380,2022-02-20 00:00:00,13.9,37.0,-7.7,29.8,11.9,17.3,283.0,0.07,0.2,0.0,22.7,7.4,51.0,27.0,29.918,29.601,25.3,36.8,22.7,0.31700000000000017
3381,2022-02-21 00:00:00,13.5,61.0,1.5,29.9,2.0,3.4,283.0,0.07,0.2,0.0,29.8,-2.2,80.0,28.0,30.123,29.775,11.5,13.8,29.8,0.34800000000000253
3382,2022-02-22 00:00:00,18.5,76.0,12.0,29.9,1.1,1.9,283.0,0.1,0.23,0.0,30.7,3.2,85.0,56.0,30.047,29.693,11.5,16.1,30.7,0.3539999999999992
3383,2022-02-23 00:00:00,20.9,48.0,2.9,29.9,9.2,13.3,283.0,0.11,0.24,0.0,31.3,15.7,86.0,23.0,30.186,29.732,31.1,41.4,31.2,0.4540000000000006
3384,2022-02-24 00:00:00,26.8,33.0,0.8,30.1,14.2,20.0,283.0,0.11,0.24,0.0,36.8,18.4,54.0,22.0,30.235,29.818,26.5,41.4,36.7,0.41699999999999804
3385,2022-02-25 00:00:00,35.8,31.0,7.9,29.8,14.1,19.4,283.0,0.11,0.24,0.0,43.8,29.8,41.0,23.0,29.862,29.674,29.9,42.6,43.8,0.18799999999999883
3386,2022-02-26 00:00:00,42.7,27.0,10.4,29.7,14.2,19.9,283.0,0.11,0.24,0.0,51.3,35.6,35.0,21.0,29.788,29.611,26.5,42.6,51.3,0.1769999999999996
3387,2022-02-27 00:00:00,41.4,34.0,14.3,29.7,10.4,14.8,283.0,0.11,0.24,0.0,51.1,34.0,57.0,21.0,29.864,29.633,20.7,35.7,51.1,0.23100000000000165
3388,2022-02-28 00:00:00,38.3,42.0,17.4,29.6,16.8,26.0,280.0,0.11,0.24,0.0,38.5,38.2,44.0,42.0,29.638,29.616,18.4,34.5,38.5,0.022000000000002022
3389,2022-03-02 00:00:00,11.6,80.0,6.8,30.1,4.4,6.4,283.0,0.0,0.13,0.0,36.2,1.5,84.0,60.0,30.215,29.73,10.4,13.8,36.2,0.48499999999999943
3390,2022-03-03 00:00:00,1.0,74.0,-5.3,30.4,2.1,3.3,283.0,0.05,0.18,0.0,12.4,-10.0,79.0,70.0,30.554,30.213,8.1,17.3,12.4,0.3409999999999975
3391,2022-03-04 00:00:00,5.9,68.0,-2.5,30.4,2.3,3.9,283.0,0.14,0.27,0.0,22.5,-13.8,81.0,43.0,30.679,30.173,13.8,24.2,22.5,0.5060000000000002
3392,2022-03-05 00:00:00,27.0,46.0,8.8,30.2,6.4,9.3,283.0,0.17,0.3,0.0,37.6,11.1,63.0,31.0,30.427,29.853,20.7,32.2,37.6,0.5739999999999981
3393,2022-03-06 00:00:00,36.6,70.0,27.0,29.7,7.2,10.5,283.0,0.29,0.42,0.0,45.7,25.8,93.0,43.0,29.865,29.584,27.6,40.3,45.7,0.2809999999999988
3394,2022-03-07 00:00:00,36.7,54.0,20.9,29.7,8.0,11.3,283.0,0.37,0.5,0.0,44.2,26.0,93.0,33.0,29.777,29.572,21.9,32.2,44.2,0.20500000000000185
3395,2022-03-08 00:00:00,33.6,62.0,21.3,29.5,2.7,4.4,283.0,0.37,0.5,0.0,43.1,25.7,91.0,42.0,29.791,29.239,15.0,26.5,43.1,0.5519999999999996
3396,2022-03-09 00:00:00,28.7,46.0,10.2,29.6,12.7,17.9,283.0,0.37,0.5,0.0,32.8,21.8,71.0,29.0,29.955,29.256,31.1,49.5,32.8,0.6989999999999981
3397,2022-03-10 00:00:00,28.3,65.0,16.9,30.0,3.4,4.9,283.0,0.38,0.51,0.0,41.1,16.5,84.0,34.0,30.153,29.845,13.8,19.6,41.1,0.30799999999999983
3398,2022-03-11 00:00:00,29.8,64.0,18.3,30.1,2.2,3.6,283.0,0.38,0.51,0.0,45.2,15.2,83.0,36.0,30.274,29.853,16.1,21.9,45.2,0.4209999999999994
3399,2022-03-12 00:00:00,38.5,52.0,20.8,29.6,3.6,5.3,282.0,0.38,0.51,0.0,54.4,22.9,79.0,26.0,29.915,29.274,18.4,24.2,54.4,0.6409999999999982
3400,2022-03-13 00:00:00,24.1,83.0,19.7,29.4,6.8,10.6,282.0,0.39,0.52,0.0,35.6,19.5,94.0,66.0,29.827,28.875,24.2,34.5,35.6,0.9520000000000017
3401,2022-03-14 00:00:00,22.5,48.0,4.9,30.1,4.6,7.0,281.0,0.63,0.76,0.0,34.3,10.7,69.0,27.0,30.376,29.784,24.2,38.0,34.3,0.5920000000000023
3402,2022-03-15 00:00:00,24.1,48.0,4.9,30.3,3.8,5.8,280.0,0.69,0.82,0.0,39.9,6.9,77.0,20.0,30.469,30.174,15.0,19.6,39.9,0.2950000000000017
3403,2022-03-16 00:00:00,26.8,60.0,13.6,30.3,1.8,3.2,283.0,0.69,0.82,0.0,41.3,10.9,81.0,26.0,30.464,30.238,11.5,13.8,41.3,0.2259999999999991
3404,2022-03-17 00:00:00,30.8,56.0,15.0,30.2,3.1,5.2,283.0,0.69,0.82,0.0,44.6,13.1,85.0,23.0,30.321,30.184,12.7,17.3,44.6,0.13700000000000045
3405,2022-03-18 00:00:00,30.6,62.0,18.1,30.2,2.9,4.4,283.0,0.69,0.82,0.0,47.9,16.9,81.0,26.0,30.282,29.958,17.3,21.9,47.9,0.3240000000000016
3406,2022-03-19 00:00:00,30.3,48.0,9.4,30.2,3.3,5.2,283.0,0.69,0.82,0.0,43.6,20.2,85.0,14.0,30.285,29.99,16.1,24.2,43.6,0.2950000000000017
3407,2022-03-20 00:00:00,31.4,41.0,8.6,30.3,1.6,2.9,283.0,0.69,0.82,0.0,51.4,11.1,69.0,13.0,30.46,30.188,10.4,17.3,51.4,0.272000000000002
3408,2022-03-21 00:00:00,33.9,53.0,16.1,30.1,1.5,2.8,283.0,0.69,0.82,0.0,49.8,18.1,78.0,21.0,30.272,29.882,8.1,12.7,49.8,0.389999999999997
3409,2022-03-22 00:00:00,34.1,68.0,24.0,29.8,2.9,4.6,283.0,0.69,0.82,0.0,46.8,26.7,91.0,40.0,29.945,29.676,17.3,24.2,46.8,0.2690000000000019
3410,2022-03-23 00:00:00,37.7,41.0,15.7,29.8,10.7,15.5,283.0,0.71,0.84,0.0,46.1,33.7,50.0,29.0,29.924,29.683,21.9,32.2,46.1,0.24099999999999966
3411,2022-03-24 00:00:00,37.2,56.0,21.1,29.9,4.3,6.4,282.0,0.78,0.91,0.0,47.9,29.0,92.0,27.0,30.079,29.842,15.0,31.1,47.9,0.23700000000000188
3412,2022-03-25 00:00:00,35.9,45.0,12.8,30.2,6.4,9.7,282.0,0.79,0.92,0.0,48.8,24.5,92.0,14.0,30.275,30.05,23.0,38.0,48.8,0.22499999999999787
3413,2022-03-26 00:00:00,42.8,31.0,9.4,30.0,5.7,8.1,282.0,0.79,0.92,0.0,59.3,22.7,68.0,11.0,30.23,29.768,19.6,26.5,59.3,0.46199999999999974
3414,2022-03-27 00:00:00,49.1,31.0,17.1,29.7,6.0,8.5,282.0,0.79,0.92,0.0,63.7,30.9,63.0,12.0,29.947,29.594,20.7,34.5,63.7,0.352999999999998
3415,2022-03-28 00:00:00,48.3,38.0,18.3,29.7,6.8,9.9,282.0,0.79,0.92,0.0,60.9,34.3,91.0,11.0,29.81,29.582,24.2,40.3,60.9,0.22799999999999798
3416,2022-03-29 00:00:00,35.5,69.0,23.7,29.8,5.0,7.9,283.0,0.79,0.92,0.0,48.2,25.4,93.0,21.0,30.036,29.617,20.7,32.2,48.2,0.4190000000000005
3417,2022-03-30 00:00:00,25.6,73.0,18.2,30.3,2.4,4.4,282.0,0.84,0.97,0.0,31.2,20.5,88.0,57.0,30.375,30.025,8.1,13.8,31.2,0.3500000000000014
3418,2022-03-31 00:00:00,29.9,58.0,16.4,30.2,1.9,3.5,283.0,0.84,0.97,0.0,43.1,14.9,78.0,33.0,30.419,30.058,9.2,17.3,43.1,0.36100000000000065
3419,2022-04-01 00:00:00,35.4,44.0,13.0,30.0,5.2,8.2,283.0,0.0,1.08,0.0,49.9,18.1,82.0,17.0,30.08,29.779,18.4,25.3,49.9,0.3009999999999984
3420,2022-04-02 00:00:00,34.2,83.0,29.4,29.9,2.5,3.8,282.0,0.08,1.16,0.0,39.6,28.8,90.0,69.0,29.96,29.785,10.4,12.7,39.6,0.1750000000000007
3421,2022-04-03 00:00:00,39.3,67.0,27.3,29.7,4.1,6.0,283.0,0.1,1.18,0.0,50.7,30.7,92.0,27.0,29.863,29.669,17.3,26.5,50.7,0.19399999999999906
3422,2022-04-04 00:00:00,43.6,46.0,23.4,29.8,6.3,9.0,283.0,0.1,1.18,0.0,53.9,30.9,87.0,30.0,29.969,29.743,16.1,26.5,53.9,0.22600000000000264
3423,2022-04-05 00:00:00,45.8,38.0,17.7,29.7,4.0,6.3,282.0,0.1,1.18,0.0,60.5,31.6,72.0,14.0,29.867,29.56,15.0,25.3,60.5,0.30700000000000216
3424,2022-04-06 00:00:00,44.1,42.0,21.3,29.7,6.1,9.1,282.0,0.1,1.18,0.0,58.1,31.2,64.0,24.0,29.756,29.6,24.2,35.7,58.1,0.1559999999999988
3425,2022-04-07 00:00:00,47.9,28.0,15.9,29.8,11.0,15.7,282.0,0.1,1.18,0.0,60.4,37.2,43.0,18.0,29.937,29.673,21.9,35.7,60.4,0.2640000000000029
3426,2022-04-08 00:00:00,52.2,29.0,20.3,29.8,7.9,11.8,282.0,0.1,1.18,0.0,64.7,43.2,43.0,16.0,29.903,29.721,18.4,33.4,64.7,0.1819999999999986
3427,2022-04-09 00:00:00,52.5,28.0,17.2,29.5,8.3,11.8,282.0,0.1,1.18,0.0,65.6,35.9,59.0,12.0,29.815,29.234,25.3,34.5,65.6,0.5809999999999995
3428,2022-04-10 00:00:00,31.9,78.0,24.9,29.4,5.2,8.3,282.0,0.23,1.31,0.0,49.6,19.2,93.0,33.0,29.745,29.105,18.4,34.5,49.6,0.6400000000000006
3429,2022-04-11 00:00:00,24.5,56.0,10.2,29.7,5.0,8.0,282.0,0.31,1.39,0.0,32.4,18.3,85.0,38.0,29.787,29.644,15.0,27.6,32.4,0.14300000000000068
3430,2022-04-12 00:00:00,24.3,69.0,15.4,29.8,3.0,5.0,283.0,0.35,1.43,0.0,33.4,12.6,82.0,45.0,29.993,29.693,11.5,18.4,33.4,0.29999999999999716
3431,2022-04-13 00:00:00,29.3,75.0,22.1,29.9,2.4,4.4,283.0,0.36,1.44,0.0,38.5,23.3,89.0,44.0,30.011,29.831,16.1,26.5,38.5,0.17999999999999972
3432,2022-04-14 00:00:00,42.0,38.0,17.9,29.6,12.6,18.7,282.0,0.36,1.44,0.0,50.8,32.8,47.0,28.0,29.834,29.406,29.9,42.6,50.8,0.4280000000000008
3433,2022-04-15 00:00:00,50.3,33.0,21.4,29.5,8.0,11.1,282.0,0.36,1.44,0.0,60.4,38.8,71.0,21.0,29.598,29.373,23.0,32.2,60.4,0.22499999999999787
3434,2022-04-16 00:00:00,44.9,55.0,27.8,29.6,3.4,5.4,282.0,0.36,1.44,0.0,59.5,31.2,86.0,20.0,29.673,29.429,13.8,19.6,59.5,0.24399999999999977
3435,2022-04-17 00:00:00,46.9,42.0,23.6,29.6,5.7,8.9,282.0,0.36,1.44,0.0,58.4,36.5,67.0,18.0,29.837,29.422,16.1,24.2,58.4,0.41499999999999915
3436,2022-04-18 00:00:00,46.0,35.0,18.3,29.9,5.8,9.6,282.0,0.36,1.44,0.0,57.6,32.9,62.0,19.0,29.999,29.779,16.1,31.1,57.6,0.21999999999999886
3437,2022-04-19 00:00:00,52.4,32.0,20.6,29.8,4.9,7.6,282.0,0.36,1.44,0.0,69.1,31.8,67.0,12.0,30.023,29.652,19.6,31.1,72.4,0.37099999999999866
3438,2022-04-20 00:00:00,53.1,30.0,19.5,29.6,5.9,8.7,282.0,0.36,1.44,0.0,69.4,33.7,64.0,10.0,29.766,29.371,23.0,34.5,71.7,0.3949999999999996
3439,2022-04-21 00:00:00,46.4,59.0,30.7,29.6,3.0,4.9,282.0,0.52,1.6,0.0,57.0,37.8,92.0,26.0,29.905,29.375,15.0,34.5,57.0,0.5300000000000011
3440,2022-04-22 00:00:00,36.9,89.0,33.9,30.1,3.3,5.2,281.0,0.52,1.6,0.0,40.2,35.0,93.0,76.0,30.144,29.834,9.2,19.6,40.2,0.3099999999999987
3441,2022-04-23 00:00:00,44.6,65.0,32.3,29.9,1.9,3.6,282.0,0.52,1.6,0.0,58.6,29.3,92.0,35.0,30.142,29.76,12.7,17.3,58.6,0.3819999999999979
3442,2022-04-24 00:00:00,46.9,56.0,29.0,29.8,2.6,4.3,282.0,0.53,1.61,0.0,63.9,29.5,88.0,23.0,29.871,29.648,18.4,20.7,63.9,0.22299999999999898
3443,2022-04-25 00:00:00,46.2,56.0,30.0,29.9,2.5,4.5,282.0,0.54,1.62,0.0,56.7,34.3,88.0,32.0,30.026,29.667,11.5,20.7,56.7,0.3589999999999982
3444,2022-04-26 00:00:00,47.5,53.0,27.8,29.7,7.7,11.3,282.0,0.73,1.81,0.0,67.3,27.9,89.0,18.0,30.004,29.403,24.2,32.2,67.3,0.6010000000000026
3445,2022-04-27 00:00:00,49.1,45.0,27.4,29.6,10.4,15.6,282.0,0.73,1.81,0.0,58.1,39.8,78.0,26.0,29.694,29.4,29.9,48.3,58.1,0.2940000000000005
3446,2022-04-28 00:00:00,48.7,50.0,28.9,29.4,13.6,19.9,282.0,0.81,1.89,0.0,59.8,35.0,81.0,24.0,29.685,29.231,31.1,43.7,59.8,0.4539999999999971
3447,2022-04-29 00:00:00,26.2,85.0,22.3,30.0,2.1,3.7,282.0,0.82,1.9,0.0,35.0,21.3,91.0,77.0,30.112,29.685,10.4,12.7,35.0,0.4269999999999996
3448,2022-04-30 00:00:00,29.8,94.0,28.3,29.8,2.7,4.1,278.0,1.44,2.52,0.0,37.3,22.5,100.0,88.0,30.076,29.661,13.8,18.4,37.3,0.41499999999999915
3449,2022-05-01 00:00:00,34.6,71.0,25.0,29.8,6.6,10.0,282.0,0.17,2.69,0.0,41.6,27.9,100.0,35.0,30.04,29.664,19.6,33.4,41.6,0.37599999999999767
3450,2022-05-02 00:00:00,38.3,53.0,20.1,29.9,5.2,7.7,282.0,0.17,2.69,0.0,50.5,25.8,84.0,22.0,30.099,29.747,18.4,28.8,50.5,0.3520000000000003
3451,2022-05-03 00:00:00,43.5,40.0,17.9,29.8,4.6,7.0,282.0,0.17,2.69,0.0,58.3,27.5,73.0,17.0,29.913,29.695,17.3,27.6,58.3,0.21799999999999997
3452,2022-05-04 00:00:00,44.2,44.0,20.4,29.8,4.2,6.2,282.0,0.17,2.69,0.0,60.1,25.8,75.0,19.0,29.879,29.571,20.7,27.6,60.1,0.30799999999999983
3453,2022-05-05 00:00:00,48.4,42.0,22.9,29.6,4.1,6.4,282.0,0.17,2.69,0.0,65.3,30.3,76.0,15.0,29.734,29.521,21.9,29.9,65.3,0.21300000000000097
3454,2022-05-06 00:00:00,49.8,57.0,33.6,29.6,3.8,6.0,282.0,0.17,2.69,0.0,65.0,34.0,89.0,17.0,29.794,29.517,15.0,20.7,65.0,0.277000000000001
3455,2022-05-07 00:00:00,44.4,78.0,38.0,29.7,1.8,3.5,282.0,0.22,2.74,0.0,50.4,39.5,91.0,62.0,29.784,29.544,9.2,21.9,50.4,0.23999999999999844
3456,2022-05-08 00:00:00,35.5,88.0,32.3,29.8,1.6,3.1,283.0,0.43,2.95,0.0,42.3,29.3,94.0,72.0,30.023,29.607,11.5,17.3,42.3,0.41600000000000037
3457,2022-05-09 00:00:00,28.5,88.0,25.3,30.1,0.6,1.2,282.0,0.54,3.06,0.0,32.9,25.3,94.0,81.0,30.112,30.02,8.1,11.5,32.9,0.09199999999999875
3458,2022-05-10 00:00:00,35.0,77.0,28.4,30.0,1.9,3.4,281.0,0.54,3.06,0.0,46.2,26.1,89.0,56.0,30.096,29.796,11.5,13.8,46.2,0.3000000000000007
3459,2022-05-11 00:00:00,41.8,56.0,24.7,29.8,3.9,6.3,282.0,0.55,3.07,0.0,59.3,28.2,91.0,20.0,29.962,29.673,27.6,39.1,59.3,0.2890000000000015
3460,2022-05-12 00:00:00,48.9,48.0,24.3,29.7,3.4,5.8,282.0,0.56,3.08,0.0,68.8,27.2,94.0,15.0,29.925,29.559,13.8,20.7,73.5,0.36599999999999966
3461,2022-05-13 00:00:00,55.8,35.0,25.2,29.6,5.2,8.0,282.0,0.56,3.08,0.0,71.5,35.0,73.0,15.0,29.698,29.533,24.2,34.5,74.8,0.16499999999999915
3462,2022-05-14 00:00:00,53.8,43.0,27.7,29.7,4.3,6.4,282.0,0.56,3.08,0.0,71.6,34.9,75.0,15.0,29.858,29.595,19.6,29.9,74.4,0.2630000000000017
3463,2022-05-15 00:00:00,56.1,42.0,29.1,29.7,4.2,6.4,282.0,0.56,3.08,0.0,73.9,33.7,82.0,16.0,29.842,29.507,19.6,26.5,75.5,0.3349999999999973
3464,2022-05-16 00:00:00,53.7,55.0,35.5,29.5,1.9,3.1,281.0,0.58,3.1,0.0,70.3,41.6,81.0,20.0,29.653,29.372,20.7,27.6,75.4,0.2809999999999988
3465,2022-05-17 00:00:00,46.6,56.0,30.3,29.4,6.9,10.2,282.0,0.62,3.14,0.0,61.5,37.3,81.0,23.0,29.511,29.243,23.0,36.8,61.5,0.2680000000000007
3466,2022-05-18 00:00:00,44.7,40.0,20.5,29.5,7.6,11.5,283.0,0.62,3.14,0.0,55.1,34.7,85.0,22.0,29.697,29.442,17.3,36.8,55.1,0.254999999999999
3467,2022-05-19 00:00:00,37.4,81.0,31.8,29.7,3.6,5.7,282.0,0.73,3.25,0.0,48.9,32.4,92.0,51.0,29.814,29.655,16.1,19.6,48.9,0.15899999999999892
3468,2022-05-20 00:00:00,32.2,91.0,29.9,29.7,1.9,3.5,279.0,0.89,3.41,0.0,35.6,29.1,94.0,83.0,29.806,29.606,6.9,19.6,35.6,0.1999999999999993
3469,2022-05-21 00:00:00,31.5,87.0,27.9,29.5,2.4,4.4,283.0,1.18,3.7,0.0,39.6,26.7,93.0,73.0,29.667,29.358,11.5,18.4,39.6,0.30900000000000105
3470,2022-05-22 00:00:00,33.6,86.0,29.9,29.7,2.3,4.1,283.0,1.25,3.77,0.0,38.2,29.3,93.0,76.0,29.978,29.433,9.2,18.4,38.2,0.5450000000000017
3471,2022-05-23 00:00:00,34.4,89.0,31.3,29.9,2.6,4.4,283.0,1.32,3.84,0.0,38.0,33.1,95.0,53.0,30.022,29.793,13.8,26.5,38.0,0.2289999999999992
3472,2022-05-24 00:00:00,46.8,37.0,21.0,29.7,10.2,15.1,283.0,1.32,3.84,0.0,57.8,37.9,55.0,22.0,29.858,29.613,25.3,33.4,57.8,0.245000000000001
3473,2022-05-25 00:00:00,49.6,49.0,30.2,29.7,2.9,5.1,282.0,1.32,3.84,0.0,60.2,32.8,78.0,33.0,29.873,29.645,13.8,19.6,60.2,0.22800000000000153
3474,2022-05-26 00:00:00,49.4,66.0,37.2,29.7,2.5,4.4,283.0,1.35,3.87,0.0,65.8,31.9,91.0,21.0,29.821,29.421,12.7,19.6,65.8,0.40000000000000213
3475,2022-05-27 00:00:00,43.9,79.0,37.4,29.6,2.4,4.1,283.0,1.59,4.11,0.0,54.1,33.7,93.0,51.0,29.632,29.468,13.8,19.6,54.1,0.16400000000000148
3476,2022-05-28 00:00:00,41.5,75.0,33.8,29.6,3.7,5.8,282.0,1.8,4.32,0.0,50.4,34.7,94.0,42.0,29.803,29.479,12.7,17.3,50.4,0.3240000000000016
3477,2022-05-29 00:00:00,41.7,67.0,31.0,29.9,1.8,3.5,282.0,1.8,4.32,0.0,51.9,32.8,88.0,40.0,29.977,29.779,13.8,19.6,51.9,0.1980000000000004
3478,2022-05-30 00:00:00,45.4,59.0,30.2,29.9,1.4,2.7,283.0,1.8,4.32,0.0,59.0,27.2,92.0,29.0,30.065,29.823,11.5,13.8,59.0,0.24200000000000088
3479,2022-05-31 00:00:00,49.6,56.0,32.2,29.9,2.8,4.8,283.0,1.8,4.32,0.0,66.6,31.0,90.0,20.0,30.007,29.735,16.1,24.2,66.5,0.272000000000002
3480,2022-06-01 00:00:00,51.6,64.0,38.6,29.8,2.1,3.7,282.0,0.0,4.32,0.0,67.4,32.7,90.0,28.0,29.995,29.661,12.7,19.6,67.4,0.33399999999999963
3481,2022-06-02 00:00:00,54.9,59.0,39.0,29.7,4.1,5.2,283.0,0.0,4.32,0.0,73.2,39.2,92.0,23.0,29.829,29.543,13.8,21.9,77.4,0.28600000000000136
3482,2022-06-03 00:00:00,53.0,54.0,36.5,29.8,7.0,1.6,360.0,0.0,4.32,0.0,60.4,47.0,66.0,39.0,29.829,29.666,9.2,11.5,60.4,0.16300000000000026
3483,2022-06-04 00:00:00,56.0,49.0,33.7,29.7,3.1,5.0,282.0,0.0,4.32,0.0,72.7,37.9,82.0,18.0,29.996,29.655,16.1,27.6,76.6,0.3409999999999975
3484,2022-06-05 00:00:00,52.4,64.0,39.5,29.8,2.6,3.9,282.0,0.17,4.49,0.0,69.6,37.6,91.0,27.0,29.899,29.696,15.0,21.9,76.6,0.2029999999999994
3485,2022-06-06 00:00:00,56.9,59.0,40.9,29.7,2.0,3.5,282.0,0.19,4.51,0.0,72.0,38.8,92.0,28.0,29.9,29.579,16.1,19.6,77.5,0.32099999999999795
3486,2022-06-07 00:00:00,58.0,54.0,38.0,29.6,4.0,6.0,281.0,0.2,4.52,0.0,75.4,39.3,90.0,19.0,29.756,29.401,18.4,32.2,76.9,0.3550000000000004
3487,2022-06-08 00:00:00,55.5,57.0,38.5,29.6,4.5,7.1,282.0,0.2,4.52,0.0,70.9,41.8,86.0,20.0,29.833,29.493,21.9,29.9,77.4,0.33999999999999986
3488,2022-06-09 00:00:00,45.1,69.0,34.8,30.1,2.7,5.0,282.0,0.26,4.58,0.0,54.7,37.3,91.0,47.0,30.34,29.826,10.4,16.1,54.7,0.5139999999999993
3489,2022-06-10 00:00:00,51.5,49.0,28.5,30.1,2.2,3.9,282.0,0.26,4.58,0.0,70.8,28.7,91.0,11.0,30.382,29.851,13.8,19.6,76.3,0.5310000000000024
3490,2022-06-11 00:00:00,53.2,45.0,30.2,29.9,3.8,6.4,282.0,0.26,4.58,0.0,66.3,37.5,82.0,21.0,29.985,29.81,15.0,19.6,66.3,0.1750000000000007
3491,2022-06-12 00:00:00,54.4,60.0,40.0,29.9,2.0,3.8,281.0,0.26,4.58,0.0,65.8,41.1,88.0,40.0,30.088,29.816,9.2,19.6,65.8,0.272000000000002
3492,2022-06-13 00:00:00,59.3,49.0,35.0,29.7,1.7,2.9,266.0,0.26,4.58,0.0,79.2,37.3,93.0,15.0,29.895,29.508,12.7,19.6,77.8,0.38700000000000045
3493,2022-06-14 00:00:00,60.6,41.0,35.8,29.5,4.5,6.9,265.0,0.31,4.63,0.0,77.0,49.8,100.0,21.0,29.614,29.382,21.9,35.7,77.2,0.23199999999999932
3494,2022-06-15 00:00:00,59.2,48.0,38.6,29.6,3.1,4.6,274.0,0.31,4.63,0.0,76.7,48.0,70.0,23.0,29.747,29.493,15.0,19.6,77.3,0.25400000000000134
3495,2022-06-16 00:00:00,54.6,66.0,42.3,29.7,2.0,3.3,271.0,0.31,4.63,0.0,73.7,40.9,88.0,27.0,29.799,29.57,12.7,19.6,77.5,0.2289999999999992
3496,2022-06-17 00:00:00,52.2,72.0,43.1,29.8,2.6,4.0,277.0,0.37,4.69,0.0,65.3,42.6,92.0,41.0,29.851,29.651,15.0,20.7,65.3,0.1999999999999993
3497,2022-06-18 00:00:00,51.5,76.0,43.5,29.8,2.7,4.5,271.0,0.37,4.69,0.0,62.3,46.0,96.0,47.0,29.815,29.686,17.3,20.7,62.3,0.12900000000000134
3498,2022-06-19 00:00:00,61.2,42.0,36.0,29.5,6.9,10.9,265.0,0.37,4.69,0.0,72.4,45.0,83.0,22.0,29.768,29.338,21.9,33.4,77.1,0.4299999999999997
3499,2022-06-20 00:00:00,60.8,47.0,38.3,29.4,5.0,7.9,267.0,0.37,4.69,0.0,85.4,47.6,77.0,18.0,29.531,29.196,21.9,31.1,82.3,0.3349999999999973
3500,2022-06-21 00:00:00,48.8,68.0,38.4,29.6,3.6,5.9,262.0,0.37,4.69,0.0,53.4,41.1,83.0,50.0,29.868,29.321,13.8,31.1,53.4,0.546999999999997
3501,2022-06-22 00:00:00,43.4,78.0,36.5,29.8,2.7,4.5,274.0,0.37,4.69,0.0,57.0,36.0,90.0,51.0,29.954,29.723,11.5,19.6,57.0,0.23100000000000165
3502,2022-06-23 00:00:00,43.6,65.0,31.9,29.9,3.6,6.1,268.0,0.37,4.69,0.0,53.7,31.2,89.0,41.0,29.954,29.744,12.7,24.2,53.7,0.21000000000000085
3503,2022-06-26 00:00:00,69.8,25.0,30.6,29.7,4.2,6.9,216.0,0.39,4.71,0.0,78.6,50.6,46.0,12.0,29.938,27.57,16.1,23.0,77.5,2.3679999999999986
3504,2022-06-27 00:00:00,61.7,38.0,32.7,29.8,4.0,6.6,216.0,0.39,4.71,0.0,81.3,40.6,79.0,14.0,29.824,29.635,17.3,25.3,79.3,0.18900000000000006
3505,2022-06-28 00:00:00,65.2,39.0,34.3,29.8,5.1,8.1,216.0,0.39,4.71,0.0,83.5,40.2,77.0,12.0,29.858,29.75,20.7,28.8,80.8,0.10800000000000054
3506,2022-06-29 00:00:00,67.0,44.0,41.6,29.8,3.6,5.8,216.0,0.39,4.71,0.0,83.0,47.4,76.0,19.0,29.829,29.703,13.8,23.0,80.7,0.12600000000000122
3507,2022-06-30 00:00:00,61.0,64.0,47.3,29.8,2.7,4.5,216.0,0.43,4.75,0.0,80.0,45.2,86.0,27.0,29.814,29.71,13.8,19.6,79.1,0.1039999999999992
3508,2022-07-01 00:00:00,61.0,70.0,50.3,29.7,2.2,3.9,216.0,0.05,4.8,0.0,75.5,50.0,90.0,32.0,29.785,29.685,17.3,24.2,77.5,0.10000000000000142
3509,2022-07-02 00:00:00,60.5,66.0,47.6,29.7,2.5,4.3,204.0,0.06,4.81,0.0,74.9,43.7,95.0,30.0,29.786,29.592,13.8,21.9,77.6,0.19400000000000261
3510,2022-07-03 00:00:00,65.5,48.0,40.3,29.6,4.2,6.6,216.0,0.08,4.83,0.0,81.2,46.6,89.0,14.0,29.687,29.463,15.0,21.9,79.3,0.2240000000000002
3511,2022-07-04 00:00:00,60.6,59.0,45.9,29.6,3.0,5.2,216.0,0.08,4.83,0.0,74.2,43.1,78.0,33.0,29.731,29.512,11.5,18.4,77.2,0.2190000000000012
3512,2022-07-05 00:00:00,59.7,69.0,48.8,29.8,3.2,5.4,216.0,0.08,4.83,0.0,73.2,41.3,92.0,49.0,29.951,29.72,13.8,19.6,77.0,0.23100000000000165
3513,2022-07-06 00:00:00,58.0,68.0,47.2,29.9,2.6,4.4,216.0,0.19,4.94,0.0,70.2,44.1,90.0,42.0,29.984,29.812,13.8,19.6,76.7,0.1720000000000006
3514,2022-07-07 00:00:00,58.7,65.0,45.0,29.8,2.3,4.0,215.0,0.2,4.95,0.0,76.5,40.9,92.0,29.0,29.886,29.698,13.8,20.7,77.9,0.18799999999999883
3515,2022-07-08 00:00:00,60.8,58.0,44.0,29.6,4.2,6.7,216.0,0.21,4.96,0.0,72.8,45.1,90.0,30.0,29.708,29.574,18.4,33.4,77.5,0.1339999999999968
3516,2022-07-09 00:00:00,61.0,47.0,36.1,29.8,3.7,6.1,216.0,0.21,4.96,0.0,76.8,40.2,89.0,18.0,29.913,29.656,17.3,26.5,77.0,0.25700000000000145
3517,2022-07-10 00:00:00,60.9,59.0,45.1,29.9,2.7,4.7,216.0,0.21,4.96,0.0,74.5,40.9,89.0,36.0,29.995,29.896,12.7,16.1,77.5,0.0990000000000002
3518,2022-07-11 00:00:00,66.5,47.0,41.0,29.9,2.0,3.6,216.0,0.21,4.96,0.0,88.5,44.4,90.0,13.0,29.983,29.751,12.7,19.6,85.0,0.23199999999999932
3519,2022-07-12 00:00:00,63.5,50.0,42.6,29.8,2.8,4.6,215.0,0.22,4.97,0.0,82.8,47.5,80.0,20.0,29.807,29.702,16.1,26.5,80.6,0.10499999999999687
3520,2022-07-13 00:00:00,64.3,54.0,44.6,29.8,2.1,3.5,217.0,0.29,5.04,0.0,83.3,43.4,89.0,18.0,29.826,29.746,20.7,26.5,81.2,0.08000000000000185
3521,2022-07-14 00:00:00,66.3,52.0,46.4,29.7,3.8,6.3,231.0,0.31,5.06,0.0,79.2,50.1,84.0,30.0,29.788,29.693,16.1,23.0,78.9,0.09499999999999886
3522,2022-07-15 00:00:00,60.5,73.0,49.7,29.7,2.6,4.2,274.0,1.04,5.79,0.0,83.4,48.9,95.0,19.0,29.778,29.69,15.0,24.2,80.9,0.08799999999999741
3523,2022-07-16 00:00:00,62.9,64.0,47.3,29.7,3.2,5.2,235.0,1.06,5.81,0.0,82.8,43.8,97.0,22.0,29.758,29.604,20.7,31.1,80.5,0.15399999999999991
3524,2022-07-17 00:00:00,67.8,44.0,40.6,29.6,5.7,8.9,229.0,1.06,5.81,0.0,82.9,46.3,91.0,19.0,29.622,29.536,17.3,26.5,80.5,0.08599999999999852
3525,2022-07-18 00:00:00,67.3,34.0,31.7,29.6,5.5,8.5,225.0,1.06,5.81,0.0,84.7,41.8,79.0,12.0,29.63,29.528,18.4,26.5,81.6,0.10200000000000031
3526,2022-07-19 00:00:00,74.4,21.0,30.0,29.5,4.8,7.5,223.0,1.06,5.81,0.0,87.1,58.6,40.0,10.0,29.572,29.404,15.0,20.7,83.5,0.16799999999999926
3527,2022-07-20 00:00:00,64.0,56.0,45.4,29.6,2.9,5.1,52.0,1.41,6.16,0.0,82.5,51.6,95.0,14.0,29.775,29.444,12.7,20.7,80.4,0.3309999999999995
3528,2022-07-21 00:00:00,60.2,79.0,53.0,29.8,3.5,5.7,11.0,1.42,6.17,0.0,73.1,45.6,97.0,51.0,29.992,29.705,15.0,20.7,76.8,0.2870000000000026
3529,2022-07-22 00:00:00,59.9,79.0,52.9,30.0,2.2,3.8,341.0,1.43,6.18,0.0,70.9,50.8,97.0,48.0,30.023,29.893,13.8,19.6,75.6,0.129999999999999
3530,2022-07-23 00:00:00,61.6,72.0,51.3,29.9,1.9,3.6,15.0,1.45,6.2,0.0,76.2,44.9,96.0,42.0,30.0,29.855,10.4,16.1,78.1,0.14499999999999957
3531,2022-07-24 00:00:00,62.0,70.0,48.9,29.8,2.7,4.5,244.0,1.71,6.46,0.0,83.8,44.0,96.0,23.0,29.91,29.718,13.8,21.9,81.4,0.19200000000000017
3532,2022-07-25 00:00:00,63.8,65.0,51.2,29.8,3.2,5.2,227.0,1.74,6.49,0.0,76.2,51.4,92.0,36.0,29.815,29.726,11.5,18.4,78.0,0.08900000000000219
3533,2022-07-26 00:00:00,62.3,63.0,47.5,29.8,2.1,3.7,280.0,1.74,6.49,0.0,80.0,44.9,95.0,27.0,29.867,29.768,15.0,26.5,79.4,0.0990000000000002
3534,2022-07-27 00:00:00,61.8,66.0,49.4,29.8,3.1,5.1,249.0,2.06,6.81,0.0,75.8,51.2,94.0,37.0,29.873,29.721,17.3,23.0,77.9,0.15200000000000102
3535,2022-07-28 00:00:00,67.6,43.0,43.0,29.8,4.6,7.6,244.0,2.06,6.81,0.0,81.7,52.3,72.0,22.0,29.81,29.708,18.4,26.5,80.2,0.10200000000000031
3536,2022-07-29 00:00:00,63.6,45.0,38.1,29.8,2.3,4.0,178.0,2.06,6.81,0.0,83.0,42.2,84.0,12.0,29.846,29.708,13.8,19.6,80.6,0.13800000000000168
3537,2022-07-30 00:00:00,65.2,46.0,40.8,29.7,4.3,7.1,244.0,2.06,6.81,0.0,87.2,44.4,80.0,18.0,29.764,29.67,19.6,32.2,84.1,0.09399999999999764
3538,2022-07-31 00:00:00,70.1,41.0,44.2,29.7,4.1,6.6,251.0,2.06,6.81,0.0,80.6,59.9,68.0,22.0,29.761,29.643,16.1,21.9,79.7,0.11799999999999855
3539,2022-08-01 00:00:00,60.9,72.0,51.3,29.8,1.5,2.6,2.0,0.06,6.87,0.0,70.4,50.6,92.0,49.0,29.852,29.701,10.4,12.7,77.3,0.1509999999999998
3540,2022-08-02 00:00:00,61.6,71.0,50.4,29.9,2.1,3.7,352.0,0.07,6.88,0.0,80.1,46.6,97.0,36.0,29.915,29.81,18.4,25.3,79.8,0.10500000000000043
3541,2022-08-03 00:00:00,65.8,54.0,44.0,29.8,1.8,3.5,53.0,0.07,6.88,0.0,82.3,45.2,96.0,19.0,29.935,29.786,12.7,19.6,80.5,0.14899999999999736
3542,2022-08-04 00:00:00,63.6,62.0,49.2,29.8,2.1,3.7,297.0,0.3,7.11,0.0,80.6,48.4,92.0,30.0,29.805,29.707,13.8,20.7,79.8,0.09799999999999898
3543,2022-08-05 00:00:00,63.5,68.0,51.8,29.8,2.5,4.2,346.0,0.56,7.37,0.0,78.3,51.8,93.0,34.0,29.839,29.73,11.5,16.1,79.0,0.10899999999999821
3544,2022-08-06 00:00:00,65.9,56.0,45.1,29.8,2.2,3.9,288.0,0.57,7.38,0.0,85.9,46.0,97.0,17.0,29.856,29.67,12.7,17.3,82.7,0.18599999999999994
3545,2022-08-07 00:00:00,63.0,63.0,48.9,29.7,2.8,4.7,13.0,0.57,7.38,0.0,78.4,47.8,89.0,37.0,29.741,29.621,18.4,33.4,79.2,0.120000000000001
3546,2022-08-08 00:00:00,60.2,78.0,52.8,29.7,1.7,3.1,340.0,0.6,7.41,0.0,70.5,51.7,93.0,51.0,29.767,29.681,15.0,20.7,77.0,0.08599999999999852
3547,2022-08-09 00:00:00,67.8,52.0,46.7,29.7,4.0,6.3,225.0,0.61,7.42,0.0,82.1,51.8,92.0,22.0,29.754,29.587,15.0,21.9,80.4,0.1670000000000016
3548,2022-08-10 00:00:00,59.7,69.0,48.9,29.7,1.7,2.9,274.0,0.65,7.46,0.0,72.5,51.5,87.0,45.0,29.787,29.595,12.7,19.6,77.5,0.19200000000000017
3549,2022-08-11 00:00:00,56.8,75.0,48.4,29.8,3.0,4.9,246.0,0.72,7.53,0.0,66.3,49.0,92.0,47.0,29.82,29.683,13.8,23.0,66.3,0.13700000000000045
3550,2022-08-12 00:00:00,65.0,43.0,39.0,29.8,4.1,6.3,231.0,0.74,7.55,0.0,81.1,46.1,76.0,18.0,29.815,29.689,15.0,24.2,79.5,0.12600000000000122
3551,2022-08-13 00:00:00,63.4,47.0,36.5,29.8,3.7,6.3,258.0,0.74,7.55,0.0,83.5,40.7,87.0,10.0,29.878,29.735,17.3,26.5,80.8,0.14300000000000068
3552,2022-08-14 00:00:00,64.9,48.0,38.1,29.8,3.4,5.9,264.0,0.74,7.55,0.0,84.5,45.8,94.0,11.0,29.887,29.755,15.0,25.3,81.4,0.13200000000000145
3553,2022-08-15 00:00:00,63.9,38.0,33.0,29.7,4.6,7.7,265.0,0.74,7.55,0.0,82.8,40.3,80.0,12.0,29.814,29.674,24.2,39.1,80.2,0.14000000000000057
3554,2022-08-16 00:00:00,62.3,41.0,36.3,29.6,4.0,6.5,262.0,0.74,7.55,0.0,83.4,43.1,69.0,12.0,29.683,29.532,25.3,41.4,80.7,0.1509999999999998
3555,2022-08-17 00:00:00,59.4,46.0,36.7,29.6,5.0,8.1,238.0,0.75,7.56,0.0,76.5,40.8,80.0,22.0,29.666,29.545,23.0,34.5,77.1,0.12099999999999866
3556,2022-08-18 00:00:00,64.1,39.0,33.4,29.7,3.8,6.6,253.0,0.75,7.56,0.0,86.1,38.9,80.0,14.0,29.715,29.614,18.4,31.1,82.7,0.10099999999999909
3557,2022-08-19 00:00:00,66.6,32.0,30.3,29.7,3.4,5.6,220.0,0.75,7.56,0.0,87.4,43.1,67.0,10.0,29.753,29.665,17.3,24.2,83.8,0.08800000000000097
3558,2022-08-20 00:00:00,66.7,36.0,34.5,29.7,2.5,4.4,282.0,0.75,7.56,0.0,86.8,47.9,67.0,7.0,29.767,29.641,21.9,31.1,83.3,0.12600000000000122
3559,2022-08-21 00:00:00,60.4,69.0,49.4,29.7,2.6,4.2,0.0,0.76,7.57,0.0,77.3,47.5,93.0,40.0,29.812,29.703,15.0,23.0,78.4,0.10900000000000176
3560,2022-08-22 00:00:00,62.7,54.0,40.6,29.7,3.6,5.8,226.0,0.76,7.57,0.0,83.1,43.0,96.0,15.0,29.786,29.557,15.0,21.9,80.5,0.22900000000000276
3561,2022-08-23 00:00:00,63.3,42.0,35.0,29.6,3.4,5.7,253.0,0.76,7.57,0.0,78.9,48.7,81.0,13.0,29.669,29.579,16.1,26.5,77.6,0.08999999999999986
3562,2022-08-24 00:00:00,60.2,39.0,31.9,29.7,3.9,6.3,250.0,0.76,7.57,0.0,75.1,41.1,82.0,17.0,29.71,29.61,17.3,26.5,76.2,0.10000000000000142
3563,2022-08-25 00:00:00,69.6,27.0,31.7,29.6,5.3,8.9,255.0,0.76,7.57,0.0,86.5,49.1,49.0,13.0,29.679,29.46,18.4,28.8,83.0,0.21899999999999764
3564,2022-08-26 00:00:00,61.7,49.0,41.3,29.6,3.5,6.3,41.0,0.76,7.57,0.0,71.0,50.1,73.0,24.0,29.793,29.453,12.7,19.6,77.5,0.33999999999999986
3565,2022-08-27 00:00:00,54.9,64.0,41.6,29.9,2.5,4.5,46.0,0.76,7.57,0.0,68.5,38.2,92.0,38.0,29.945,29.775,12.7,18.4,77.4,0.1700000000000017
3566,2022-08-28 00:00:00,61.1,41.0,26.1,29.9,3.3,5.5,257.0,0.76,7.57,0.0,86.6,35.1,94.0,6.0,29.96,29.772,15.0,21.9,83.2,0.1880000000000024
3567,2022-08-29 00:00:00,60.3,37.0,30.2,29.8,2.7,4.7,275.0,0.76,7.57,0.0,86.0,41.4,73.0,8.0,29.871,29.742,19.6,26.5,82.7,0.12899999999999778
3568,2022-08-30 00:00:00,60.6,51.0,40.0,29.8,2.8,4.5,282.0,0.76,7.57,0.0,82.9,43.5,84.0,20.0,29.853,29.71,17.3,28.8,80.5,0.14300000000000068
3569,2022-08-31 00:00:00,63.0,48.0,39.0,29.8,3.0,5.2,293.0,0.76,7.57,0.0,83.2,40.6,86.0,11.0,29.867,29.753,20.7,32.2,80.8,0.11400000000000077
3570,2022-09-01 00:00:00,66.7,40.0,34.5,29.8,2.8,4.8,264.0,0.0,7.57,0.0,89.4,43.6,83.0,10.0,29.826,29.723,13.8,21.9,85.4,0.10300000000000153
3571,2022-09-02 00:00:00,67.9,27.0,25.2,29.7,2.8,4.9,255.0,0.0,7.57,0.0,91.6,44.5,62.0,5.0,29.791,29.661,16.1,25.3,87.4,0.129999999999999
3572,2022-09-03 00:00:00,62.2,43.0,38.5,29.8,2.9,5.1,70.0,0.0,7.57,0.0,78.3,46.2,71.0,20.0,29.93,29.72,11.5,17.3,78.6,0.21000000000000085
3573,2022-09-04 00:00:00,65.5,50.0,41.3,29.8,3.4,5.6,249.0,0.0,7.57,0.0,85.6,46.8,93.0,17.0,29.913,29.737,17.3,28.8,82.5,0.17600000000000193
3574,2022-09-05 00:00:00,69.6,36.0,40.7,29.8,3.2,5.2,236.0,0.0,7.57,0.0,84.2,54.3,55.0,18.0,29.85,29.75,13.8,20.7,81.4,0.10000000000000142
3575,2022-09-06 00:00:00,60.9,71.0,50.7,29.8,2.1,3.8,264.0,0.12,7.69,0.0,76.7,49.7,92.0,44.0,29.884,29.74,16.1,23.0,78.3,0.1440000000000019
3576,2022-09-07 00:00:00,60.8,56.0,41.6,29.8,3.9,6.3,235.0,0.16,7.73,0.0,77.9,47.5,93.0,16.0,29.865,29.714,15.0,25.3,77.4,0.1509999999999998
3577,2022-09-08 00:00:00,52.0,76.0,43.9,29.7,2.0,3.6,327.0,0.16,7.73,0.0,69.8,38.1,95.0,44.0,29.777,29.565,16.1,25.3,77.5,0.21199999999999974
3578,2022-09-09 00:00:00,55.3,63.0,39.9,29.7,3.6,5.6,224.0,0.17,7.74,0.0,71.8,40.7,97.0,25.0,29.745,29.638,18.4,25.3,77.2,0.10699999999999932
3579,2022-09-10 00:00:00,56.9,63.0,43.2,29.7,1.6,3.0,276.0,0.18,7.75,0.0,72.2,40.6,93.0,34.0,29.747,29.569,8.1,13.8,77.5,0.17800000000000082
3580,2022-09-11 00:00:00,55.1,56.0,38.6,29.6,5.1,8.6,244.0,0.18,7.75,0.0,67.6,42.4,84.0,36.0,29.793,29.571,20.7,36.8,67.6,0.22199999999999775
3581,2022-09-12 00:00:00,53.3,40.0,28.9,29.9,8.3,13.1,236.0,0.18,7.75,0.0,65.3,42.5,63.0,24.0,30.026,29.723,24.2,40.3,65.3,0.3030000000000008
3582,2022-09-13 00:00:00,51.6,51.0,30.2,30.0,3.3,5.2,239.0,0.26,7.83,0.0,74.6,30.6,88.0,13.0,30.094,29.915,17.3,26.5,76.3,0.17900000000000205
3583,2022-09-14 00:00:00,59.0,37.0,28.0,29.9,4.2,6.6,230.0,0.27,7.84,0.0,80.8,39.2,74.0,9.0,30.0,29.839,16.1,24.2,78.7,0.16100000000000136
3584,2022-09-15 00:00:00,57.7,41.0,29.9,29.8,1.6,3.1,120.0,0.27,7.84,0.0,79.0,35.7,81.0,12.0,29.91,29.73,9.2,15.0,77.7,0.17999999999999972
3585,2022-09-16 00:00:00,60.3,38.0,32.1,29.6,2.4,4.0,232.0,0.27,7.84,0.0,74.7,46.5,63.0,18.0,29.739,29.577,10.4,17.3,76.0,0.16199999999999903
3586,2022-09-17 00:00:00,63.0,37.0,35.3,29.6,7.7,12.1,231.0,0.27,7.84,0.0,73.8,48.8,57.0,23.0,29.611,29.492,23.0,34.5,76.5,0.11899999999999977
3587,2022-09-18 00:00:00,46.9,68.0,36.9,29.8,1.3,2.6,307.0,0.27,7.84,0.0,47.1,46.8,68.0,68.0,29.774,29.763,2.3,3.5,47.1,0.010999999999999233
3588,2022-09-19 00:00:00,52.9,56.0,37.2,29.6,0.8,1.5,356.0,0.27,7.84,0.0,54.8,46.8,68.0,50.0,29.774,29.602,2.3,3.5,54.7,0.1720000000000006
3589,2022-09-20 00:00:00,66.0,23.0,26.8,29.5,6.7,10.9,229.0,0.28,7.85,0.0,74.7,51.4,51.0,16.0,29.602,29.404,19.6,31.1,76.0,0.1980000000000004
3590,2022-09-21 00:00:00,54.0,28.0,19.9,29.6,8.0,12.0,203.0,0.28,7.85,0.0,64.2,40.5,70.0,10.0,29.767,29.528,19.6,32.2,64.2,0.23900000000000077
3591,2022-09-22 00:00:00,47.4,54.0,28.3,29.8,3.8,6.2,239.0,0.28,7.85,0.0,72.5,28.1,93.0,17.0,29.967,29.758,15.0,24.2,75.6,0.20899999999999963
3592,2022-09-23 00:00:00,53.8,33.0,20.5,29.9,4.3,6.7,237.0,0.28,7.85,0.0,74.0,33.3,68.0,9.0,29.951,29.794,16.1,24.2,74.1,0.15700000000000003
3593,2022-09-24 00:00:00,59.9,25.0,22.5,29.7,7.1,11.2,236.0,0.28,7.85,0.0,75.7,37.4,53.0,14.0,29.85,29.62,18.4,27.6,75.6,0.23000000000000043
3594,2022-09-25 00:00:00,59.0,39.0,32.8,29.6,4.8,7.6,242.0,0.28,7.85,0.0,75.4,43.1,69.0,21.0,29.766,29.527,18.4,28.8,76.9,0.23899999999999721
3595,2022-09-26 00:00:00,60.2,40.0,30.8,29.6,8.4,13.3,234.0,0.28,7.85,0.0,77.1,34.2,91.0,16.0,29.757,29.395,26.5,40.3,76.9,0.3620000000000019
3596,2022-09-27 00:00:00,54.2,62.0,40.0,29.4,6.4,9.7,316.0,0.31,7.88,0.0,67.5,43.9,93.0,35.0,29.614,29.305,21.9,32.2,67.5,0.30900000000000105
3597,2022-09-28 00:00:00,49.1,80.0,42.6,29.6,2.3,3.9,27.0,0.36,7.93,0.0,64.5,40.5,95.0,52.0,29.669,29.476,11.5,15.0,64.5,0.1930000000000014
3598,2022-09-29 00:00:00,55.0,51.0,30.7,29.4,3.5,5.8,249.0,0.37,7.94,0.0,78.3,35.7,96.0,12.0,29.513,29.347,12.7,20.7,77.1,0.16600000000000037
3599,2022-09-30 00:00:00,48.7,66.0,37.1,29.5,3.0,5.3,46.0,0.37,7.94,0.0,65.0,32.3,93.0,42.0,29.705,29.411,13.8,19.6,65.0,0.29399999999999693
3600,2022-10-01 00:00:00,45.2,84.0,40.4,29.7,2.4,4.5,45.0,0.0,7.94,0.0,54.3,38.9,94.0,62.0,29.756,29.574,9.2,16.1,54.3,0.1819999999999986
3601,2022-10-02 00:00:00,46.4,55.0,22.0,29.8,6.4,9.6,227.0,0.0,7.94,0.0,62.8,34.0,96.0,8.0,29.994,29.725,21.9,32.2,62.8,0.26899999999999835
3602,2022-10-03 00:00:00,42.9,69.0,32.3,30.0,2.0,3.9,59.0,0.0,7.94,0.0,59.0,28.8,89.0,39.0,30.038,29.919,10.4,17.3,59.0,0.11899999999999977
3603,2022-10-04 00:00:00,50.4,47.0,23.6,29.8,6.0,9.5,233.0,0.0,7.94,0.0,71.9,26.8,92.0,11.0,29.975,29.603,21.9,34.5,75.2,0.3719999999999999
3604,2022-10-05 00:00:00,46.9,21.0,6.2,29.8,10.1,15.3,232.0,0.0,7.94,0.0,61.0,36.1,46.0,6.0,29.87,29.688,26.5,42.6,61.0,0.18200000000000216
3605,2022-10-06 00:00:00,42.3,35.0,14.6,30.0,3.5,6.0,262.0,0.0,7.94,0.0,58.1,25.0,63.0,10.0,30.18,29.854,17.3,26.5,58.1,0.3260000000000005
3606,2022-10-07 00:00:00,49.2,16.0,-3.9,30.0,5.7,8.6,231.0,0.0,7.94,0.0,69.1,23.9,65.0,3.0,30.175,29.794,18.4,28.8,68.1,0.3810000000000002
3607,2022-10-08 00:00:00,58.4,11.0,2.0,29.6,7.9,12.5,234.0,0.0,7.94,0.0,70.2,43.4,24.0,5.0,29.793,29.463,20.7,35.7,70.1,0.3299999999999983
3608,2022-10-09 00:00:00,53.2,31.0,17.9,29.4,6.5,10.5,222.0,0.0,7.94,0.0,70.0,28.3,87.0,7.0,29.507,29.203,19.6,28.8,71.4,0.30400000000000205
3609,2022-10-10 00:00:00,19.4,81.0,14.6,29.9,2.8,5.0,62.0,0.03,7.97,0.0,28.6,13.7,91.0,60.0,30.296,29.508,9.2,13.8,28.6,0.7880000000000003
3610,2022-10-11 00:00:00,30.3,36.0,4.8,30.3,10.6,15.9,220.0,0.09,8.03,0.0,44.3,18.3,70.0,16.0,30.363,30.082,23.0,34.5,44.3,0.2809999999999988
3611,2022-10-12 00:00:00,45.6,18.0,4.1,29.9,10.4,15.8,225.0,0.11,8.05,0.0,58.2,36.8,30.0,10.0,30.082,29.729,23.0,40.3,58.2,0.35300000000000153
3612,2022-10-13 00:00:00,47.2,19.0,3.9,29.7,6.6,9.9,227.0,0.11,8.05,0.0,62.1,26.9,56.0,8.0,29.78,29.67,19.6,26.5,62.1,0.10999999999999943
3613,2022-10-14 00:00:00,49.9,22.0,10.7,29.7,7.3,10.8,220.0,0.11,8.05,0.0,63.5,26.1,59.0,12.0,29.801,29.626,19.6,32.2,63.5,0.17499999999999716
3614,2022-10-15 00:00:00,41.7,49.0,21.6,29.9,3.8,6.3,28.0,0.11,8.05,0.0,56.6,25.1,83.0,19.0,30.121,29.779,12.7,19.6,56.6,0.34199999999999875
3615,2022-10-16 00:00:00,54.2,24.0,14.2,30.0,8.8,12.9,225.0,0.11,8.05,0.0,68.5,27.2,84.0,11.0,30.109,29.727,20.7,33.4,71.0,0.38200000000000145
3616,2022-10-17 00:00:00,55.6,15.0,6.6,29.5,5.5,8.4,243.0,0.11,8.05,0.0,67.3,41.9,29.0,7.0,29.726,29.288,19.6,29.9,67.3,0.43799999999999883
3617,2022-10-18 00:00:00,47.3,34.0,19.5,29.4,10.7,16.5,233.0,0.11,8.05,0.0,55.4,35.9,53.0,17.0,29.613,29.168,23.0,34.5,55.4,0.4450000000000003
3618,2022-10-19 00:00:00,41.5,34.0,14.4,29.6,9.2,13.4,227.0,0.11,8.05,0.0,49.1,33.9,45.0,21.0,29.748,29.402,24.2,31.1,49.1,0.3460000000000001
3619,2022-10-20 00:00:00,30.6,57.0,16.7,29.6,12.3,18.7,234.0,0.11,8.05,0.0,42.7,27.1,83.0,35.0,29.825,29.359,28.8,41.4,42.7,0.4659999999999975
3620,2022-10-21 00:00:00,32.2,45.0,13.0,29.9,9.0,14.1,232.0,0.11,8.05,0.0,40.5,27.0,73.0,32.0,30.064,29.777,25.3,38.0,40.5,0.28699999999999903
3621,2022-10-22 00:00:00,39.7,47.0,20.9,29.9,12.9,18.8,219.0,0.11,8.05,0.0,48.8,30.7,60.0,38.0,30.089,29.742,26.5,40.3,48.8,0.34699999999999775
3622,2022-10-23 00:00:00,33.6,66.0,22.5,29.9,8.3,12.6,269.0,0.17,8.11,0.0,44.3,22.1,90.0,39.0,30.207,29.723,28.8,46.0,44.3,0.48400000000000176
3623,2022-10-24 00:00:00,25.6,73.0,17.1,30.3,2.4,4.1,18.0,0.21,8.15,0.0,38.7,17.4,90.0,34.0,30.417,30.209,11.5,19.6,38.7,0.20800000000000196
3624,2022-10-25 00:00:00,41.9,47.0,21.9,30.1,3.7,5.8,249.0,0.21,8.15,0.0,60.8,23.6,77.0,28.0,30.351,29.842,20.7,29.9,60.8,0.5090000000000003
3625,2022-10-26 00:00:00,46.9,40.0,22.0,29.6,11.0,16.0,229.0,0.21,8.15,0.0,58.7,25.9,87.0,25.0,29.851,29.408,26.5,39.1,58.7,0.44299999999999784
3626,2022-10-27 00:00:00,15.3,87.0,12.2,29.9,3.7,5.7,29.0,0.21,8.15,0.0,25.9,9.0,90.0,83.0,30.245,29.568,9.2,11.5,25.8,0.6769999999999996
3627,2022-10-28 00:00:00,16.1,71.0,7.6,30.1,3.6,5.6,239.0,0.37,8.31,0.0,27.6,7.6,87.0,42.0,30.246,29.973,18.4,25.3,27.6,0.2729999999999997
3628,2022-10-29 00:00:00,5.7,82.0,1.5,30.2,3.6,5.7,35.0,0.37,8.31,0.0,14.9,-3.9,87.0,75.0,30.486,30.04,9.2,12.7,14.9,0.4460000000000015
3629,2022-10-30 00:00:00,9.2,62.0,-2.8,30.5,6.6,9.7,238.0,0.38,8.32,0.0,23.6,-3.0,83.0,27.0,30.644,30.411,25.3,36.8,23.6,0.232999999999997
3630,2022-10-31 00:00:00,34.5,29.0,5.0,30.2,12.4,17.9,236.0,0.45,8.39,0.0,46.3,19.5,47.0,18.0,30.466,29.979,27.6,34.5,46.3,0.4870000000000019
3631,2022-11-01 00:00:00,28.4,49.0,9.3,30.1,5.2,7.9,238.0,0.02,8.41,0.0,39.8,12.2,90.0,23.0,30.342,29.944,19.6,28.8,39.8,0.3979999999999997
3632,2022-11-02 00:00:00,38.6,25.0,4.2,30.2,9.7,13.3,203.0,0.02,8.41,0.0,49.7,12.3,87.0,16.0,30.351,29.945,21.9,33.4,49.7,0.4059999999999988
3633,2022-11-03 00:00:00,43.4,30.0,13.2,29.8,7.4,11.8,228.0,0.02,8.41,0.0,54.2,34.4,56.0,20.0,29.943,29.688,23.0,34.5,54.2,0.25500000000000256
3634,2022-11-04 00:00:00,37.2,56.0,21.6,29.9,4.7,7.3,271.0,0.02,8.41,0.0,50.7,26.9,85.0,29.0,29.997,29.753,15.0,26.5,50.7,0.24399999999999977
3635,2022-11-05 00:00:00,44.2,37.0,18.7,30.0,8.2,12.0,231.0,0.02,8.41,0.0,55.8,36.3,49.0,21.0,30.033,29.903,20.7,28.8,55.8,0.13000000000000256
3636,2022-11-06 00:00:00,35.9,59.0,19.9,30.0,5.4,8.2,199.0,0.02,8.41,0.0,54.4,22.4,93.0,20.0,30.212,29.86,15.0,20.7,54.4,0.3520000000000003
3637,2022-11-07 00:00:00,32.6,63.0,18.9,30.3,3.3,5.4,238.0,0.02,8.41,0.0,54.1,15.9,94.0,21.0,30.366,30.191,24.2,34.5,54.1,0.1750000000000007
3638,2022-11-08 00:00:00,48.2,22.0,10.7,30.1,11.5,17.0,234.0,0.02,8.41,0.0,57.7,41.1,29.0,15.0,30.204,30.005,21.9,36.8,57.7,0.19900000000000162
3639,2022-11-09 00:00:00,51.6,21.0,11.5,29.9,9.1,12.9,230.0,0.02,8.41,0.0,64.1,35.3,41.0,10.0,30.021,29.789,20.7,29.9,64.1,0.23199999999999932
3640,2022-11-10 00:00:00,43.6,36.0,15.2,29.8,5.0,7.4,216.0,0.02,8.41,0.0,58.4,21.5,92.0,15.0,29.934,29.687,16.1,21.9,58.4,0.2469999999999999
3641,2022-11-11 00:00:00,18.1,78.0,12.2,30.3,2.3,4.0,30.0,0.05,8.44,0.0,30.6,9.0,91.0,50.0,30.502,29.935,10.4,15.0,30.6,0.5670000000000002
3642,2022-11-12 00:00:00,37.3,25.0,-5.2,30.2,9.0,13.2,230.0,0.05,8.44,0.0,53.1,7.8,87.0,5.0,30.519,29.759,21.9,33.4,53.1,0.759999999999998
3643,2022-11-13 00:00:00,41.1,42.0,16.6,29.8,9.0,13.7,232.0,0.05,8.44,0.0,51.2,28.8,81.0,17.0,29.972,29.594,28.8,47.2,51.2,0.3780000000000001
3644,2022-11-14 00:00:00,35.7,65.0,23.2,30.1,3.3,5.3,347.0,0.05,8.44,0.0,47.7,24.5,94.0,25.0,30.184,29.972,15.0,23.0,47.7,0.21199999999999974
3645,2022-11-15 00:00:00,46.8,31.0,16.3,29.9,6.6,9.5,231.0,0.05,8.44,0.0,59.1,33.4,51.0,20.0,30.068,29.836,20.7,27.6,59.1,0.23200000000000287
3646,2022-11-16 00:00:00,39.2,53.0,21.6,29.9,5.5,8.4,252.0,0.05,8.44,0.0,52.2,26.0,88.0,29.0,30.045,29.768,18.4,26.5,52.2,0.277000000000001
3647,2022-11-17 00:00:00,40.9,44.0,19.3,29.9,14.8,21.0,231.0,0.05,8.44,0.0,50.4,22.1,92.0,30.0,30.032,29.758,27.6,41.4,50.4,0.2740000000000009
3648,2022-11-18 00:00:00,46.8,40.0,23.4,29.7,10.1,14.9,239.0,0.05,8.44,0.0,55.6,38.9,54.0,26.0,29.789,29.65,23.0,39.1,55.6,0.1390000000000029
3649,2022-11-19 00:00:00,49.2,32.0,19.2,29.5,8.3,12.1,233.0,0.05,8.44,0.0,61.2,42.5,43.0,15.0,29.651,29.391,17.3,26.5,61.2,0.26000000000000156
3650,2022-11-20 00:00:00,37.0,63.0,25.4,29.4,2.4,4.0,35.0,0.05,8.44,0.0,47.4,35.1,68.0,39.0,29.656,29.338,12.7,18.4,47.4,0.31799999999999784
3651,2022-11-21 00:00:00,25.1,82.0,20.2,30.0,2.3,3.7,34.0,0.05,8.44,0.0,35.3,19.1,92.0,67.0,30.183,29.43,8.1,11.5,35.3,0.7530000000000001
3652,2022-11-22 00:00:00,27.8,69.0,17.5,30.1,4.2,6.5,251.0,0.24,8.63,0.0,39.3,19.5,92.0,36.0,30.148,29.967,13.8,25.3,39.3,0.18100000000000094
3653,2022-11-23 00:00:00,40.6,28.0,8.6,30.0,8.4,12.5,240.0,0.24,8.63,0.0,54.0,29.5,44.0,14.0,30.091,29.909,17.3,25.3,54.0,0.18200000000000216
3654,2022-11-24 00:00:00,41.5,25.0,6.9,29.7,19.0,27.5,236.0,0.24,8.63,0.0,47.4,35.2,46.0,14.0,29.908,29.526,35.7,54.1,47.4,0.38200000000000145
3655,2022-11-25 00:00:00,26.8,71.0,17.4,29.5,7.2,10.6,242.0,0.24,8.63,0.0,37.0,17.2,91.0,34.0,29.555,29.431,23.0,36.8,37.0,0.12399999999999878
3656,2022-11-26 00:00:00,11.3,85.0,7.7,29.7,1.6,2.4,355.0,0.24,8.63,0.0,17.2,-5.7,90.0,72.0,30.144,29.452,9.2,12.7,17.2,0.6919999999999966
3657,2022-11-27 00:00:00,6.0,80.0,1.1,30.3,1.4,2.4,345.0,0.48,8.87,0.0,24.5,-8.0,90.0,63.0,30.389,30.143,8.1,11.5,24.5,0.24599999999999866
3658,2022-11-28 00:00:00,20.4,81.0,15.2,30.0,1.2,2.2,271.0,0.65,9.04,0.0,46.3,4.0,93.0,56.0,30.213,29.894,9.2,11.5,46.3,0.3190000000000026
3659,2022-11-29 00:00:00,24.6,77.0,17.7,29.6,4.8,7.4,236.0,0.66,9.05,0.0,46.0,10.7,93.0,47.0,29.97,29.287,29.9,42.6,46.0,0.6829999999999998
3660,2022-11-30 00:00:00,22.9,53.0,8.1,29.5,18.9,28.3,227.0,0.66,9.05,0.0,26.4,20.4,69.0,45.0,29.98,29.237,35.7,63.3,26.4,0.7430000000000021
3661,2022-12-01 00:00:00,31.1,32.0,3.4,30.1,10.7,15.3,233.0,0.0,9.05,0.0,49.8,21.8,51.0,14.0,30.176,29.94,29.9,42.6,49.8,0.2359999999999971
3662,2022-12-02 00:00:00,41.2,41.0,18.9,29.9,16.2,23.2,237.0,0.0,9.05,0.0,47.0,37.1,55.0,23.0,30.06,29.822,27.6,40.3,47.0,0.23799999999999955
3663,2022-12-03 00:00:00,37.8,47.0,18.4,29.9,12.2,18.2,239.0,0.0,9.05,0.0,42.7,32.6,78.0,31.0,29.947,29.802,28.8,40.3,42.7,0.14499999999999957
3664,2022-12-04 00:00:00,38.2,48.0,19.9,29.8,9.3,13.0,229.0,0.0,9.05,0.0,45.9,34.2,54.0,36.0,29.92,29.714,19.6,27.6,45.9,0.20600000000000307
3665,2022-12-05 00:00:00,33.0,81.0,27.3,29.8,2.2,3.6,0.0,0.07,9.12,0.0,38.5,26.6,94.0,50.0,30.135,29.671,6.9,11.5,38.5,0.4640000000000022
3666,2022-12-06 00:00:00,35.4,55.0,20.3,30.1,7.0,10.3,234.0,0.07,9.12,0.0,43.8,21.6,94.0,39.0,30.179,30.053,18.4,26.5,43.8,0.12599999999999767
3667,2022-12-07 00:00:00,41.3,39.0,18.0,29.8,10.4,15.2,234.0,0.07,9.12,0.0,46.1,33.3,50.0,30.0,30.051,29.67,24.2,34.5,46.1,0.3809999999999967
3668,2022-12-08 00:00:00,37.5,55.0,22.1,29.5,11.8,17.2,238.0,0.07,9.12,0.0,44.4,29.6,90.0,44.0,29.678,29.426,26.5,36.8,44.4,0.25200000000000244
3669,2022-12-09 00:00:00,28.5,55.0,13.8,29.8,7.2,11.0,242.0,0.07,9.12,0.0,34.8,20.4,89.0,40.0,29.939,29.585,20.7,32.2,34.8,0.3539999999999992
3670,2022-12-10 00:00:00,29.8,47.0,11.9,30.1,7.5,11.4,235.0,0.07,9.12,0.0,36.8,20.9,73.0,37.0,30.156,29.936,20.7,31.1,36.8,0.21999999999999886
3671,2022-12-11 00:00:00,36.5,27.0,4.2,30.0,11.4,16.3,234.0,0.07,9.12,0.0,45.0,30.3,41.0,11.0,30.147,29.813,25.3,34.5,45.0,0.33399999999999963
3672,2022-12-12 00:00:00,31.9,68.0,22.4,29.8,6.5,9.5,240.0,0.07,9.12,0.0,34.0,29.8,79.0,50.0,29.859,29.823,16.1,23.0,34.0,0.036000000000001364
3673,2022-12-13 00:00:00,30.0,50.0,13.1,29.8,11.1,17.2,244.0,0.07,9.12,0.0,34.1,26.9,81.0,27.0,29.841,29.734,24.2,40.3,34.1,0.10699999999999932
3674,2022-12-14 00:00:00,23.0,83.0,18.3,29.7,1.5,2.7,306.0,0.1,9.15,0.0,28.2,18.3,92.0,56.0,29.752,29.563,8.1,15.0,28.2,0.18900000000000006
3675,2022-12-15 00:00:00,17.4,66.0,7.7,29.9,3.7,5.7,233.0,0.19,9.24,0.0,26.3,8.9,82.0,43.0,30.053,29.751,17.3,26.5,26.3,0.3019999999999996
3676,2022-12-16 00:00:00,11.5,58.0,-1.9,30.3,5.3,8.2,244.0,0.19,9.24,0.0,23.8,-1.0,87.0,33.0,30.461,30.053,20.7,32.2,23.8,0.4079999999999977
3677,2022-12-17 00:00:00,23.1,39.0,1.3,30.4,9.0,12.9,236.0,0.2,9.25,0.0,35.5,13.0,60.0,24.0,30.471,30.268,20.7,32.2,35.5,0.2029999999999994
3678,2022-12-18 00:00:00,32.8,27.0,-1.6,30.1,4.6,6.8,240.0,0.2,9.25,0.0,49.3,15.4,61.0,6.0,30.267,29.932,17.3,25.3,49.3,0.33500000000000085
3679,2022-12-19 00:00:00,26.8,40.0,3.7,30.0,9.0,13.3,240.0,0.2,9.25,0.0,37.1,13.7,73.0,20.0,30.149,29.871,21.9,34.5,37.1,0.27800000000000225
3680,2022-12-20 00:00:00,34.9,34.0,8.7,30.2,8.6,12.3,230.0,0.2,9.25,0.0,46.6,23.9,43.0,22.0,30.199,30.095,19.6,26.5,46.6,0.10400000000000276
3681,2022-12-21 00:00:00,44.4,16.0,0.2,30.0,10.2,15.4,240.0,0.2,9.25,0.0,52.9,38.0,26.0,10.0,30.16,29.943,19.6,29.9,52.9,0.21699999999999875
3682,2022-12-22 00:00:00,46.4,16.0,-1.4,29.8,8.9,12.9,241.0,0.2,9.25,0.0,55.2,27.8,51.0,8.0,29.943,29.71,19.6,33.4,55.2,0.23300000000000054
3683,2022-12-23 00:00:00,34.7,43.0,11.4,29.9,1.4,2.4,292.0,0.2,9.25,0.0,57.9,24.4,65.0,9.0,29.959,29.782,5.8,9.2,57.9,0.1769999999999996
3684,2022-12-24 00:00:00,33.3,45.0,12.4,29.7,3.2,5.0,256.0,0.2,9.25,0.0,48.7,22.3,70.0,20.0,29.802,29.568,15.0,19.6,48.7,0.2339999999999982
3685,2022-12-25 00:00:00,29.7,57.0,15.7,29.6,6.5,9.7,242.0,0.2,9.25,0.0,38.4,21.1,89.0,36.0,29.807,29.503,18.4,28.8,38.4,0.3039999999999985
3686,2022-12-26 00:00:00,24.8,52.0,8.6,29.9,5.2,7.6,240.0,0.2,9.25,0.0,34.1,9.2,82.0,32.0,30.087,29.771,19.6,29.9,34.1,0.31599999999999895
3687,2022-12-27 00:00:00,17.0,70.0,7.6,30.0,1.3,2.3,344.0,0.2,9.25,0.0,39.8,4.5,86.0,24.0,30.102,29.774,10.4,12.7,39.8,0.3279999999999994
3688,2022-12-28 00:00:00,17.8,76.0,11.3,29.8,2.9,4.4,334.0,0.2,9.25,0.0,23.5,11.3,91.0,57.0,29.927,29.689,18.4,26.5,23.5,0.23799999999999955
3689,2022-12-29 00:00:00,15.0,45.0,-2.7,30.0,10.6,15.3,238.0,0.2,9.25,0.0,19.9,10.7,69.0,36.0,30.112,29.858,23.0,34.5,19.8,0.2539999999999978
3690,2022-12-30 00:00:00,18.9,40.0,-2.0,30.2,6.2,8.9,239.0,0.2,9.25,0.0,32.5,10.3,55.0,27.0,30.242,30.104,16.1,21.9,32.5,0.13800000000000168
3691,2022-12-31 00:00:00,25.0,34.0,-1.3,30.0,9.8,14.4,234.0,0.2,9.25,0.0,37.5,4.6,56.0,12.0,30.184,29.744,25.3,40.3,37.5,0.4400000000000013
3692,2022-01-01 00:00:00,30.5,58.0,17.3,29.5,15.0,21.5,234.0,0.0,0.0,0.0,36.0,26.3,76.0,45.0,29.744,29.378,32.2,47.2,36.0,0.36599999999999966
3693,2022-01-02 00:00:00,26.9,46.0,8.8,29.7,9.0,13.2,234.0,0.0,0.0,0.0,33.3,22.0,64.0,35.0,29.893,29.447,19.6,28.8,33.3,0.4460000000000015
3694,2022-01-03 00:00:00,29.6,46.0,11.3,30.0,10.7,15.9,223.0,0.0,0.0,0.0,38.8,20.9,58.0,34.0,30.153,29.89,27.6,38.0,38.8,0.2629999999999981
3695,2022-01-04 00:00:00,38.6,41.0,16.7,30.0,12.8,18.2,236.0,0.0,0.0,0.0,48.7,31.9,57.0,29.0,30.156,29.855,27.6,41.4,48.7,0.3009999999999984
3696,2022-01-05 00:00:00,30.3,49.0,12.6,30.0,8.0,12.4,259.0,0.0,0.0,0.0,42.7,23.7,86.0,16.0,30.137,29.941,23.0,34.5,42.7,0.1960000000000015
3697,2022-01-06 00:00:00,24.7,43.0,5.1,30.1,16.3,25.3,248.0,0.0,0.0,0.0,29.3,19.6,54.0,32.0,30.232,29.996,32.2,51.8,29.3,0.23600000000000065
3698,2022-01-07 00:00:00,33.8,43.0,13.1,30.1,14.2,21.0,234.0,0.0,0.0,0.0,44.1,25.8,65.0,27.0,30.229,29.86,28.8,47.2,44.1,0.3689999999999998
3699,2022-01-08 00:00:00,37.6,29.0,6.6,29.6,10.9,16.2,236.0,0.0,0.0,0.0,46.7,27.5,56.0,13.0,29.893,29.385,26.5,38.0,46.7,0.5079999999999991
3700,2022-01-09 00:00:00,26.2,48.0,8.2,29.6,8.7,13.1,235.0,0.0,0.0,0.0,32.2,18.2,82.0,30.0,29.814,29.427,25.3,39.1,32.2,0.38700000000000045
3701,2022-01-10 00:00:00,15.6,65.0,4.6,30.0,5.1,7.6,284.0,0.0,0.0,0.0,26.6,6.5,86.0,33.0,30.148,29.799,16.1,23.0,26.6,0.3490000000000002
3702,2022-01-11 00:00:00,24.5,45.0,5.5,29.9,11.2,16.1,234.0,0.0,0.0,0.0,29.4,9.2,71.0,30.0,30.108,29.778,26.5,39.1,29.4,0.33000000000000185
3703,2022-01-12 00:00:00,22.8,45.0,4.4,29.8,11.3,16.2,229.0,0.0,0.0,0.0,28.5,19.4,57.0,34.0,29.901,29.749,24.2,34.5,28.5,0.15200000000000102
3704,2022-01-13 00:00:00,24.7,51.0,8.8,29.8,10.3,15.0,229.0,0.0,0.0,0.0,30.5,21.8,77.0,36.0,29.981,29.773,25.3,41.4,30.5,0.20800000000000196
3705,2022-01-14 00:00:00,31.7,41.0,9.6,29.8,6.8,10.1,228.0,0.0,0.0,0.0,40.2,24.4,77.0,24.0,29.947,29.68,28.8,38.0,40.2,0.26699999999999946
3706,2022-01-15 00:00:00,24.5,56.0,9.2,30.1,5.6,8.5,248.0,0.0,0.0,0.0,39.7,9.4,84.0,23.0,30.379,29.797,23.0,34.5,39.7,0.5820000000000007
3707,2022-01-16 00:00:00,23.4,53.0,2.0,30.3,3.6,5.5,221.0,0.0,0.0,0.0,50.8,3.2,85.0,11.0,30.351,30.123,18.4,26.5,50.8,0.22799999999999798
3708,2022-01-17 00:00:00,28.5,54.0,13.6,29.7,11.5,16.7,231.0,0.01,0.01,0.0,41.5,19.3,90.0,33.0,30.123,29.488,26.5,40.3,41.5,0.6350000000000016
3709,2022-01-18 00:00:00,25.3,40.0,4.2,30.2,14.0,20.3,227.0,0.01,0.01,0.0,32.7,17.3,51.0,30.0,30.37,30.031,31.1,46.0,32.7,0.3390000000000022
3710,2022-01-19 00:00:00,28.4,49.0,10.6,30.4,7.7,11.2,241.0,0.01,0.01,0.0,41.2,11.2,75.0,28.0,30.429,30.286,19.6,31.1,41.2,0.14299999999999713
3711,2022-01-20 00:00:00,23.2,48.0,2.5,30.4,1.4,2.5,336.0,0.01,0.01,0.0,48.0,2.9,79.0,12.0,30.561,30.245,6.9,9.2,48.0,0.31599999999999895
3712,2022-01-21 00:00:00,38.0,53.0,22.0,29.9,5.8,8.5,238.0,0.01,0.01,0.0,45.4,24.7,65.0,31.0,30.245,29.657,16.1,24.2,45.4,0.588000000000001
3713,2022-01-22 00:00:00,32.6,45.0,13.4,29.7,9.0,14.1,244.0,0.01,0.01,0.0,42.2,24.3,66.0,28.0,29.952,29.631,26.5,40.3,42.2,0.3210000000000015
3714,2022-01-23 00:00:00,28.8,43.0,8.8,30.0,6.9,10.4,247.0,0.01,0.01,0.0,39.5,17.5,53.0,32.0,30.095,29.952,18.4,31.1,39.5,0.14299999999999713
3715,2022-01-24 00:00:00,35.6,47.0,16.8,29.9,10.4,15.3,235.0,0.01,0.01,0.0,43.0,30.4,60.0,34.0,30.056,29.811,21.9,32.2,43.0,0.245000000000001
3716,2022-01-25 00:00:00,35.3,47.0,16.7,29.9,10.4,15.5,237.0,0.01,0.01,0.0,40.0,31.5,58.0,33.0,29.922,29.79,27.6,36.8,40.0,0.13200000000000145
3717,2022-01-26 00:00:00,36.8,54.0,21.6,29.8,5.7,8.4,234.0,0.01,0.01,0.0,38.4,34.4,58.0,48.0,29.857,29.791,16.1,19.6,38.4,0.06599999999999895
3718,2022-01-27 00:00:00,33.7,53.0,18.3,29.8,6.7,10.0,244.0,0.01,0.01,0.0,42.1,25.5,76.0,41.0,29.951,29.707,20.7,26.5,42.1,0.24399999999999977
3719,2022-01-28 00:00:00,28.2,43.0,8.2,30.0,8.5,12.5,231.0,0.01,0.01,0.0,38.6,21.2,56.0,30.0,30.021,29.938,21.9,29.9,38.6,0.08300000000000196
3720,2022-01-29 00:00:00,26.8,61.0,14.3,30.0,3.0,4.8,355.0,0.01,0.01,0.0,36.9,13.6,90.0,39.0,30.016,29.937,13.8,21.9,36.9,0.07899999999999707
3721,2022-01-30 00:00:00,25.1,47.0,7.1,30.0,8.3,12.7,249.0,0.01,0.01,0.0,33.5,12.9,91.0,34.0,30.232,29.864,20.7,31.1,33.5,0.36799999999999855
3722,2022-01-31 00:00:00,31.3,34.0,5.8,30.1,15.0,21.4,230.0,0.01,0.01,0.0,37.8,20.7,49.0,22.0,30.192,30.048,28.8,38.0,37.8,0.1440000000000019
3723,2022-02-01 00:00:00,41.2,33.0,12.9,30.1,15.2,21.6,222.0,0.0,0.01,0.0,49.1,34.4,51.0,17.0,30.144,29.92,29.9,40.3,49.1,0.22399999999999665
3724,2022-02-02 00:00:00,45.1,19.0,0.2,29.6,10.8,15.1,226.0,0.0,0.01,0.0,58.5,24.4,77.0,5.0,29.92,29.288,21.9,33.4,58.5,0.6320000000000014
3725,2022-02-03 00:00:00,13.6,85.0,9.8,29.6,3.7,5.6,25.0,0.0,0.01,0.0,24.4,5.1,91.0,77.0,30.0,29.321,11.5,15.0,24.3,0.6789999999999985
3726,2022-02-04 00:00:00,2.7,80.0,-2.0,30.2,2.3,3.6,26.0,0.0,0.01,0.0,10.1,-10.8,85.0,71.0,30.297,30.0,10.4,12.7,10.1,0.2970000000000006
3727,2022-02-05 00:00:00,11.4,48.0,-5.2,30.1,10.7,15.2,234.0,0.03,0.04,0.0,21.5,-11.6,86.0,37.0,30.253,29.873,19.6,33.4,21.5,0.379999999999999
3728,2022-02-06 00:00:00,23.4,57.0,9.5,29.7,9.1,14.2,253.0,0.03,0.04,0.0,29.0,15.2,89.0,39.0,29.872,29.604,33.4,36.8,29.0,0.2680000000000007
3729,2022-02-07 00:00:00,19.6,87.0,16.2,29.9,2.3,3.7,24.0,0.1,0.11,0.0,26.1,15.3,90.0,75.0,30.026,29.695,9.2,12.7,26.1,0.3309999999999995
3730,2022-02-08 00:00:00,33.9,59.0,20.1,29.7,8.8,12.9,236.0,0.15,0.16,0.0,43.4,18.4,90.0,36.0,29.991,29.561,28.8,40.3,43.4,0.4299999999999997
3731,2022-02-09 00:00:00,19.5,77.0,13.3,29.9,3.6,5.6,229.0,0.15,0.16,0.0,26.0,12.3,90.0,47.0,30.064,29.661,18.4,29.9,26.0,0.4029999999999987
3732,2022-02-10 00:00:00,21.4,60.0,7.9,30.1,6.2,9.3,276.0,0.21,0.22,0.0,30.9,13.1,88.0,25.0,30.259,29.981,21.9,34.5,30.9,0.2779999999999987
3733,2022-02-11 00:00:00,16.6,58.0,2.1,30.1,5.9,8.7,241.0,0.41,0.42,0.0,34.0,-7.9,87.0,24.0,30.331,29.944,20.7,28.8,34.0,0.38700000000000045
3734,2022-02-12 00:00:00,20.9,61.0,8.8,29.9,3.7,5.9,266.0,0.41,0.42,0.0,32.2,12.6,89.0,34.0,30.045,29.883,17.3,26.5,32.2,0.1620000000000026
3735,2022-02-13 00:00:00,20.7,59.0,7.3,30.1,8.0,12.1,256.0,0.41,0.42,0.0,30.8,6.7,88.0,36.0,30.107,29.994,23.0,33.4,30.8,0.11299999999999955
3736,2022-02-14 00:00:00,36.3,38.0,12.5,29.8,15.0,21.3,228.0,0.41,0.42,0.0,43.6,28.7,49.0,28.0,30.035,29.636,29.9,42.6,43.6,0.3990000000000009
3737,2022-02-15 00:00:00,33.7,41.0,12.0,29.8,11.7,17.7,234.0,0.41,0.42,0.0,40.6,30.5,51.0,26.0,29.806,29.715,25.3,39.1,40.6,0.09100000000000108
3738,2022-02-16 00:00:00,32.6,63.0,21.0,29.7,10.0,14.7,239.0,0.41,0.42,0.0,38.3,25.6,91.0,49.0,29.821,29.639,31.1,41.4,38.3,0.18200000000000216
3739,2022-02-17 00:00:00,24.0,61.0,12.0,29.9,6.2,9.3,242.0,0.41,0.42,0.0,28.1,16.6,92.0,45.0,30.114,29.695,19.6,28.8,28.1,0.4190000000000005
3740,2022-02-18 00:00:00,16.0,51.0,-0.2,30.3,3.8,5.9,251.0,0.41,0.42,0.0,29.0,2.9,74.0,24.0,30.336,30.083,16.1,26.5,29.0,0.2530000000000001
3741,2022-02-19 00:00:00,11.7,80.0,6.7,30.4,2.2,3.8,32.0,0.41,0.42,0.0,20.7,-0.0,86.0,68.0,30.661,30.289,10.4,13.8,20.7,0.3719999999999999
3742,2022-02-20 00:00:00,12.0,64.0,0.6,30.7,1.3,2.3,303.0,0.46,0.47,0.0,38.5,-12.2,84.0,18.0,30.848,30.616,10.4,13.8,38.5,0.23199999999999932
3743,2022-02-21 00:00:00,35.3,24.0,-0.7,30.3,9.1,12.8,234.0,0.46,0.47,0.0,46.7,7.1,70.0,7.0,30.638,30.048,19.6,26.5,46.7,0.5900000000000034
3744,2022-02-22 00:00:00,38.7,41.0,15.8,29.9,9.1,12.7,240.0,0.46,0.47,0.0,50.6,27.8,69.0,24.0,30.051,29.765,24.2,34.5,50.6,0.2859999999999978
3745,2022-02-23 00:00:00,29.4,72.0,21.2,29.8,2.1,3.5,272.0,0.48,0.49,0.0,36.6,19.5,90.0,40.0,29.9,29.786,26.5,32.2,36.6,0.11399999999999721
3746,2022-02-24 00:00:00,24.5,51.0,8.5,29.8,7.8,11.9,244.0,0.48,0.49,0.0,34.3,17.0,85.0,37.0,30.016,29.669,24.2,34.5,34.3,0.34699999999999775
3747,2022-02-25 00:00:00,16.6,42.0,-2.8,30.3,6.0,9.2,281.0,0.48,0.49,0.0,23.9,9.3,50.0,30.0,30.509,30.008,17.3,26.5,23.9,0.5010000000000012
3748,2022-02-26 00:00:00,23.6,39.0,2.0,30.3,13.5,19.3,229.0,0.48,0.49,0.0,33.4,9.6,56.0,23.0,30.502,30.156,26.5,36.8,33.4,0.3460000000000001
3749,2022-02-27 00:00:00,30.9,41.0,8.6,30.2,11.7,18.4,248.0,0.48,0.49,0.0,38.3,23.9,81.0,23.0,30.196,30.111,23.0,41.4,38.3,0.08500000000000085
3750,2022-02-28 00:00:00,37.7,30.0,8.3,30.1,11.0,15.9,224.0,0.48,0.49,0.0,47.0,29.5,38.0,21.0,30.194,29.97,24.2,42.6,47.0,0.2240000000000002
3752,2022-03-01 00:00:00,28.7,66.0,17.8,29.7,4.1,6.5,34.0,0.0,0.49,0.0,38.2,17.1,90.0,36.0,29.903,29.622,16.1,23.0,38.2,0.2809999999999988
3753,2022-03-02 00:00:00,26.4,52.0,8.1,29.8,12.5,18.2,238.0,0.04,0.53,0.0,37.9,9.8,93.0,17.0,29.886,29.706,29.9,44.9,37.9,0.17999999999999972
3754,2022-03-03 00:00:00,36.0,37.0,11.5,29.8,12.6,17.9,229.0,0.04,0.53,0.0,53.2,27.0,48.0,14.0,29.975,29.732,26.5,42.6,53.2,0.2430000000000021
3755,2022-03-04 00:00:00,38.8,24.0,2.3,29.9,12.0,17.9,238.0,0.04,0.53,0.0,50.5,22.0,50.0,8.0,29.987,29.797,29.9,49.5,50.5,0.18999999999999773
3756,2022-03-05 00:00:00,37.2,35.0,11.8,30.0,11.4,16.8,225.0,0.04,0.53,0.0,42.6,34.3,43.0,29.0,30.125,29.96,21.9,33.4,42.6,0.16499999999999915
3757,2022-03-06 00:00:00,32.3,53.0,16.9,30.1,1.5,2.4,252.0,0.04,0.53,0.0,42.6,26.6,68.0,30.0,30.118,30.014,11.5,18.4,42.6,0.1039999999999992
3758,2022-03-07 00:00:00,38.4,48.0,17.7,29.8,5.6,8.0,228.0,0.04,0.53,0.0,54.8,25.6,75.0,18.0,30.014,29.699,21.9,28.8,54.8,0.3149999999999977
3759,2022-03-08 00:00:00,43.9,49.0,23.6,29.6,9.6,14.4,238.0,0.08,0.57,0.0,55.7,25.6,92.0,23.0,29.717,29.542,27.6,44.9,55.7,0.17499999999999716
3760,2022-03-09 00:00:00,37.7,61.0,23.5,29.8,7.1,10.2,247.0,0.09,0.58,0.0,47.0,28.4,95.0,33.0,29.993,29.647,17.3,23.0,47.0,0.3460000000000001
3761,2022-03-10 00:00:00,38.2,58.0,24.3,29.9,10.6,15.4,234.0,0.09,0.58,0.0,43.3,31.5,89.0,40.0,30.006,29.885,26.5,41.4,43.3,0.12099999999999866
3762,2022-03-11 00:00:00,42.0,50.0,23.8,29.8,12.1,17.8,234.0,0.12,0.61,0.0,51.2,36.8,87.0,35.0,29.986,29.532,28.8,41.4,51.2,0.4540000000000006
3763,2022-03-12 00:00:00,36.3,63.0,24.0,29.7,9.9,15.2,238.0,0.12,0.61,0.0,48.5,24.0,91.0,32.0,29.887,29.499,34.5,49.5,48.5,0.3880000000000017
3764,2022-03-13 00:00:00,26.5,87.0,23.1,29.9,2.0,3.5,49.0,0.12,0.61,0.0,32.6,24.0,93.0,76.0,29.904,29.77,8.1,12.7,32.6,0.13400000000000034
3765,2022-03-14 00:00:00,36.6,71.0,27.0,30.1,5.4,8.2,352.0,0.25,0.74,0.0,49.6,26.5,93.0,31.0,30.109,29.809,16.1,24.2,49.6,0.3000000000000007
3766,2022-03-15 00:00:00,40.6,49.0,20.3,30.0,6.7,9.7,234.0,0.25,0.74,0.0,54.6,24.8,93.0,23.0,30.08,29.855,19.6,27.6,54.6,0.22499999999999787
3767,2022-03-16 00:00:00,40.6,50.0,20.1,29.9,6.1,8.9,228.0,0.25,0.74,0.0,53.9,29.2,94.0,14.0,29.937,29.822,17.3,26.5,53.9,0.11500000000000199
3768,2022-03-17 00:00:00,40.0,57.0,21.2,29.7,4.4,6.6,234.0,0.25,0.74,0.0,56.7,29.6,94.0,16.0,29.909,29.633,23.0,33.4,56.7,0.2759999999999998
3769,2022-03-18 00:00:00,38.8,51.0,19.9,29.6,2.6,4.4,90.0,0.31,0.8,0.0,52.6,24.8,94.0,21.0,29.688,29.506,17.3,27.6,52.6,0.1819999999999986
3770,2022-03-19 00:00:00,28.5,93.0,26.6,29.7,2.8,4.5,37.0,0.42,0.91,0.0,32.6,18.1,96.0,84.0,30.199,29.438,17.3,24.2,32.6,0.7610000000000028
3771,2022-03-20 00:00:00,19.9,87.0,16.5,30.3,1.9,3.1,21.0,0.65,1.14,0.0,29.7,12.2,94.0,76.0,30.333,30.199,9.2,11.5,29.7,0.1339999999999968
3772,2022-03-21 00:00:00,32.5,58.0,18.6,30.1,6.5,9.9,249.0,0.83,1.32,0.0,44.6,22.1,87.0,32.0,30.282,29.95,23.0,33.4,44.6,0.33200000000000074
3773,2022-03-22 00:00:00,30.7,63.0,18.0,30.0,5.2,7.8,243.0,0.83,1.32,0.0,41.6,18.5,93.0,32.0,30.034,29.894,19.6,31.1,41.6,0.14000000000000057
3774,2022-03-23 00:00:00,34.0,62.0,21.9,29.9,5.4,7.8,232.0,0.83,1.32,0.0,44.7,24.4,81.0,36.0,30.03,29.73,19.6,26.5,44.7,0.3000000000000007
3775,2022-03-24 00:00:00,39.9,48.0,21.1,29.7,10.4,14.7,233.0,0.83,1.32,0.0,47.4,32.0,71.0,30.0,29.812,29.658,24.2,35.7,47.4,0.15399999999999991
3776,2022-03-25 00:00:00,41.7,42.0,19.5,29.5,6.9,10.2,234.0,0.83,1.32,0.0,48.3,32.1,59.0,25.0,29.658,29.494,23.0,32.2,48.3,0.16400000000000148
3777,2022-03-26 00:00:00,39.9,48.0,16.8,29.5,8.8,12.7,234.0,0.83,1.32,0.0,52.8,27.0,83.0,14.0,29.541,29.393,26.5,38.0,52.8,0.1479999999999997
3778,2022-03-27 00:00:00,29.8,84.0,25.5,29.5,2.4,4.0,45.0,0.91,1.4,0.0,34.7,23.9,93.0,61.0,29.648,29.43,9.2,12.7,34.7,0.21799999999999997
3779,2022-03-28 00:00:00,27.6,49.0,10.4,29.9,10.8,16.1,239.0,0.92,1.41,0.0,37.3,20.8,91.0,30.0,30.01,29.645,23.0,33.4,37.3,0.365000000000002
3780,2022-03-29 00:00:00,33.7,43.0,12.8,30.0,7.6,11.0,229.0,0.93,1.42,0.0,43.8,26.1,69.0,27.0,30.042,29.906,19.6,28.8,43.8,0.13600000000000279
3781,2022-03-30 00:00:00,35.6,50.0,16.9,29.9,4.1,6.7,254.0,0.93,1.42,0.0,49.5,21.2,82.0,23.0,29.982,29.869,15.0,23.0,49.5,0.11299999999999955
3782,2022-03-31 00:00:00,43.7,40.0,20.5,29.8,9.8,14.1,224.0,0.93,1.42,0.0,53.2,31.9,55.0,28.0,29.95,29.6,24.2,38.0,53.2,0.34999999999999787
3783,2022-04-01 00:00:00,46.8,41.0,22.7,29.4,8.7,12.2,213.0,0.0,1.42,0.0,57.1,36.6,79.0,20.0,29.606,29.349,24.2,31.1,57.1,0.25700000000000145
3784,2022-04-02 00:00:00,23.0,88.0,20.0,29.7,3.7,6.2,49.0,0.0,1.42,0.0,36.8,13.7,94.0,78.0,30.091,29.37,13.8,18.4,36.8,0.7210000000000001
3785,2022-04-03 00:00:00,20.3,81.0,15.4,30.2,1.9,3.6,53.0,0.12,1.54,0.0,29.3,6.2,92.0,69.0,30.256,30.09,11.5,16.1,29.3,0.16600000000000037
3786,2022-04-04 00:00:00,34.5,61.0,20.2,29.9,4.8,7.0,227.0,0.14,1.56,0.0,49.4,15.6,92.0,27.0,30.094,29.745,20.7,28.8,49.4,0.3490000000000002
3787,2022-04-05 00:00:00,40.1,55.0,21.8,29.7,5.6,8.2,238.0,0.14,1.56,0.0,56.2,24.7,90.0,21.0,29.743,29.594,20.7,31.1,56.2,0.14899999999999736
3788,2022-04-06 00:00:00,46.7,31.0,13.7,29.6,10.0,14.1,225.0,0.14,1.56,0.0,58.7,27.2,73.0,13.0,29.685,29.585,25.3,34.5,58.7,0.09999999999999787
3789,2022-04-07 00:00:00,51.0,20.0,10.6,29.6,9.5,14.5,233.0,0.14,1.56,0.0,59.8,43.6,30.0,11.0,29.691,29.573,21.9,33.4,59.8,0.11799999999999855
3790,2022-04-08 00:00:00,46.5,33.0,16.5,29.8,5.5,8.7,258.0,0.14,1.56,0.0,60.9,30.4,62.0,14.0,29.888,29.678,20.7,29.9,60.9,0.21000000000000085
3791,2022-04-09 00:00:00,37.0,63.0,24.8,29.9,2.7,5.0,58.0,0.14,1.56,0.0,50.4,22.4,86.0,41.0,29.967,29.872,13.8,19.6,50.4,0.09499999999999886
3792,2022-04-10 00:00:00,45.1,48.0,23.5,29.7,9.1,13.0,235.0,0.14,1.56,0.0,60.7,26.2,92.0,15.0,29.931,29.564,26.5,34.5,60.7,0.3670000000000009
3793,2022-04-11 00:00:00,46.9,34.0,17.4,29.4,8.7,13.0,237.0,0.15,1.57,0.0,59.1,36.2,86.0,13.0,29.566,29.273,21.9,33.4,59.1,0.29299999999999926
3794,2022-04-12 00:00:00,17.4,86.0,13.9,29.7,2.2,3.6,38.0,0.18,1.6,0.0,37.5,12.5,93.0,80.0,30.151,29.316,8.1,11.5,37.5,0.8350000000000009
3795,2022-04-13 00:00:00,11.7,84.0,7.8,30.2,2.2,3.4,41.0,0.18,1.6,0.0,17.6,4.6,88.0,77.0,30.386,30.154,8.1,11.5,17.6,0.23199999999999932
3796,2022-04-14 00:00:00,18.4,59.0,4.8,30.3,6.7,10.5,242.0,0.3,1.72,0.0,34.2,-3.9,88.0,32.0,30.425,30.147,19.6,31.1,34.2,0.27800000000000225
3797,2022-04-15 00:00:00,30.1,65.0,19.1,29.9,6.0,9.0,205.0,0.45,1.87,0.0,42.0,25.1,92.0,39.0,30.151,29.812,17.3,25.3,42.0,0.33899999999999864
3798,2022-04-16 00:00:00,18.6,89.0,15.8,30.0,3.3,5.2,55.0,0.45,1.87,0.0,25.2,10.7,93.0,85.0,30.267,29.867,10.4,16.1,25.2,0.3999999999999986
3799,2022-04-17 00:00:00,25.7,55.0,9.4,30.2,6.7,9.8,229.0,0.8,2.22,0.0,42.4,-1.3,91.0,29.0,30.31,30.02,20.7,32.2,42.4,0.28999999999999915
3800,2022-04-18 00:00:00,35.4,68.0,25.2,29.8,3.9,5.7,248.0,0.88,2.3,0.0,44.6,23.9,94.0,42.0,30.016,29.699,16.1,21.9,44.6,0.3169999999999966
3801,2022-04-19 00:00:00,38.6,58.0,22.6,29.8,5.2,8.1,245.0,0.9,2.32,0.0,51.6,27.3,94.0,22.0,29.824,29.732,20.7,28.8,51.6,0.0920000000000023
3802,2022-04-20 00:00:00,42.3,46.0,21.6,29.8,4.7,7.3,249.0,0.9,2.32,0.0,55.2,27.4,77.0,22.0,29.887,29.78,17.3,24.2,55.2,0.10699999999999932
3803,2022-04-21 00:00:00,40.9,56.0,24.8,29.8,2.4,4.0,334.0,0.9,2.32,0.0,58.4,23.1,85.0,26.0,29.902,29.745,18.4,25.3,58.4,0.15700000000000003
3804,2022-04-22 00:00:00,42.7,50.0,23.9,29.8,3.8,5.9,287.0,0.92,2.34,0.0,56.4,28.3,77.0,26.0,29.808,29.73,16.1,21.9,56.4,0.0779999999999994
3805,2022-04-23 00:00:00,44.7,49.0,25.2,29.6,8.5,13.0,238.0,0.93,2.35,0.0,56.5,34.4,88.0,25.0,29.733,29.519,23.0,33.4,56.5,0.2140000000000022
3806,2022-04-24 00:00:00,40.4,56.0,24.3,29.9,5.0,7.7,253.0,0.95,2.37,0.0,50.7,29.7,91.0,28.0,29.985,29.686,17.3,27.6,50.7,0.2989999999999995
3807,2022-04-25 00:00:00,43.5,47.0,22.7,30.0,4.9,7.6,260.0,0.95,2.37,0.0,54.0,32.8,85.0,26.0,30.034,29.919,15.0,24.2,54.0,0.11499999999999844
3808,2022-04-26 00:00:00,48.2,47.0,27.8,29.8,8.0,11.6,235.0,0.98,2.4,0.0,60.4,41.4,85.0,27.0,29.918,29.732,21.9,31.1,60.4,0.18599999999999994
3809,2022-04-27 00:00:00,55.0,39.0,29.3,29.7,10.0,14.7,235.0,0.98,2.4,0.0,67.2,44.5,59.0,21.0,29.822,29.59,21.9,33.4,67.2,0.23199999999999932
3810,2022-04-28 00:00:00,52.3,33.0,22.5,29.7,8.7,14.1,255.0,0.98,2.4,0.0,61.2,36.1,72.0,18.0,29.969,29.566,24.2,36.8,61.2,0.40300000000000225
3811,2022-04-29 00:00:00,46.8,52.0,26.9,30.0,2.5,4.7,63.0,0.98,2.4,0.0,62.8,26.2,90.0,25.0,30.077,29.944,12.7,18.4,62.8,0.13300000000000267
3812,2022-04-30 00:00:00,57.1,37.0,27.4,29.7,5.4,8.2,245.0,0.98,2.4,0.0,74.6,32.9,79.0,15.0,29.945,29.539,20.7,32.2,75.8,0.4059999999999988
3813,2022-05-01 00:00:00,57.8,45.0,33.9,29.6,5.2,8.0,238.0,0.0,2.4,0.0,71.8,41.5,83.0,19.0,29.724,29.515,18.4,29.9,76.6,0.20899999999999963
3814,2022-05-02 00:00:00,47.1,83.0,42.0,29.7,3.1,5.0,16.0,0.3,2.7,0.0,57.3,39.9,95.0,60.0,29.881,29.666,15.0,19.6,57.3,0.21499999999999986
3815,2022-05-03 00:00:00,51.6,59.0,36.4,29.7,4.9,7.5,244.0,0.33,2.73,0.0,65.4,36.1,93.0,29.0,29.876,29.62,19.6,26.5,65.4,0.2560000000000002
3816,2022-05-04 00:00:00,45.1,58.0,28.9,29.8,7.6,11.8,248.0,0.37,2.77,0.0,52.2,38.5,94.0,28.0,30.024,29.604,25.3,36.8,52.2,0.4200000000000017
3817,2022-05-05 00:00:00,48.7,24.0,12.2,30.0,6.3,9.7,241.0,0.37,2.77,0.0,62.3,37.9,50.0,12.0,30.128,29.942,18.4,26.5,62.3,0.18599999999999994
3818,2022-05-06 00:00:00,43.6,55.0,27.0,30.0,2.0,3.6,22.0,0.37,2.77,0.0,59.4,24.5,85.0,34.0,30.138,29.867,11.5,18.4,59.4,0.2710000000000008
3819,2022-05-07 00:00:00,46.6,31.0,11.6,29.8,10.1,15.2,244.0,0.37,2.77,0.0,58.9,29.6,87.0,10.0,30.015,29.661,27.6,34.5,58.9,0.3539999999999992
3820,2022-05-08 00:00:00,39.1,66.0,27.9,30.0,2.7,4.9,84.0,0.37,2.77,0.0,51.4,29.4,90.0,40.0,30.092,29.91,10.4,15.0,51.3,0.1819999999999986
3821,2022-05-09 00:00:00,42.5,57.0,27.5,30.0,4.1,7.0,40.0,0.37,2.77,0.0,53.5,32.8,82.0,31.0,30.13,29.942,17.3,24.2,53.5,0.18799999999999883
3822,2022-05-10 00:00:00,41.9,56.0,26.8,30.0,3.1,5.6,68.0,0.37,2.77,0.0,52.6,30.6,73.0,40.0,30.108,30.001,12.7,17.3,52.6,0.10699999999999932
3823,2022-05-11 00:00:00,36.8,84.0,32.3,29.9,3.8,5.6,17.0,0.49,2.89,0.0,52.0,28.1,95.0,66.0,30.002,29.757,18.4,23.0,52.0,0.24499999999999744
3824,2022-05-12 00:00:00,51.9,54.0,31.6,29.6,6.8,9.7,228.0,0.5,2.9,0.0,66.4,34.3,97.0,20.0,29.85,29.436,21.9,33.4,66.4,0.4140000000000015
3825,2022-05-13 00:00:00,54.9,32.0,23.8,29.4,6.8,10.2,228.0,0.5,2.9,0.0,65.4,42.7,72.0,16.0,29.551,29.357,25.3,35.7,65.4,0.19399999999999906
3826,2022-05-14 00:00:00,48.9,68.0,38.2,29.6,3.8,6.1,262.0,0.52,2.92,0.0,60.6,38.7,89.0,34.0,29.706,29.533,18.4,31.1,60.6,0.17299999999999827
3827,2022-05-15 00:00:00,46.5,83.0,41.4,29.7,3.2,5.1,5.0,0.62,3.02,0.0,55.1,38.4,92.0,64.0,29.76,29.642,15.0,20.7,55.1,0.1180000000000021
3828,2022-05-16 00:00:00,48.7,60.0,32.4,29.8,3.3,5.7,290.0,0.66,3.06,0.0,65.4,37.0,96.0,16.0,29.908,29.745,16.1,21.9,65.4,0.16300000000000026
3829,2022-05-17 00:00:00,50.9,60.0,35.6,29.8,2.3,4.3,44.0,0.66,3.06,0.0,71.7,28.9,93.0,23.0,29.896,29.742,12.7,19.6,77.1,0.15399999999999991
3830,2022-05-18 00:00:00,57.9,50.0,32.5,29.7,4.1,6.6,225.0,0.66,3.06,0.0,77.6,36.5,95.0,11.0,29.796,29.582,21.9,32.2,77.0,0.21399999999999864
3831,2022-05-19 00:00:00,60.8,42.0,32.9,29.5,4.2,7.0,152.0,0.66,3.06,0.0,77.2,36.3,80.0,10.0,29.608,29.413,20.7,26.5,77.1,0.19500000000000028
3832,2022-05-20 00:00:00,61.1,32.0,26.9,29.3,7.8,12.1,222.0,0.66,3.06,0.0,76.1,46.5,67.0,8.0,29.483,29.193,26.5,35.7,77.4,0.28999999999999915
3833,2022-05-21 00:00:00,53.6,20.0,12.6,29.6,8.7,12.5,226.0,0.66,3.06,0.0,64.3,38.3,44.0,11.0,29.682,29.485,21.9,33.4,64.3,0.19699999999999918
3834,2022-05-22 00:00:00,52.5,38.0,23.3,29.6,3.1,5.4,234.0,0.66,3.06,0.0,67.9,30.6,77.0,9.0,29.714,29.468,13.8,20.7,67.9,0.24599999999999866
3835,2022-05-23 00:00:00,52.7,38.0,24.7,29.5,5.3,8.2,242.0,0.66,3.06,0.0,67.9,32.8,67.0,15.0,29.56,29.399,21.9,33.4,67.9,0.1609999999999978
3836,2022-05-24 00:00:00,40.7,79.0,34.3,29.7,2.3,3.8,268.0,0.9,3.3,0.0,50.4,35.7,94.0,44.0,29.927,29.549,15.0,20.7,50.4,0.3780000000000001
3837,2022-05-25 00:00:00,41.8,72.0,32.3,30.0,2.3,4.0,1.0,0.91,3.31,0.0,54.8,30.4,97.0,34.0,30.025,29.911,13.8,19.6,54.8,0.11399999999999721
3838,2022-05-26 00:00:00,51.7,52.0,31.4,29.9,5.2,8.1,246.0,0.91,3.31,0.0,71.6,27.0,93.0,24.0,29.963,29.779,15.0,21.9,76.1,0.18400000000000105
3839,2022-05-27 00:00:00,58.3,51.0,39.1,29.7,3.2,5.0,284.0,0.91,3.31,0.0,68.4,41.7,78.0,28.0,29.785,29.655,15.0,23.0,77.0,0.129999999999999
3840,2022-05-28 00:00:00,54.4,68.0,43.4,29.9,2.9,5.2,46.0,0.91,3.31,0.0,66.0,37.9,94.0,35.0,30.005,29.773,13.8,18.4,66.0,0.23199999999999932
3841,2022-05-29 00:00:00,63.1,53.0,42.7,29.8,2.7,4.8,184.0,0.91,3.31,0.0,79.3,40.8,93.0,21.0,29.99,29.745,15.0,23.0,78.6,0.24499999999999744
3842,2022-05-30 00:00:00,62.2,56.0,44.7,29.7,3.2,5.1,289.0,0.95,3.35,0.0,74.9,49.1,89.0,28.0,29.777,29.666,17.3,20.7,77.5,0.11100000000000065
3843,2022-05-31 00:00:00,62.8,53.0,42.9,29.7,5.1,7.7,230.0,1.0,3.4,0.0,78.4,45.7,94.0,23.0,29.761,29.664,17.3,29.9,78.0,0.09699999999999775
3844,2022-06-01 00:00:00,68.6,36.0,39.3,29.6,6.5,10.1,243.0,0.0,3.4,0.0,85.9,51.7,66.0,15.0,29.719,29.568,18.4,31.1,83.0,0.1509999999999998
3845,2022-06-02 00:00:00,62.6,44.0,38.2,29.7,2.6,4.5,45.0,0.0,3.4,0.0,78.3,47.4,71.0,16.0,29.836,29.646,12.7,18.4,77.7,0.18999999999999773
3846,2022-06-03 00:00:00,60.0,52.0,38.0,29.7,4.4,6.6,226.0,0.01,3.41,0.0,81.1,41.8,89.0,13.0,29.826,29.632,24.2,36.8,79.0,0.19399999999999906
3847,2022-06-04 00:00:00,60.4,45.0,36.4,29.7,5.9,8.7,228.0,0.01,3.41,0.0,76.9,40.8,79.0,21.0,29.743,29.6,23.0,33.4,77.1,0.14299999999999713
3848,2022-06-05 00:00:00,66.8,34.0,34.3,29.6,4.0,6.4,213.0,0.01,3.41,0.0,84.8,46.7,66.0,9.0,29.697,29.507,20.7,26.5,81.7,0.18999999999999773
3849,2022-06-06 00:00:00,62.6,43.0,38.2,29.4,5.1,8.0,230.0,0.06,3.46,0.0,70.4,54.7,79.0,20.0,29.506,29.184,26.5,32.2,77.5,0.3219999999999992
3850,2022-06-07 00:00:00,60.0,34.0,28.8,29.3,4.0,6.6,246.0,0.06,3.46,0.0,77.0,34.9,74.0,16.0,29.418,29.191,15.0,21.9,77.1,0.2270000000000003
3851,2022-06-08 00:00:00,51.5,55.0,34.7,29.4,3.9,6.6,87.0,0.12,3.52,0.0,61.8,36.9,88.0,23.0,29.608,29.3,16.1,31.1,61.8,0.30799999999999983
3852,2022-06-09 00:00:00,46.7,49.0,27.5,29.7,7.9,13.3,254.0,0.15,3.55,0.0,55.0,38.7,72.0,31.0,29.868,29.525,21.9,34.5,55.0,0.34299999999999997
3853,2022-06-10 00:00:00,51.9,40.0,27.6,30.0,6.7,10.5,239.0,0.15,3.55,0.0,64.4,44.8,52.0,24.0,30.017,29.859,18.4,33.4,64.4,0.1579999999999977
3854,2022-06-11 00:00:00,55.0,43.0,30.2,30.1,2.4,4.4,129.0,0.15,3.55,0.0,71.3,32.6,80.0,18.0,30.137,30.005,12.7,17.3,76.0,0.13200000000000145
3855,2022-06-12 00:00:00,61.5,39.0,31.7,30.0,2.9,5.0,75.0,0.15,3.55,0.0,80.7,36.0,80.0,12.0,30.137,29.826,13.8,20.7,79.0,0.31099999999999994
3856,2022-06-13 00:00:00,61.2,45.0,37.6,29.7,3.8,6.2,255.0,0.2,3.6,0.0,80.2,41.1,77.0,16.0,29.838,29.545,19.6,32.2,78.6,0.29299999999999926
3857,2022-06-14 00:00:00,65.7,26.0,25.6,29.5,8.0,11.7,226.0,0.2,3.6,0.0,78.7,49.3,55.0,9.0,29.592,29.446,28.8,40.3,77.3,0.14599999999999724
3858,2022-06-15 00:00:00,59.9,30.0,25.3,29.7,2.0,3.6,297.0,0.2,3.6,0.0,82.4,39.2,54.0,10.0,29.796,29.598,11.5,19.6,79.9,0.1980000000000004
3859,2022-06-16 00:00:00,65.3,28.0,27.2,29.5,6.2,9.6,245.0,0.2,3.6,0.0,81.5,40.8,63.0,14.0,29.688,29.397,19.6,28.8,79.3,0.29100000000000037
3860,2022-06-17 00:00:00,64.4,28.0,26.1,29.4,6.2,9.5,251.0,0.2,3.6,0.0,82.0,42.6,58.0,9.0,29.517,29.404,19.6,26.5,79.6,0.11299999999999955
3861,2022-06-18 00:00:00,53.2,56.0,36.6,29.7,3.7,6.5,72.0,0.27,3.67,0.0,62.3,44.4,91.0,35.0,29.873,29.518,12.7,19.6,62.3,0.3550000000000004
3862,2022-06-19 00:00:00,48.8,81.0,43.1,29.9,2.2,3.8,48.0,0.52,3.92,0.0,56.3,41.6,94.0,63.0,29.898,29.804,20.7,31.1,56.3,0.0940000000000012
3863,2022-06-20 00:00:00,56.3,49.0,31.2,29.8,3.8,6.3,252.0,0.53,3.93,0.0,77.6,32.2,96.0,13.0,29.941,29.752,18.4,24.2,76.7,0.18900000000000006
3864,2022-06-21 00:00:00,58.9,48.0,38.0,29.7,3.4,5.4,252.0,0.55,3.95,0.0,71.5,47.7,78.0,24.0,29.753,29.608,13.8,29.9,77.0,0.14499999999999957
3865,2022-06-22 00:00:00,57.1,62.0,43.2,29.8,2.5,4.3,16.0,0.55,3.95,0.0,70.2,39.8,93.0,38.0,29.913,29.734,13.8,18.4,77.5,0.1789999999999985
3866,2022-06-23 00:00:00,58.8,64.0,45.1,29.8,2.4,3.9,18.0,0.63,4.03,0.0,75.6,42.0,92.0,31.0,29.93,29.733,17.3,21.9,77.4,0.19699999999999918
3867,2022-06-24 00:00:00,59.7,63.0,44.1,29.7,2.8,4.5,313.0,0.73,4.13,0.0,81.4,40.7,96.0,22.0,29.787,29.641,15.0,23.0,79.9,0.1460000000000008
3868,2022-06-25 00:00:00,62.6,50.0,38.9,29.6,3.9,6.2,242.0,0.73,4.13,0.0,81.8,40.7,95.0,16.0,29.731,29.599,24.2,33.4,79.6,0.13200000000000145
3869,2022-06-26 00:00:00,57.8,66.0,46.0,29.7,3.0,4.8,13.0,0.74,4.14,0.0,72.5,44.0,87.0,42.0,29.809,29.66,17.3,27.6,77.4,0.1490000000000009
3870,2022-06-27 00:00:00,64.5,36.0,35.1,29.6,5.6,8.8,238.0,0.74,4.14,0.0,78.5,47.4,78.0,17.0,29.762,29.406,21.9,33.4,77.8,0.35600000000000165
3871,2022-06-28 00:00:00,66.1,34.0,36.1,29.3,5.5,8.8,234.0,0.74,4.14,0.0,76.3,49.6,58.0,23.0,29.406,29.222,19.6,33.4,77.4,0.1839999999999975
3872,2022-06-29 00:00:00,65.3,38.0,34.7,29.3,4.0,6.5,243.0,0.74,4.14,0.0,86.2,42.7,81.0,13.0,29.351,29.214,19.6,31.1,82.8,0.13700000000000045
3873,2022-06-30 00:00:00,58.6,34.0,28.3,29.4,10.6,16.0,237.0,0.74,4.14,0.0,66.3,49.7,56.0,16.0,29.678,29.254,27.6,39.1,66.3,0.4239999999999995
3874,2022-07-01 00:00:00,59.9,33.0,26.7,29.7,4.2,7.1,217.0,0.0,4.14,0.0,76.5,37.7,67.0,11.0,29.774,29.626,19.6,29.9,76.2,0.1479999999999997
3875,2022-07-02 00:00:00,64.2,34.0,29.5,29.7,3.9,6.3,233.0,0.0,4.14,0.0,83.4,38.9,73.0,10.0,29.79,29.661,16.1,26.5,80.7,0.12899999999999778
3876,2022-07-03 00:00:00,67.4,37.0,37.7,29.7,3.6,6.1,348.0,0.0,4.14,0.0,84.5,48.5,62.0,14.0,29.826,29.681,23.0,33.4,81.5,0.14499999999999957
3877,2022-07-04 00:00:00,62.2,55.0,44.0,29.7,3.9,6.1,306.0,0.03,4.17,0.0,85.6,49.6,81.0,19.0,29.8,29.662,25.3,39.1,82.5,0.13800000000000168
3878,2022-07-05 00:00:00,61.0,57.0,42.7,29.8,2.1,3.5,290.0,0.08,4.22,0.0,82.5,40.6,93.0,21.0,29.819,29.744,15.0,21.9,80.3,0.07499999999999929
3879,2022-07-06 00:00:00,65.1,45.0,38.5,29.7,2.7,4.6,206.0,0.08,4.22,0.0,84.9,42.9,88.0,12.0,29.771,29.658,16.1,23.0,81.8,0.11299999999999955
3880,2022-07-07 00:00:00,68.6,29.0,28.4,29.6,4.9,7.6,222.0,0.08,4.22,0.0,86.3,44.2,68.0,9.0,29.676,29.454,20.7,32.2,82.9,0.22199999999999775
3881,2022-07-08 00:00:00,65.5,19.0,17.3,29.5,4.4,7.0,246.0,0.08,4.22,0.0,84.7,39.1,44.0,7.0,29.629,29.502,18.4,28.8,81.7,0.12700000000000244
3882,2022-07-09 00:00:00,64.1,33.0,30.8,29.7,3.1,5.1,40.0,0.08,4.22,0.0,84.8,40.4,69.0,8.0,29.74,29.609,16.1,26.5,81.7,0.13099999999999667
3883,2022-07-10 00:00:00,68.7,32.0,24.3,29.8,3.6,6.0,253.0,0.08,4.22,0.0,90.7,43.1,84.0,5.0,29.821,29.713,20.7,27.6,86.6,0.10800000000000054
3884,2022-07-11 00:00:00,67.0,29.0,32.8,29.8,2.6,4.6,71.0,0.08,4.22,0.0,83.9,44.8,43.0,18.0,29.902,29.751,13.8,18.4,81.2,0.1509999999999998
3885,2022-07-12 00:00:00,68.3,34.0,35.6,29.7,5.1,8.1,237.0,0.08,4.22,0.0,84.0,46.0,69.0,11.0,29.778,29.572,19.6,33.4,81.1,0.20599999999999952
3886,2022-07-13 00:00:00,73.4,29.0,38.3,29.5,7.4,11.6,235.0,0.08,4.22,0.0,85.5,64.4,45.0,17.0,29.575,29.374,26.5,41.4,82.3,0.2022000000000005
3887,2022-07-14 00:00:00,62.4,56.0,45.2,29.5,3.2,5.2,2.0,0.1,4.24,0.0,78.2,53.5,88.0,27.0,29.7,29.434,17.3,26.5,78.3,0.26599999999999824
3888,2022-07-15 00:00:00,62.3,65.0,49.6,29.7,3.3,6.0,67.0,0.1,4.24,0.0,73.3,47.7,91.0,29.0,29.799,29.651,13.8,19.6,77.5,0.1479999999999997
3889,2022-07-16 00:00:00,65.7,63.0,52.8,29.7,2.3,4.6,93.0,0.1,4.24,0.0,65.7,65.7,63.0,63.0,29.746,29.746,2.3,4.6,65.7,0.0
3890,2022-07-17 00:00:00,65.7,63.0,52.8,29.7,2.3,4.6,79.0,0.1,4.24,0.0,65.7,65.7,63.0,63.0,29.746,29.746,2.3,4.6,65.7,0.0
3891,2022-07-18 00:00:00,76.3,24.0,35.5,29.6,7.3,11.4,236.0,0.1,4.24,0.0,87.2,61.2,63.0,10.0,29.746,29.537,19.6,31.1,83.6,0.20899999999999963
3892,2022-07-19 00:00:00,66.6,38.0,39.0,29.6,3.7,5.7,226.0,0.12,4.26,0.0,80.9,50.2,64.0,16.0,29.679,29.602,18.4,25.3,79.1,0.07699999999999818
3893,2022-07-20 00:00:00,70.1,35.0,37.4,29.6,4.9,8.0,293.0,0.12,4.26,0.0,85.4,54.4,74.0,9.0,29.65,29.505,17.3,27.6,82.3,0.14499999999999957
3894,2022-07-21 00:00:00,65.3,60.0,49.8,29.6,3.7,6.3,38.0,0.12,4.26,0.0,79.2,46.8,88.0,31.0,29.71,29.568,13.8,19.6,79.5,0.14199999999999946
3895,2022-07-22 00:00:00,65.4,52.0,42.7,29.6,4.2,6.7,230.0,0.12,4.26,0.0,85.9,46.9,93.0,14.0,29.707,29.583,16.1,25.3,82.6,0.12400000000000233
3896,2022-07-23 00:00:00,67.1,48.0,45.2,29.6,5.3,8.6,228.0,0.23,4.37,0.0,81.1,54.8,87.0,26.0,29.668,29.571,19.6,24.2,79.7,0.09699999999999775
3897,2022-07-24 00:00:00,64.1,62.0,49.8,29.6,3.6,5.8,240.0,0.24,4.38,0.0,74.9,55.3,86.0,35.0,29.686,29.577,15.0,25.3,77.4,0.10899999999999821
3898,2022-07-25 00:00:00,62.8,60.0,48.1,29.7,2.5,4.0,242.0,0.33,4.47,0.0,69.2,55.1,90.0,36.0,29.781,29.645,8.1,17.3,77.5,0.13599999999999923
3899,2022-07-26 00:00:00,60.6,68.0,48.9,29.8,1.7,2.9,357.0,0.33,4.47,0.0,71.9,50.5,90.0,40.0,29.93,29.745,11.5,15.0,77.5,0.18499999999999872
3900,2022-07-27 00:00:00,61.7,64.0,47.4,29.9,2.2,4.0,66.0,0.33,4.47,0.0,77.3,43.6,96.0,35.0,29.941,29.781,13.8,18.4,78.2,0.16000000000000014
3901,2022-07-28 00:00:00,60.5,61.0,45.3,29.7,4.0,6.2,248.0,0.35,4.49,0.0,75.6,46.0,94.0,35.0,29.792,29.675,17.3,26.5,77.6,0.11700000000000088;